"timestamp","interval_seconds","tree_cpu_percent","working_set_mb","private_mb","threads","handles","process_count","new_pids","spawn_count","machine_cpu_percent","tree_cpu_delta_seconds","tree_pids","per_process_json"
"2026-10-02T02:45:09.7067439Z","5.8855053","0.26548272754082813","749.90625","504.16015625","196","4318","11","","0","83.13386524822695","0.1875","9620;10464;30128;33396;33444;33764;35056;40444;41640;42376;48740","[{""pid"":35056,""name"":""node.exe"",""cpu_percent"":0.0,""ws_mb"":51.375,""private_mb"":19.52734375},{""pid"":10464,""name"":""cmd.exe"",""cpu_percent"":0.0,""ws_mb"":8.75390625,""private_mb"":7.62109375},{""pid"":9620,""name"":""conhost.exe"",""cpu_percent"":0.0,""ws_mb"":10.08984375,""private_mb"":1.7265625},{""pid"":33444,""name"":""powershell.exe"",""cpu_percent"":0.24335916691242576,""ws_mb"":101.9921875,""private_mb"":81.44140625},{""pid"":30128,""name"":""conhost.exe"",""cpu_percent"":0.0,""ws_mb"":7.69140625,""private_mb"":1.24609375},{""pid"":42376,""name"":""electron.exe"",""cpu_percent"":0.0,""ws_mb"":101.16796875,""private_mb"":38.98828125},{""pid"":33764,""name"":""electron.exe"",""cpu_percent"":0.02212356062840234,""ws_mb"":125.375,""private_mb"":88.45703125},{""pid"":41640,""name"":""electron.exe"",""cpu_percent"":0.0,""ws_mb"":204.76171875,""private_mb"":174.25},{""pid"":33396,""name"":""electron.exe"",""cpu_percent"":0.0,""ws_mb"":58.63671875,""private_mb"":14.0390625},{""pid"":48740,""name"":""cmd.exe"",""cpu_percent"":0.0,""ws_mb"":8.890625,""private_mb"":6.765625},{""pid"":40444,""name"":""node.exe"",""cpu_percent"":0.0,""ws_mb"":71.171875,""private_mb"":70.09765625}]"
"2026-10-02T02:45:14.7152167Z","5.0084728","0.18198328507111655","744.37109375","499.9453125","196","4320","11","","0","35.82554517133956","0.109375","9620;10464;30128;33396;33444;33764;35056;40444;41640;42376;48740","[{""pid"":35056,""name"":""node.exe"",""cpu_percent"":0.0,""ws_mb"":51.375,""private_mb"":19.52734375},{""pid"":10464,""name"":""cmd.exe"",""cpu_percent"":0.0,""ws_mb"":8.75390625,""private_mb"":7.62109375},{""pid"":9620,""name"":""conhost.exe"",""cpu_percent"":0.0,""ws_mb"":10.08984375,""private_mb"":1.7265625},{""pid"":33444,""name"":""powershell.exe"",""cpu_percent"":0.18198328507111655,""ws_mb"":97.8359375,""private_mb"":77.21484375},{""pid"":30128,""name"":""conhost.exe"",""cpu_percent"":0.0,""ws_mb"":7.69140625,""private_mb"":1.24609375},{""pid"":42376,""name"":""electron.exe"",""cpu_percent"":0.0,""ws_mb"":101.171875,""private_mb"":38.9921875},{""pid"":33764,""name"":""electron.exe"",""cpu_percent"":0.0,""ws_mb"":125.375,""private_mb"":88.45703125},{""pid"":41640,""name"":""electron.exe"",""cpu_percent"":0.0,""ws_mb"":203.37890625,""private_mb"":174.2578125},{""pid"":33396,""name"":""electron.exe"",""cpu_percent"":0.0,""ws_mb"":58.63671875,""private_mb"":14.0390625},{""pid"":48740,""name"":""cmd.exe"",""cpu_percent"":0.0,""ws_mb"":8.890625,""private_mb"":6.765625},{""pid"":40444,""name"":""node.exe"",""cpu_percent"":0.0,""ws_mb"":71.171875,""private_mb"":70.09765625}]"
"2026-10-02T02:45:19.6793578Z","4.9641411","0.18360846619233553","744.40234375","499.92578125","195","4319","11","","0","44.689800210304945","0.109375","9620;10464;30128;33396;33444;33764;35056;40444;41640;42376;48740","[{""pid"":35056,""name"":""node.exe"",""cpu_percent"":0.0,""ws_mb"":51.375,""private_mb"":19.52734375},{""pid"":10464,""name"":""cmd.exe"",""cpu_percent"":0.0,""ws_mb"":8.75390625,""private_mb"":7.62109375},{""pid"":9620,""name"":""conhost.exe"",""cpu_percent"":0.0,""ws_mb"":10.08984375,""private_mb"":1.7265625},{""pid"":33444,""name"":""powershell.exe"",""cpu_percent"":0.1311489044230968,""ws_mb"":97.84765625,""private_mb"":77.1875},{""pid"":30128,""name"":""conhost.exe"",""cpu_percent"":0.0,""ws_mb"":7.69140625,""private_mb"":1.24609375},{""pid"":42376,""name"":""electron.exe"",""cpu_percent"":0.0,""ws_mb"":101.171875,""private_mb"":38.9921875},{""pid"":33764,""name"":""electron.exe"",""cpu_percent"":0.05245956176923872,""ws_mb"":125.3984375,""private_mb"":88.46484375},{""pid"":41640,""name"":""electron.exe"",""cpu_percent"":0.0,""ws_mb"":203.375,""private_mb"":174.2578125},{""pid"":33396,""name"":""electron.exe"",""cpu_percent"":0.0,""ws_mb"":58.63671875,""private_mb"":14.0390625},{""pid"":48740,""name"":""cmd.exe"",""cpu_percent"":0.0,""ws_mb"":8.890625,""private_mb"":6.765625},{""pid"":40444,""name"":""node.exe"",""cpu_percent"":0.0,""ws_mb"":71.171875,""private_mb"":70.09765625}]"
"2026-10-02T02:45:24.7190440Z","5.0396862","0.43922212193820054","732.1875","478.98828125","193","4345","11","","0","48.76160990712074","0.265625","9620;10464;30128;33396;33444;33764;35056;40444;41640;42376;48740","[{""pid"":35056,""name"":""node.exe"",""cpu_percent"":0.0,""ws_mb"":51.33984375,""private_mb"":19.4609375},{""pid"":10464,""name"":""cmd.exe"",""cpu_percent"":0.0,""ws_mb"":8.7109375,""private_mb"":4.60546875},{""pid"":9620,""name"":""conhost.exe"",""cpu_percent"":0.0,""ws_mb"":10.08984375,""private_mb"":1.7265625},{""pid"":33444,""name"":""powershell.exe"",""cpu_percent"":0.31003914489755335,""ws_mb"":97.359375,""private_mb"":76.95703125},{""pid"":30128,""name"":""conhost.exe"",""cpu_percent"":0.0,""ws_mb"":7.67578125,""private_mb"":1.2109375},{""pid"":42376,""name"":""electron.exe"",""cpu_percent"":0.10334638163251778,""ws_mb"":100.94921875,""private_mb"":37.17578125},{""pid"":33764,""name"":""electron.exe"",""cpu_percent"":0.025836595408129444,""ws_mb"":113.94921875,""private_mb"":74.70703125},{""pid"":41640,""name"":""electron.exe"",""cpu_percent"":0.0,""ws_mb"":203.37890625,""private_mb"":174.2578125},{""pid"":33396,""name"":""electron.exe"",""cpu_percent"":0.0,""ws_mb"":58.6953125,""private_mb"":14.03515625},{""pid"":48740,""name"":""cmd.exe"",""cpu_percent"":0.0,""ws_mb"":8.86328125,""private_mb"":4.75390625},{""pid"":40444,""name"":""node.exe"",""cpu_percent"":0.0,""ws_mb"":71.17578125,""private_mb"":70.09765625}]"
"2026-10-02T02:45:29.6484182Z","4.9293742","0.21131823724534174","633.73828125","444.34375","167","3893","10","","0","43.35978835978836","0.125","9620;10464;30128;33396;33444;33764;35056;40444;41640;48740","[{""pid"":35056,""name"":""node.exe"",""cpu_percent"":0.0,""ws_mb"":51.33984375,""private_mb"":19.4609375},{""pid"":10464,""name"":""cmd.exe"",""cpu_percent"":0.0,""ws_mb"":8.7109375,""private_mb"":4.60546875},{""pid"":9620,""name"":""conhost.exe"",""cpu_percent"":0.0,""ws_mb"":10.08984375,""private_mb"":1.7265625},{""pid"":33444,""name"":""powershell.exe"",""cpu_percent"":0.1320738982783386,""ws_mb"":97.40234375,""private_mb"":76.95703125},{""pid"":30128,""name"":""conhost.exe"",""cpu_percent"":0.0,""ws_mb"":7.67578125,""private_mb"":1.2109375},{""pid"":33764,""name"":""electron.exe"",""cpu_percent"":0.052829559311335435,""ws_mb"":115.8984375,""private_mb"":76.9765625},{""pid"":41640,""name"":""electron.exe"",""cpu_percent"":0.026414779655667717,""ws_mb"":203.8359375,""private_mb"":174.51953125},{""pid"":33396,""name"":""electron.exe"",""cpu_percent"":0.0,""ws_mb"":58.74609375,""private_mb"":14.03515625},{""pid"":48740,""name"":""cmd.exe"",""cpu_percent"":0.0,""ws_mb"":8.86328125,""private_mb"":4.75390625},{""pid"":40444,""name"":""node.exe"",""cpu_percent"":0.0,""ws_mb"":71.17578125,""private_mb"":70.09765625}]"
"2026-10-02T02:45:34.7550558Z","5.1066376","0.25497860536125244","636.94140625","447.765625","167","3893","10","","0","65.41794087665647","0.15625","9620;10464;30128;33396;33444;33764;35056;40444;41640;48740","[{""pid"":35056,""name"":""node.exe"",""cpu_percent"":0.0,""ws_mb"":51.33984375,""private_mb"":19.4609375},{""pid"":10464,""name"":""cmd.exe"",""cpu_percent"":0.0,""ws_mb"":8.7109375,""private_mb"":4.60546875},{""pid"":9620,""name"":""conhost.exe"",""cpu_percent"":0.0,""ws_mb"":10.08984375,""private_mb"":1.7265625},{""pid"":33444,""name"":""powershell.exe"",""cpu_percent"":0.20398288428900194,""ws_mb"":97.66015625,""private_mb"":77.21484375},{""pid"":30128,""name"":""conhost.exe"",""cpu_percent"":0.0,""ws_mb"":7.67578125,""private_mb"":1.2109375},{""pid"":33764,""name"":""electron.exe"",""cpu_percent"":0.050995721072250484,""ws_mb"":118.84375,""private_mb"":80.73046875},{""pid"":41640,""name"":""electron.exe"",""cpu_percent"":0.0,""ws_mb"":203.8359375,""private_mb"":173.9296875},{""pid"":33396,""name"":""electron.exe"",""cpu_percent"":0.0,""ws_mb"":58.74609375,""private_mb"":14.03515625},{""pid"":48740,""name"":""cmd.exe"",""cpu_percent"":0.0,""ws_mb"":8.86328125,""private_mb"":4.75390625},{""pid"":40444,""name"":""node.exe"",""cpu_percent"":0.0,""ws_mb"":71.17578125,""private_mb"":70.09765625}]"
"2026-10-02T02:45:39.6598224Z","4.9047666","0.2389257421545808","637.61328125","448.328125","167","3888","10","","0","45.8864118895966","0.140625","9620;10464;30128;33396;33444;33764;35056;40444;41640;48740","[{""pid"":35056,""name"":""node.exe"",""cpu_percent"":0.0,""ws_mb"":51.33984375,""private_mb"":19.4609375},{""pid"":10464,""name"":""cmd.exe"",""cpu_percent"":0.0,""ws_mb"":8.7109375,""private_mb"":4.60546875},{""pid"":9620,""name"":""conhost.exe"",""cpu_percent"":0.0,""ws_mb"":10.08984375,""private_mb"":1.7265625},{""pid"":33444,""name"":""powershell.exe"",""cpu_percent"":0.2389257421545808,""ws_mb"":98.48046875,""private_mb"":78.0390625},{""pid"":30128,""name"":""conhost.exe"",""cpu_percent"":0.0,""ws_mb"":7.67578125,""private_mb"":1.2109375},{""pid"":33764,""name"":""electron.exe"",""cpu_percent"":0.0,""ws_mb"":118.6953125,""private_mb"":80.46875},{""pid"":41640,""name"":""electron.exe"",""cpu_percent"":0.0,""ws_mb"":203.8359375,""private_mb"":173.9296875},{""pid"":33396,""name"":""electron.exe"",""cpu_percent"":0.0,""ws_mb"":58.74609375,""private_mb"":14.03515625},{""pid"":48740,""name"":""cmd.exe"",""cpu_percent"":0.0,""ws_mb"":8.86328125,""private_mb"":4.75390625},{""pid"":40444,""name"":""node.exe"",""cpu_percent"":0.0,""ws_mb"":71.17578125,""private_mb"":70.09765625}]"
"2026-10-02T02:45:44.7333045Z","5.0734821","0.23098041481214648","637.51171875","448.328125","167","3896","10","","0","50.02564102564103","0.140625","9620;10464;30128;33396;33444;33764;35056;40444;41640;48740","[{""pid"":35056,""name"":""node.exe"",""cpu_percent"":0.0,""ws_mb"":51.33984375,""private_mb"":19.4609375},{""pid"":10464,""name"":""cmd.exe"",""cpu_percent"":0.0,""ws_mb"":8.7109375,""private_mb"":4.60546875},{""pid"":9620,""name"":""conhost.exe"",""cpu_percent"":0.0,""ws_mb"":10.08984375,""private_mb"":1.7265625},{""pid"":33444,""name"":""powershell.exe"",""cpu_percent"":0.23098041481214648,""ws_mb"":98.515625,""private_mb"":78.0390625},{""pid"":30128,""name"":""conhost.exe"",""cpu_percent"":0.0,""ws_mb"":7.67578125,""private_mb"":1.2109375},{""pid"":33764,""name"":""electron.exe"",""cpu_percent"":0.0,""ws_mb"":118.6953125,""private_mb"":80.46875},{""pid"":41640,""name"":""electron.exe"",""cpu_percent"":0.0,""ws_mb"":203.69921875,""private_mb"":173.9296875},{""pid"":33396,""name"":""electron.exe"",""cpu_percent"":0.0,""ws_mb"":58.74609375,""private_mb"":14.03515625},{""pid"":48740,""name"":""cmd.exe"",""cpu_percent"":0.0,""ws_mb"":8.86328125,""private_mb"":4.75390625},{""pid"":40444,""name"":""node.exe"",""cpu_percent"":0.0,""ws_mb"":71.17578125,""private_mb"":70.09765625}]"
"2026-10-02T02:45:49.7565389Z","5.0232344","0.3369757806510748","642.515625","454.13671875","167","3892","10","","0","71.65109034267913","0.203125","9620;10464;30128;33396;33444;33764;35056;40444;41640;48740","[{""pid"":35056,""name"":""node.exe"",""cpu_percent"":0.0,""ws_mb"":51.33984375,""private_mb"":19.4609375},{""pid"":10464,""name"":""cmd.exe"",""cpu_percent"":0.0,""ws_mb"":8.7109375,""private_mb"":4.60546875},{""pid"":9620,""name"":""conhost.exe"",""cpu_percent"":0.0,""ws_mb"":10.08984375,""private_mb"":1.7265625},{""pid"":33444,""name"":""powershell.exe"",""cpu_percent"":0.28513335285860175,""ws_mb"":101.796875,""private_mb"":81.30078125},{""pid"":30128,""name"":""conhost.exe"",""cpu_percent"":0.0,""ws_mb"":7.67578125,""private_mb"":1.2109375},{""pid"":33764,""name"":""electron.exe"",""cpu_percent"":0.05184242779247305,""ws_mb"":120.41796875,""private_mb"":83.015625},{""pid"":41640,""name"":""electron.exe"",""cpu_percent"":0.0,""ws_mb"":203.69921875,""private_mb"":173.9296875},{""pid"":33396,""name"":""electron.exe"",""cpu_percent"":0.0,""ws_mb"":58.74609375,""private_mb"":14.03515625},{""pid"":48740,""name"":""cmd.exe"",""cpu_percent"":0.0,""ws_mb"":8.86328125,""private_mb"":4.75390625},{""pid"":40444,""name"":""node.exe"",""cpu_percent"":0.0,""ws_mb"":71.17578125,""private_mb"":70.09765625}]"
"2026-10-02T02:45:54.6452766Z","4.8887377","0.26634346394434977","639.46875","450.3203125","154","3871","10","","0","57.48136315228967","0.15625","9620;10464;30128;33396;33444;33764;35056;40444;41640;48740","[{""pid"":35056,""name"":""node.exe"",""cpu_percent"":0.0,""ws_mb"":51.32421875,""private_mb"":19.4296875},{""pid"":10464,""name"":""cmd.exe"",""cpu_percent"":0.0,""ws_mb"":8.7109375,""private_mb"":4.60546875},{""pid"":9620,""name"":""conhost.exe"",""cpu_percent"":0.0,""ws_mb"":10.0703125,""private_mb"":1.69140625},{""pid"":33444,""name"":""powershell.exe"",""cpu_percent"":0.23970911754991478,""ws_mb"":102.921875,""private_mb"":82.34375},{""pid"":30128,""name"":""conhost.exe"",""cpu_percent"":0.0,""ws_mb"":7.67578125,""private_mb"":1.2109375},{""pid"":33764,""name"":""electron.exe"",""cpu_percent"":0.0,""ws_mb"":118.66796875,""private_mb"":81.28125},{""pid"":41640,""name"":""electron.exe"",""cpu_percent"":0.026634346394434974,""ws_mb"":201.8203125,""private_mb"":171.62109375},{""pid"":33396,""name"":""electron.exe"",""cpu_percent"":0.0,""ws_mb"":58.28515625,""private_mb"":13.3828125},{""pid"":48740,""name"":""cmd.exe"",""cpu_percent"":0.0,""ws_mb"":8.86328125,""private_mb"":4.75390625},{""pid"":40444,""name"":""node.exe"",""cpu_percent"":0.0,""ws_mb"":71.12890625,""private_mb"":70}]"
"2026-10-02T02:45:59.6817564Z","5.0364798","0.2068243511403871","639.765625","450.62109375","153","3873","10","","0","40.39855072463768","0.125","9620;10464;30128;33396;33444;33764;35056;40444;41640;48740","[{""pid"":35056,""name"":""node.exe"",""cpu_percent"":0.0,""ws_mb"":51.32421875,""private_mb"":19.4296875},{""pid"":10464,""name"":""cmd.exe"",""cpu_percent"":0.0,""ws_mb"":8.7109375,""private_mb"":4.60546875},{""pid"":9620,""name"":""conhost.exe"",""cpu_percent"":0.0,""ws_mb"":10.0703125,""private_mb"":1.69140625},{""pid"":33444,""name"":""powershell.exe"",""cpu_percent"":0.2068243511403871,""ws_mb"":103.265625,""private_mb"":82.69140625},{""pid"":30128,""name"":""conhost.exe"",""cpu_percent"":0.0,""ws_mb"":7.67578125,""private_mb"":1.2109375},{""pid"":33764,""name"":""electron.exe"",""cpu_percent"":0.0,""ws_mb"":118.625,""private_mb"":81.23828125},{""pid"":41640,""name"":""electron.exe"",""cpu_percent"":0.0,""ws_mb"":201.8203125,""private_mb"":171.62109375},{""pid"":33396,""name"":""electron.exe"",""cpu_percent"":0.0,""ws_mb"":58.28125,""private_mb"":13.37890625},{""pid"":48740,""name"":""cmd.exe"",""cpu_percent"":0.0,""ws_mb"":8.86328125,""private_mb"":4.75390625},{""pid"":40444,""name"":""node.exe"",""cpu_percent"":0.0,""ws_mb"":71.12890625,""private_mb"":70}]"
"2026-10-02T02:46:04.7475009Z","5.0657445","0.15422214839299536","640.1328125","450.96484375","154","3874","10","","0","44.44729417799436","0.09375","9620;10464;30128;33396;33444;33764;35056;40444;41640;48740","[{""pid"":35056,""name"":""node.exe"",""cpu_percent"":0.0,""ws_mb"":51.32421875,""private_mb"":19.4296875},{""pid"":10464,""name"":""cmd.exe"",""cpu_percent"":0.0,""ws_mb"":8.7109375,""private_mb"":4.60546875},{""pid"":9620,""name"":""conhost.exe"",""cpu_percent"":0.0,""ws_mb"":10.0703125,""private_mb"":1.69140625},{""pid"":33444,""name"":""powershell.exe"",""cpu_percent"":0.15422214839299536,""ws_mb"":103.609375,""private_mb"":83.03125},{""pid"":30128,""name"":""conhost.exe"",""cpu_percent"":0.0,""ws_mb"":7.67578125,""private_mb"":1.2109375},{""pid"":33764,""name"":""electron.exe"",""cpu_percent"":0.0,""ws_mb"":118.62890625,""private_mb"":81.2421875},{""pid"":41640,""name"":""electron.exe"",""cpu_percent"":0.0,""ws_mb"":201.8203125,""private_mb"":171.62109375},{""pid"":33396,""name"":""electron.exe"",""cpu_percent"":0.0,""ws_mb"":58.30078125,""private_mb"":13.37890625},{""pid"":48740,""name"":""cmd.exe"",""cpu_percent"":0.0,""ws_mb"":8.86328125,""private_mb"":4.75390625},{""pid"":40444,""name"":""node.exe"",""cpu_percent"":0.0,""ws_mb"":71.12890625,""private_mb"":70}]"
"2026-10-02T02:46:09.8781380Z","5.1306371","0.30454307516701973","642.06640625","453.16015625","154","3891","10","","0","71.67894335788671","0.1875","9620;10464;30128;33396;33444;33764;35056;40444;41640;48740","[{""pid"":35056,""name"":""node.exe"",""cpu_percent"":0.0,""ws_mb"":51.32421875,""private_mb"":19.4296875},{""pid"":10464,""name"":""cmd.exe"",""cpu_percent"":0.0,""ws_mb"":8.7109375,""private_mb"":4.60546875},{""pid"":9620,""name"":""conhost.exe"",""cpu_percent"":0.0,""ws_mb"":10.0703125,""private_mb"":1.69140625},{""pid"":33444,""name"":""powershell.exe"",""cpu_percent"":0.2791644855697681,""ws_mb"":103.90625,""private_mb"":83.30078125},{""pid"":30128,""name"":""conhost.exe"",""cpu_percent"":0.0,""ws_mb"":7.67578125,""private_mb"":1.2109375},{""pid"":33764,""name"":""electron.exe"",""cpu_percent"":0.02537858959725164,""ws_mb"":120.265625,""private_mb"":83.16796875},{""pid"":41640,""name"":""electron.exe"",""cpu_percent"":0.0,""ws_mb"":201.8203125,""private_mb"":171.62109375},{""pid"":33396,""name"":""electron.exe"",""cpu_percent"":0.0,""ws_mb"":58.30078125,""private_mb"":13.37890625},{""pid"":48740,""name"":""cmd.exe"",""cpu_percent"":0.0,""ws_mb"":8.86328125,""private_mb"":4.75390625},{""pid"":40444,""name"":""node.exe"",""cpu_percent"":0.0,""ws_mb"":71.12890625,""private_mb"":70}]"
"2026-10-02T02:46:14.7919931Z","4.9138551","0.2914802405684829","653.51953125","464.9453125","154","3885","10","","0","78.49006622516556","0.171875","9620;10464;30128;33396;33444;33764;35056;40444;41640;48740","[{""pid"":35056,""name"":""node.exe"",""cpu_percent"":0.0,""ws_mb"":51.32421875,""private_mb"":19.4296875},{""pid"":10464,""name"":""cmd.exe"",""cpu_percent"":0.0,""ws_mb"":8.7109375,""private_mb"":4.60546875},{""pid"":9620,""name"":""conhost.exe"",""cpu_percent"":0.0,""ws_mb"":10.0703125,""private_mb"":1.69140625},{""pid"":33444,""name"":""powershell.exe"",""cpu_percent"":0.2914802405684829,""ws_mb"":113.3125,""private_mb"":92.74609375},{""pid"":30128,""name"":""conhost.exe"",""cpu_percent"":0.0,""ws_mb"":7.67578125,""private_mb"":1.2109375},{""pid"":33764,""name"":""electron.exe"",""cpu_percent"":0.0,""ws_mb"":122.3125,""private_mb"":85.5078125},{""pid"":41640,""name"":""electron.exe"",""cpu_percent"":0.0,""ws_mb"":201.8203125,""private_mb"":171.62109375},{""pid"":33396,""name"":""electron.exe"",""cpu_percent"":0.0,""ws_mb"":58.30078125,""private_mb"":13.37890625},{""pid"":48740,""name"":""cmd.exe"",""cpu_percent"":0.0,""ws_mb"":8.86328125,""private_mb"":4.75390625},{""pid"":40444,""name"":""node.exe"",""cpu_percent"":0.0,""ws_mb"":71.12890625,""private_mb"":70}]"
"2026-10-02T02:46:19.7334334Z","4.9414403","0.289853075158404","639.05078125","450.9921875","154","3879","10","","0","59.94729907773386","0.171875","9620;10464;30128;33396;33444;33764;35056;40444;41640;48740","[{""pid"":35056,""name"":""node.exe"",""cpu_percent"":0.0,""ws_mb"":51.32421875,""private_mb"":19.4296875},{""pid"":10464,""name"":""cmd.exe"",""cpu_percent"":0.0,""ws_mb"":8.7109375,""private_mb"":4.60546875},{""pid"":9620,""name"":""conhost.exe"",""cpu_percent"":0.0,""ws_mb"":10.0703125,""private_mb"":1.69140625},{""pid"":33444,""name"":""powershell.exe"",""cpu_percent"":0.1844519569189844,""ws_mb"":100.5546875,""private_mb"":79.9140625},{""pid"":30128,""name"":""conhost.exe"",""cpu_percent"":0.0,""ws_mb"":7.67578125,""private_mb"":1.2109375},{""pid"":33764,""name"":""electron.exe"",""cpu_percent"":0.10540111823941965,""ws_mb"":120.6015625,""private_mb"":84.38671875},{""pid"":41640,""name"":""electron.exe"",""cpu_percent"":0.0,""ws_mb"":201.8203125,""private_mb"":171.62109375},{""pid"":33396,""name"":""electron.exe"",""cpu_percent"":0.0,""ws_mb"":58.30078125,""private_mb"":13.37890625},{""pid"":48740,""name"":""cmd.exe"",""cpu_percent"":0.0,""ws_mb"":8.86328125,""private_mb"":4.75390625},{""pid"":40444,""name"":""node.exe"",""cpu_percent"":0.0,""ws_mb"":71.12890625,""private_mb"":70}]"
"2026-10-02T02:46:24.7992825Z","5.0658491","0.359844249341471","638.953125","451.4921875","154","3872","10","","0","75.75835475578405","0.21875","9620;10464;30128;33396;33444;33764;35056;40444;41640;48740","[{""pid"":35056,""name"":""node.exe"",""cpu_percent"":0.0,""ws_mb"":51.32421875,""private_mb"":19.4296875},{""pid"":10464,""name"":""cmd.exe"",""cpu_percent"":0.0,""ws_mb"":8.7109375,""private_mb"":4.60546875},{""pid"":9620,""name"":""conhost.exe"",""cpu_percent"":0.0,""ws_mb"":10.08203125,""private_mb"":1.69140625},{""pid"":33444,""name"":""powershell.exe"",""cpu_percent"":0.30843792800697517,""ws_mb"":98.75,""private_mb"":78.3359375},{""pid"":30128,""name"":""conhost.exe"",""cpu_percent"":0.0,""ws_mb"":7.67578125,""private_mb"":1.2109375},{""pid"":33764,""name"":""electron.exe"",""cpu_percent"":0.02570316066724793,""ws_mb"":122.29296875,""private_mb"":86.46875},{""pid"":41640,""name"":""electron.exe"",""cpu_percent"":0.02570316066724793,""ws_mb"":201.82421875,""private_mb"":171.6171875},{""pid"":33396,""name"":""electron.exe"",""cpu_percent"":0.0,""ws_mb"":58.30078125,""private_mb"":13.37890625},{""pid"":48740,""name"":""cmd.exe"",""cpu_percent"":0.0,""ws_mb"":8.86328125,""private_mb"":4.75390625},{""pid"":40444,""name"":""node.exe"",""cpu_percent"":0.0,""ws_mb"":71.12890625,""private_mb"":70}]"
"2026-10-02T02:46:29.6330247Z","4.8337422","0.26937376456140616","638.90625","451.44140625","154","3872","10","","0","58.629989212513486","0.15625","9620;10464;30128;33396;33444;33764;35056;40444;41640;48740","[{""pid"":35056,""name"":""node.exe"",""cpu_percent"":0.0,""ws_mb"":51.32421875,""private_mb"":19.4296875},{""pid"":10464,""name"":""cmd.exe"",""cpu_percent"":0.0,""ws_mb"":8.7109375,""private_mb"":4.60546875},{""pid"":9620,""name"":""conhost.exe"",""cpu_percent"":0.0,""ws_mb"":10.08203125,""private_mb"":1.69140625},{""pid"":33444,""name"":""powershell.exe"",""cpu_percent"":0.26937376456140616,""ws_mb"":98.75390625,""private_mb"":78.33984375},{""pid"":30128,""name"":""conhost.exe"",""cpu_percent"":0.0,""ws_mb"":7.67578125,""private_mb"":1.2109375},{""pid"":33764,""name"":""electron.exe"",""cpu_percent"":0.0,""ws_mb"":122.2421875,""private_mb"":86.4140625},{""pid"":41640,""name"":""electron.exe"",""cpu_percent"":0.0,""ws_mb"":201.82421875,""private_mb"":171.6171875},{""pid"":33396,""name"":""electron.exe"",""cpu_percent"":0.0,""ws_mb"":58.30078125,""private_mb"":13.37890625},{""pid"":48740,""name"":""cmd.exe"",""cpu_percent"":0.0,""ws_mb"":8.86328125,""private_mb"":4.75390625},{""pid"":40444,""name"":""node.exe"",""cpu_percent"":0.0,""ws_mb"":71.12890625,""private_mb"":70}]"
"2026-10-02T02:46:34.7912928Z","5.1582681","0.22718381000785906","639.48046875","452.12109375","154","3883","10","","0","65.53030303030303","0.140625","9620;10464;30128;33396;33444;33764;35056;40444;41640;48740","[{""pid"":35056,""name"":""node.exe"",""cpu_percent"":0.0,""ws_mb"":51.32421875,""private_mb"":19.4296875},{""pid"":10464,""name"":""cmd.exe"",""cpu_percent"":0.0,""ws_mb"":8.7109375,""private_mb"":4.60546875},{""pid"":9620,""name"":""conhost.exe"",""cpu_percent"":0.0,""ws_mb"":10.08203125,""private_mb"":1.69140625},{""pid"":33444,""name"":""powershell.exe"",""cpu_percent"":0.22718381000785906,""ws_mb"":99.19140625,""private_mb"":78.77734375},{""pid"":30128,""name"":""conhost.exe"",""cpu_percent"":0.0,""ws_mb"":7.67578125,""private_mb"":1.2109375},{""pid"":33764,""name"":""electron.exe"",""cpu_percent"":0.0,""ws_mb"":122.37890625,""private_mb"":86.65625},{""pid"":41640,""name"":""electron.exe"",""cpu_percent"":0.0,""ws_mb"":201.82421875,""private_mb"":171.6171875},{""pid"":33396,""name"":""electron.exe"",""cpu_percent"":0.0,""ws_mb"":58.30078125,""private_mb"":13.37890625},{""pid"":48740,""name"":""cmd.exe"",""cpu_percent"":0.0,""ws_mb"":8.86328125,""private_mb"":4.75390625},{""pid"":40444,""name"":""node.exe"",""cpu_percent"":0.0,""ws_mb"":71.12890625,""private_mb"":70}]"
"2026-10-02T02:46:39.7308491Z","4.9395563","0.15816197904253063","639.671875","452.40625","154","3872","10","","0","58.22818086225026","0.09375","9620;10464;30128;33396;33444;33764;35056;40444;41640;48740","[{""pid"":35056,""name"":""node.exe"",""cpu_percent"":0.0,""ws_mb"":51.32421875,""private_mb"":19.4296875},{""pid"":10464,""name"":""cmd.exe"",""cpu_percent"":0.0,""ws_mb"":8.7109375,""private_mb"":4.60546875},{""pid"":9620,""name"":""conhost.exe"",""cpu_percent"":0.0,""ws_mb"":10.08203125,""private_mb"":1.69140625},{""pid"":33444,""name"":""powershell.exe"",""cpu_percent"":0.13180164920210885,""ws_mb"":99.72265625,""private_mb"":79.33984375},{""pid"":30128,""name"":""conhost.exe"",""cpu_percent"":0.0,""ws_mb"":7.67578125,""private_mb"":1.2109375},{""pid"":33764,""name"":""electron.exe"",""cpu_percent"":0.02636032984042177,""ws_mb"":122.0390625,""private_mb"":86.375},{""pid"":41640,""name"":""electron.exe"",""cpu_percent"":0.0,""ws_mb"":201.82421875,""private_mb"":171.62109375},{""pid"":33396,""name"":""electron.exe"",""cpu_percent"":0.0,""ws_mb"":58.30078125,""private_mb"":13.37890625},{""pid"":48740,""name"":""cmd.exe"",""cpu_percent"":0.0,""ws_mb"":8.86328125,""private_mb"":4.75390625},{""pid"":40444,""name"":""node.exe"",""cpu_percent"":0.0,""ws_mb"":71.12890625,""private_mb"":70}]"
"2026-10-02T02:46:44.6635022Z","4.9326531","0.15838332519268383","637.0234375","450.7734375","154","3876","10","","0","46.82539682539682","0.09375","9620;10464;30128;33396;33444;33764;35056;40444;41640;48740","[{""pid"":35056,""name"":""node.exe"",""cpu_percent"":0.0,""ws_mb"":51.32421875,""private_mb"":19.4296875},{""pid"":10464,""name"":""cmd.exe"",""cpu_percent"":0.0,""ws_mb"":8.7109375,""private_mb"":4.60546875},{""pid"":9620,""name"":""conhost.exe"",""cpu_percent"":0.0,""ws_mb"":10.08203125,""private_mb"":1.69140625},{""pid"":33444,""name"":""powershell.exe"",""cpu_percent"":0.15838332519268383,""ws_mb"":99.828125,""private_mb"":79.40234375},{""pid"":30128,""name"":""conhost.exe"",""cpu_percent"":0.0,""ws_mb"":7.67578125,""private_mb"":1.2109375},{""pid"":33764,""name"":""electron.exe"",""cpu_percent"":0.0,""ws_mb"":120.296875,""private_mb"":84.6796875},{""pid"":41640,""name"":""electron.exe"",""cpu_percent"":0.0,""ws_mb"":200.8125,""private_mb"":171.62109375},{""pid"":33396,""name"":""electron.exe"",""cpu_percent"":0.0,""ws_mb"":58.30078125,""private_mb"":13.37890625},{""pid"":48740,""name"":""cmd.exe"",""cpu_percent"":0.0,""ws_mb"":8.86328125,""private_mb"":4.75390625},{""pid"":40444,""name"":""node.exe"",""cpu_percent"":0.0,""ws_mb"":71.12890625,""private_mb"":70}]"
"2026-10-02T02:46:49.7009591Z","5.0374569","0.31017635108699393","638.23828125","452.3046875","154","3884","10","","0","58.79772961816305","0.1875","9620;10464;30128;33396;33444;33764;35056;40444;41640;48740","[{""pid"":35056,""name"":""node.exe"",""cpu_percent"":0.0,""ws_mb"":51.32421875,""private_mb"":19.4296875},{""pid"":10464,""name"":""cmd.exe"",""cpu_percent"":0.0,""ws_mb"":8.7109375,""private_mb"":4.60546875},{""pid"":9620,""name"":""conhost.exe"",""cpu_percent"":0.0,""ws_mb"":10.08203125,""private_mb"":1.69140625},{""pid"":33444,""name"":""powershell.exe"",""cpu_percent"":0.28432832182974443,""ws_mb"":101.37890625,""private_mb"":80.96875},{""pid"":30128,""name"":""conhost.exe"",""cpu_percent"":0.0,""ws_mb"":7.67578125,""private_mb"":1.2109375},{""pid"":33764,""name"":""electron.exe"",""cpu_percent"":0.025848029257249494,""ws_mb"":120.2578125,""private_mb"":84.64453125},{""pid"":41640,""name"":""electron.exe"",""cpu_percent"":0.0,""ws_mb"":200.515625,""private_mb"":171.62109375},{""pid"":33396,""name"":""electron.exe"",""cpu_percent"":0.0,""ws_mb"":58.30078125,""private_mb"":13.37890625},{""pid"":48740,""name"":""cmd.exe"",""cpu_percent"":0.0,""ws_mb"":8.86328125,""private_mb"":4.75390625},{""pid"":40444,""name"":""node.exe"",""cpu_percent"":0.0,""ws_mb"":71.12890625,""private_mb"":70}]"
"2026-10-02T02:46:54.6656661Z","4.964707","0.2622679109428479","638.8125","452.75390625","154","3879","10","","0","59.516298633017875","0.15625","9620;10464;30128;33396;33444;33764;35056;40444;41640;48740","[{""pid"":35056,""name"":""node.exe"",""cpu_percent"":0.0,""ws_mb"":51.32421875,""private_mb"":19.4296875},{""pid"":10464,""name"":""cmd.exe"",""cpu_percent"":0.0,""ws_mb"":8.7109375,""private_mb"":4.60546875},{""pid"":9620,""name"":""conhost.exe"",""cpu_percent"":0.0,""ws_mb"":10.08203125,""private_mb"":1.69140625},{""pid"":33444,""name"":""powershell.exe"",""cpu_percent"":0.2622679109428479,""ws_mb"":101.83203125,""private_mb"":81.40625},{""pid"":30128,""name"":""conhost.exe"",""cpu_percent"":0.0,""ws_mb"":7.67578125,""private_mb"":1.2109375},{""pid"":33764,""name"":""electron.exe"",""cpu_percent"":0.0,""ws_mb"":120.28125,""private_mb"":84.65625},{""pid"":41640,""name"":""electron.exe"",""cpu_percent"":0.0,""ws_mb"":200.61328125,""private_mb"":171.62109375},{""pid"":33396,""name"":""electron.exe"",""cpu_percent"":0.0,""ws_mb"":58.30078125,""private_mb"":13.37890625},{""pid"":48740,""name"":""cmd.exe"",""cpu_percent"":0.0,""ws_mb"":8.86328125,""private_mb"":4.75390625},{""pid"":40444,""name"":""node.exe"",""cpu_percent"":0.0,""ws_mb"":71.12890625,""private_mb"":70}]"
"2026-10-02T02:46:59.7797066Z","5.1140405","0.20368760604587835","643.37109375","453.30859375","153","3879","10","","0","66.84451219512195","0.125","9620;10464;30128;33396;33444;33764;35056;40444;41640;48740","[{""pid"":35056,""name"":""node.exe"",""cpu_percent"":0.0,""ws_mb"":51.32421875,""private_mb"":19.4296875},{""pid"":10464,""name"":""cmd.exe"",""cpu_percent"":0.0,""ws_mb"":8.7109375,""private_mb"":4.60546875},{""pid"":9620,""name"":""conhost.exe"",""cpu_percent"":0.0,""ws_mb"":10.08203125,""private_mb"":1.69140625},{""pid"":33444,""name"":""powershell.exe"",""cpu_percent"":0.20368760604587835,""ws_mb"":102.49609375,""private_mb"":82.09765625},{""pid"":30128,""name"":""conhost.exe"",""cpu_percent"":0.0,""ws_mb"":7.67578125,""private_mb"":1.2109375},{""pid"":33764,""name"":""electron.exe"",""cpu_percent"":0.0,""ws_mb"":120.22265625,""private_mb"":84.59765625},{""pid"":41640,""name"":""electron.exe"",""cpu_percent"":0.0,""ws_mb"":204.6015625,""private_mb"":171.609375},{""pid"":33396,""name"":""electron.exe"",""cpu_percent"":0.0,""ws_mb"":58.265625,""private_mb"":13.3125},{""pid"":48740,""name"":""cmd.exe"",""cpu_percent"":0.0,""ws_mb"":8.86328125,""private_mb"":4.75390625},{""pid"":40444,""name"":""node.exe"",""cpu_percent"":0.0,""ws_mb"":71.12890625,""private_mb"":70}]"
"2026-10-02T02:47:04.7176618Z","4.9379552","0.42190203210700117","645.1640625","448.55078125","153","3904","10","","0","68.67088607594937","0.25","9620;10464;30128;33396;33444;33764;35056;40444;41640;48740","[{""pid"":35056,""name"":""node.exe"",""cpu_percent"":0.0,""ws_mb"":51.32421875,""private_mb"":19.4296875},{""pid"":10464,""name"":""cmd.exe"",""cpu_percent"":0.0,""ws_mb"":8.7109375,""private_mb"":4.60546875},{""pid"":9620,""name"":""conhost.exe"",""cpu_percent"":0.0,""ws_mb"":10.08203125,""private_mb"":1.69140625},{""pid"":33444,""name"":""powershell.exe"",""cpu_percent"":0.369164278093626,""ws_mb"":104.0546875,""private_mb"":82.87890625},{""pid"":30128,""name"":""conhost.exe"",""cpu_percent"":0.0,""ws_mb"":7.67578125,""private_mb"":1.2109375},{""pid"":33764,""name"":""electron.exe"",""cpu_percent"":0.052737754013375146,""ws_mb"":118.328125,""private_mb"":79.05859375},{""pid"":41640,""name"":""electron.exe"",""cpu_percent"":0.0,""ws_mb"":206.7265625,""private_mb"":171.609375},{""pid"":33396,""name"":""electron.exe"",""cpu_percent"":0.0,""ws_mb"":58.26953125,""private_mb"":13.3125},{""pid"":48740,""name"":""cmd.exe"",""cpu_percent"":0.0,""ws_mb"":8.86328125,""private_mb"":4.75390625},{""pid"":40444,""name"":""node.exe"",""cpu_percent"":0.0,""ws_mb"":71.12890625,""private_mb"":70}]"
"2026-10-02T02:47:09.7612397Z","5.0435779","0.387249892581217","595.375","390.1796875","143","3874","10","","0","64.93808049535603","0.234375","9620;10464;30128;33396;33444;33764;35056;40444;41640;48740","[{""pid"":35056,""name"":""node.exe"",""cpu_percent"":0.0,""ws_mb"":51.3359375,""private_mb"":19.3984375},{""pid"":10464,""name"":""cmd.exe"",""cpu_percent"":0.0,""ws_mb"":8.7109375,""private_mb"":4.60546875},{""pid"":9620,""name"":""conhost.exe"",""cpu_percent"":0.0,""ws_mb"":10.08203125,""private_mb"":1.69140625},{""pid"":33444,""name"":""powershell.exe"",""cpu_percent"":0.33561657357038804,""ws_mb"":104.90234375,""private_mb"":83.68359375},{""pid"":30128,""name"":""conhost.exe"",""cpu_percent"":0.0,""ws_mb"":7.67578125,""private_mb"":1.2109375},{""pid"":33764,""name"":""electron.exe"",""cpu_percent"":0.025816659505414466,""ws_mb"":118.57421875,""private_mb"":79.66015625},{""pid"":41640,""name"":""electron.exe"",""cpu_percent"":0.025816659505414466,""ws_mb"":155.796875,""private_mb"":111.98828125},{""pid"":33396,""name"":""electron.exe"",""cpu_percent"":0.0,""ws_mb"":58.31640625,""private_mb"":13.21875},{""pid"":48740,""name"":""cmd.exe"",""cpu_percent"":0.0,""ws_mb"":8.86328125,""private_mb"":4.75390625},{""pid"":40444,""name"":""node.exe"",""cpu_percent"":0.0,""ws_mb"":71.1171875,""private_mb"":69.96875}]"
"2026-10-02T02:47:14.7996191Z","5.0383794","0.3101195594758108","549.515625","337.18359375","143","3874","10","","0","68.45238095238095","0.1875","9620;10464;30128;33396;33444;33764;35056;40444;41640;48740","[{""pid"":35056,""name"":""node.exe"",""cpu_percent"":0.0,""ws_mb"":51.3359375,""private_mb"":19.3984375},{""pid"":10464,""name"":""cmd.exe"",""cpu_percent"":0.0,""ws_mb"":8.7109375,""private_mb"":4.60546875},{""pid"":9620,""name"":""conhost.exe"",""cpu_percent"":0.0,""ws_mb"":10.08203125,""private_mb"":1.69140625},{""pid"":33444,""name"":""powershell.exe"",""cpu_percent"":0.2842762628528266,""ws_mb"":102.99609375,""private_mb"":81.7734375},{""pid"":30128,""name"":""conhost.exe"",""cpu_percent"":0.025843296622984232,""ws_mb"":7.67578125,""private_mb"":1.2109375},{""pid"":33764,""name"":""electron.exe"",""cpu_percent"":0.0,""ws_mb"":120.6875,""private_mb"":82.16796875},{""pid"":41640,""name"":""electron.exe"",""cpu_percent"":0.0,""ws_mb"":109.73046875,""private_mb"":58.39453125},{""pid"":33396,""name"":""electron.exe"",""cpu_percent"":0.0,""ws_mb"":58.31640625,""private_mb"":13.21875},{""pid"":48740,""name"":""cmd.exe"",""cpu_percent"":0.0,""ws_mb"":8.86328125,""private_mb"":4.75390625},{""pid"":40444,""name"":""node.exe"",""cpu_percent"":0.0,""ws_mb"":71.1171875,""private_mb"":69.96875}]"
"2026-10-02T02:47:19.8630292Z","5.0634101","0.20572433322488864","549.578125","337.24609375","143","3871","10","","0","57.870370370370374","0.125","9620;10464;30128;33396;33444;33764;35056;40444;41640;48740","[{""pid"":35056,""name"":""node.exe"",""cpu_percent"":0.0,""ws_mb"":51.3359375,""private_mb"":19.3984375},{""pid"":10464,""name"":""cmd.exe"",""cpu_percent"":0.0,""ws_mb"":8.7109375,""private_mb"":4.60546875},{""pid"":9620,""name"":""conhost.exe"",""cpu_percent"":0.0,""ws_mb"":10.08203125,""private_mb"":1.69140625},{""pid"":33444,""name"":""powershell.exe"",""cpu_percent"":0.20572433322488864,""ws_mb"":102.99609375,""private_mb"":81.7734375},{""pid"":30128,""name"":""conhost.exe"",""cpu_percent"":0.0,""ws_mb"":7.67578125,""private_mb"":1.2109375},{""pid"":33764,""name"":""electron.exe"",""cpu_percent"":0.0,""ws_mb"":120.75,""private_mb"":82.23046875},{""pid"":41640,""name"":""electron.exe"",""cpu_percent"":0.0,""ws_mb"":109.73046875,""private_mb"":58.39453125},{""pid"":33396,""name"":""electron.exe"",""cpu_percent"":0.0,""ws_mb"":58.31640625,""private_mb"":13.21875},{""pid"":48740,""name"":""cmd.exe"",""cpu_percent"":0.0,""ws_mb"":8.86328125,""private_mb"":4.75390625},{""pid"":40444,""name"":""node.exe"",""cpu_percent"":0.0,""ws_mb"":71.1171875,""private_mb"":69.96875}]"
"2026-10-02T02:47:24.8439707Z","4.9809415","0.23527178546465563","543.1640625","330.65625","143","3867","10","","0","81.6614420062696","0.140625","9620;10464;30128;33396;33444;33764;35056;40444;41640;48740","[{""pid"":35056,""name"":""node.exe"",""cpu_percent"":0.0,""ws_mb"":51.3359375,""private_mb"":19.3984375},{""pid"":10464,""name"":""cmd.exe"",""cpu_percent"":0.0,""ws_mb"":8.7109375,""private_mb"":4.60546875},{""pid"":9620,""name"":""conhost.exe"",""cpu_percent"":0.0,""ws_mb"":10.08203125,""private_mb"":1.69140625},{""pid"":33444,""name"":""powershell.exe"",""cpu_percent"":0.20913047596858278,""ws_mb"":99.34765625,""private_mb"":78.09765625},{""pid"":30128,""name"":""conhost.exe"",""cpu_percent"":0.0,""ws_mb"":7.67578125,""private_mb"":1.2109375},{""pid"":33764,""name"":""electron.exe"",""cpu_percent"":0.026141309496072847,""ws_mb"":117.984375,""private_mb"":79.31640625},{""pid"":41640,""name"":""electron.exe"",""cpu_percent"":0.0,""ws_mb"":109.73046875,""private_mb"":58.39453125},{""pid"":33396,""name"":""electron.exe"",""cpu_percent"":0.0,""ws_mb"":58.31640625,""private_mb"":13.21875},{""pid"":48740,""name"":""cmd.exe"",""cpu_percent"":0.0,""ws_mb"":8.86328125,""private_mb"":4.75390625},{""pid"":40444,""name"":""node.exe"",""cpu_percent"":0.0,""ws_mb"":71.1171875,""private_mb"":69.96875}]"
"2026-10-02T02:47:29.7116552Z","4.8676845","0.26749542484385197","543.44921875","331.3515625","143","3867","10","","0","54.71596998928189","0.15625","9620;10464;30128;33396;33444;33764;35056;40444;41640;48740","[{""pid"":35056,""name"":""node.exe"",""cpu_percent"":0.0,""ws_mb"":51.3359375,""private_mb"":19.3984375},{""pid"":10464,""name"":""cmd.exe"",""cpu_percent"":0.0,""ws_mb"":8.7109375,""private_mb"":4.60546875},{""pid"":9620,""name"":""conhost.exe"",""cpu_percent"":0.0,""ws_mb"":10.08203125,""private_mb"":1.69140625},{""pid"":33444,""name"":""powershell.exe"",""cpu_percent"":0.24074588235946678,""ws_mb"":99.53125,""private_mb"":78.28515625},{""pid"":30128,""name"":""conhost.exe"",""cpu_percent"":0.0,""ws_mb"":7.67578125,""private_mb"":1.2109375},{""pid"":33764,""name"":""electron.exe"",""cpu_percent"":0.026749542484385196,""ws_mb"":118.0859375,""private_mb"":79.82421875},{""pid"":41640,""name"":""electron.exe"",""cpu_percent"":0.0,""ws_mb"":109.73046875,""private_mb"":58.39453125},{""pid"":33396,""name"":""electron.exe"",""cpu_percent"":0.0,""ws_mb"":58.31640625,""private_mb"":13.21875},{""pid"":48740,""name"":""cmd.exe"",""cpu_percent"":0.0,""ws_mb"":8.86328125,""private_mb"":4.75390625},{""pid"":40444,""name"":""node.exe"",""cpu_percent"":0.0,""ws_mb"":71.1171875,""private_mb"":69.96875}]"
"2026-10-02T02:47:34.7258709Z","5.0142157","0.31161403766495327","545.640625","333.703125","145","3868","10","","0","62.07165109034268","0.1875","9620;10464;30128;33396;33444;33764;35056;40444;41640;48740","[{""pid"":35056,""name"":""node.exe"",""cpu_percent"":0.0,""ws_mb"":51.3359375,""private_mb"":19.3984375},{""pid"":10464,""name"":""cmd.exe"",""cpu_percent"":0.0,""ws_mb"":8.7109375,""private_mb"":4.60546875},{""pid"":9620,""name"":""conhost.exe"",""cpu_percent"":0.0,""ws_mb"":10.08203125,""private_mb"":1.69140625},{""pid"":33444,""name"":""powershell.exe"",""cpu_percent"":0.2856462011928738,""ws_mb"":99.6015625,""private_mb"":78.37890625},{""pid"":30128,""name"":""conhost.exe"",""cpu_percent"":0.0,""ws_mb"":7.67578125,""private_mb"":1.2109375},{""pid"":33764,""name"":""electron.exe"",""cpu_percent"":0.02596783647207944,""ws_mb"":120.20703125,""private_mb"":82.08203125},{""pid"":41640,""name"":""electron.exe"",""cpu_percent"":0.0,""ws_mb"":109.73046875,""private_mb"":58.39453125},{""pid"":33396,""name"":""electron.exe"",""cpu_percent"":0.0,""ws_mb"":58.31640625,""private_mb"":13.21875},{""pid"":48740,""name"":""cmd.exe"",""cpu_percent"":0.0,""ws_mb"":8.86328125,""private_mb"":4.75390625},{""pid"":40444,""name"":""node.exe"",""cpu_percent"":0.0,""ws_mb"":71.1171875,""private_mb"":69.96875}]"
"2026-10-02T02:47:39.8150865Z","5.0892156","0.3326069214543265","545.44140625","333.828125","145","3865","10","","0","68.73721881390593","0.203125","9620;10464;30128;33396;33444;33764;35056;40444;41640;48740","[{""pid"":35056,""name"":""node.exe"",""cpu_percent"":0.0,""ws_mb"":51.3359375,""private_mb"":19.3984375},{""pid"":10464,""name"":""cmd.exe"",""cpu_percent"":0.0,""ws_mb"":8.7109375,""private_mb"":4.60546875},{""pid"":9620,""name"":""conhost.exe"",""cpu_percent"":0.0,""ws_mb"":10.08203125,""private_mb"":1.69140625},{""pid"":33444,""name"":""powershell.exe"",""cpu_percent"":0.3326069214543265,""ws_mb"":99.625,""private_mb"":78.44140625},{""pid"":30128,""name"":""conhost.exe"",""cpu_percent"":0.0,""ws_mb"":7.67578125,""private_mb"":1.2109375},{""pid"":33764,""name"":""electron.exe"",""cpu_percent"":0.0,""ws_mb"":119.984375,""private_mb"":82.14453125},{""pid"":41640,""name"":""electron.exe"",""cpu_percent"":0.0,""ws_mb"":109.73046875,""private_mb"":58.39453125},{""pid"":33396,""name"":""electron.exe"",""cpu_percent"":0.0,""ws_mb"":58.31640625,""private_mb"":13.21875},{""pid"":48740,""name"":""cmd.exe"",""cpu_percent"":0.0,""ws_mb"":8.86328125,""private_mb"":4.75390625},{""pid"":40444,""name"":""node.exe"",""cpu_percent"":0.0,""ws_mb"":71.1171875,""private_mb"":69.96875}]"
"2026-10-02T02:47:44.6187507Z","4.8036642","0.3523785724516991","546.0625","334.42578125","145","3859","10","","0","64.08794788273616","0.203125","9620;10464;30128;33396;33444;33764;35056;40444;41640;48740","[{""pid"":35056,""name"":""node.exe"",""cpu_percent"":0.0,""ws_mb"":51.3359375,""private_mb"":19.3984375},{""pid"":10464,""name"":""cmd.exe"",""cpu_percent"":0.0,""ws_mb"":8.7109375,""private_mb"":4.60546875},{""pid"":9620,""name"":""conhost.exe"",""cpu_percent"":0.0,""ws_mb"":10.08203125,""private_mb"":1.69140625},{""pid"":33444,""name"":""powershell.exe"",""cpu_percent"":0.29816648438220694,""ws_mb"":99.625,""private_mb"":78.44140625},{""pid"":30128,""name"":""conhost.exe"",""cpu_percent"":0.0,""ws_mb"":7.67578125,""private_mb"":1.2109375},{""pid"":33764,""name"":""electron.exe"",""cpu_percent"":0.054212088069492174,""ws_mb"":120.60546875,""private_mb"":83.2265625},{""pid"":41640,""name"":""electron.exe"",""cpu_percent"":0.0,""ws_mb"":109.73046875,""private_mb"":57.91015625},{""pid"":33396,""name"":""electron.exe"",""cpu_percent"":0.0,""ws_mb"":58.31640625,""private_mb"":13.21875},{""pid"":48740,""name"":""cmd.exe"",""cpu_percent"":0.0,""ws_mb"":8.86328125,""private_mb"":4.75390625},{""pid"":40444,""name"":""node.exe"",""cpu_percent"":0.0,""ws_mb"":71.1171875,""private_mb"":69.96875}]"
"2026-10-02T02:47:49.6896512Z","5.0709005","0.23109800714882892","545.59375","334.1953125","145","3864","10","","0","44.30769230769231","0.140625","9620;10464;30128;33396;33444;33764;35056;40444;41640;48740","[{""pid"":35056,""name"":""node.exe"",""cpu_percent"":0.0,""ws_mb"":51.3359375,""private_mb"":19.3984375},{""pid"":10464,""name"":""cmd.exe"",""cpu_percent"":0.0,""ws_mb"":8.7109375,""private_mb"":4.60546875},{""pid"":9620,""name"":""conhost.exe"",""cpu_percent"":0.0,""ws_mb"":10.08203125,""private_mb"":1.69140625},{""pid"":33444,""name"":""powershell.exe"",""cpu_percent"":0.20542045079895904,""ws_mb"":99.6328125,""private_mb"":78.44921875},{""pid"":30128,""name"":""conhost.exe"",""cpu_percent"":0.0,""ws_mb"":7.67578125,""private_mb"":1.2109375},{""pid"":33764,""name"":""electron.exe"",""cpu_percent"":0.02567755634986988,""ws_mb"":120.12890625,""private_mb"":82.98828125},{""pid"":41640,""name"":""electron.exe"",""cpu_percent"":0.0,""ws_mb"":109.73046875,""private_mb"":57.91015625},{""pid"":33396,""name"":""electron.exe"",""cpu_percent"":0.0,""ws_mb"":58.31640625,""private_mb"":13.21875},{""pid"":48740,""name"":""cmd.exe"",""cpu_percent"":0.0,""ws_mb"":8.86328125,""private_mb"":4.75390625},{""pid"":40444,""name"":""node.exe"",""cpu_percent"":0.0,""ws_mb"":71.1171875,""private_mb"":69.96875}]"
"2026-10-02T02:47:54.6273299Z","4.9376787","0.18459247527250675","544.82421875","333.37109375","145","3864","10","","0","43.037974683544306","0.109375","9620;10464;30128;33396;33444;33764;35056;40444;41640;48740","[{""pid"":35056,""name"":""node.exe"",""cpu_percent"":0.0,""ws_mb"":51.3359375,""private_mb"":19.3984375},{""pid"":10464,""name"":""cmd.exe"",""cpu_percent"":0.0,""ws_mb"":8.7109375,""private_mb"":4.60546875},{""pid"":9620,""name"":""conhost.exe"",""cpu_percent"":0.0,""ws_mb"":10.08203125,""private_mb"":1.69140625},{""pid"":33444,""name"":""powershell.exe"",""cpu_percent"":0.18459247527250675,""ws_mb"":98.86328125,""private_mb"":77.625},{""pid"":30128,""name"":""conhost.exe"",""cpu_percent"":0.0,""ws_mb"":7.67578125,""private_mb"":1.2109375},{""pid"":33764,""name"":""electron.exe"",""cpu_percent"":0.0,""ws_mb"":120.12890625,""private_mb"":82.98828125},{""pid"":41640,""name"":""electron.exe"",""cpu_percent"":0.0,""ws_mb"":109.73046875,""private_mb"":57.91015625},{""pid"":33396,""name"":""electron.exe"",""cpu_percent"":0.0,""ws_mb"":58.31640625,""private_mb"":13.21875},{""pid"":48740,""name"":""cmd.exe"",""cpu_percent"":0.0,""ws_mb"":8.86328125,""private_mb"":4.75390625},{""pid"":40444,""name"":""node.exe"",""cpu_percent"":0.0,""ws_mb"":71.1171875,""private_mb"":69.96875}]"
"2026-10-02T02:47:59.7147623Z","5.0874324","0.20475292539841253","543.17578125","331.77734375","145","3864","10","","0","43.949859299053465","0.125","9620;10464;30128;33396;33444;33764;35056;40444;41640;48740","[{""pid"":35056,""name"":""node.exe"",""cpu_percent"":0.0,""ws_mb"":51.3359375,""private_mb"":19.3984375},{""pid"":10464,""name"":""cmd.exe"",""cpu_percent"":0.0,""ws_mb"":8.7109375,""private_mb"":4.60546875},{""pid"":9620,""name"":""conhost.exe"",""cpu_percent"":0.0,""ws_mb"":10.08203125,""private_mb"":1.69140625},{""pid"":33444,""name"":""powershell.exe"",""cpu_percent"":0.20475292539841253,""ws_mb"":99.24609375,""private_mb"":78.0625},{""pid"":30128,""name"":""conhost.exe"",""cpu_percent"":0.0,""ws_mb"":7.67578125,""private_mb"":1.2109375},{""pid"":33764,""name"":""electron.exe"",""cpu_percent"":0.0,""ws_mb"":118.09765625,""private_mb"":80.95703125},{""pid"":41640,""name"":""electron.exe"",""cpu_percent"":0.0,""ws_mb"":109.73046875,""private_mb"":57.91015625},{""pid"":33396,""name"":""electron.exe"",""cpu_percent"":0.0,""ws_mb"":58.31640625,""private_mb"":13.21875},{""pid"":48740,""name"":""cmd.exe"",""cpu_percent"":0.0,""ws_mb"":8.86328125,""private_mb"":4.75390625},{""pid"":40444,""name"":""node.exe"",""cpu_percent"":0.0,""ws_mb"":71.1171875,""private_mb"":69.96875}]"
"2026-10-02T02:48:04.6595582Z","4.9447959","0.23699158139166066","543.52734375","332.08984375","145","3864","10","","0","52.27931488801054","0.140625","9620;10464;30128;33396;33444;33764;35056;40444;41640;48740","[{""pid"":35056,""name"":""node.exe"",""cpu_percent"":0.0,""ws_mb"":51.3359375,""private_mb"":19.3984375},{""pid"":10464,""name"":""cmd.exe"",""cpu_percent"":0.0,""ws_mb"":8.7109375,""private_mb"":4.60546875},{""pid"":9620,""name"":""conhost.exe"",""cpu_percent"":0.0,""ws_mb"":10.08203125,""private_mb"":1.69140625},{""pid"":33444,""name"":""powershell.exe"",""cpu_percent"":0.23699158139166066,""ws_mb"":99.6796875,""private_mb"":78.4375},{""pid"":30128,""name"":""conhost.exe"",""cpu_percent"":0.0,""ws_mb"":7.67578125,""private_mb"":1.2109375},{""pid"":33764,""name"":""electron.exe"",""cpu_percent"":0.0,""ws_mb"":118.03515625,""private_mb"":80.89453125},{""pid"":41640,""name"":""electron.exe"",""cpu_percent"":0.0,""ws_mb"":109.7109375,""private_mb"":57.91015625},{""pid"":33396,""name"":""electron.exe"",""cpu_percent"":0.0,""ws_mb"":58.31640625,""private_mb"":13.21875},{""pid"":48740,""name"":""cmd.exe"",""cpu_percent"":0.0,""ws_mb"":8.86328125,""private_mb"":4.75390625},{""pid"":40444,""name"":""node.exe"",""cpu_percent"":0.0,""ws_mb"":71.1171875,""private_mb"":69.96875}]"
"2026-10-02T02:48:09.7145957Z","5.0550375","0.2060650720527131","543.70703125","332.2734375","145","3864","10","","0","39.14609053497942","0.125","9620;10464;30128;33396;33444;33764;35056;40444;41640;48740","[{""pid"":35056,""name"":""node.exe"",""cpu_percent"":0.0,""ws_mb"":51.3359375,""private_mb"":19.3984375},{""pid"":10464,""name"":""cmd.exe"",""cpu_percent"":0.0,""ws_mb"":8.7109375,""private_mb"":4.60546875},{""pid"":9620,""name"":""conhost.exe"",""cpu_percent"":0.0,""ws_mb"":10.08203125,""private_mb"":1.69140625},{""pid"":33444,""name"":""powershell.exe"",""cpu_percent"":0.2060650720527131,""ws_mb"":99.859375,""private_mb"":78.62109375},{""pid"":30128,""name"":""conhost.exe"",""cpu_percent"":0.0,""ws_mb"":7.67578125,""private_mb"":1.2109375},{""pid"":33764,""name"":""electron.exe"",""cpu_percent"":0.0,""ws_mb"":118.03515625,""private_mb"":80.89453125},{""pid"":41640,""name"":""electron.exe"",""cpu_percent"":0.0,""ws_mb"":109.7109375,""private_mb"":57.91015625},{""pid"":33396,""name"":""electron.exe"",""cpu_percent"":0.0,""ws_mb"":58.31640625,""private_mb"":13.21875},{""pid"":48740,""name"":""cmd.exe"",""cpu_percent"":0.0,""ws_mb"":8.86328125,""private_mb"":4.75390625},{""pid"":40444,""name"":""node.exe"",""cpu_percent"":0.0,""ws_mb"":71.1171875,""private_mb"":69.96875}]"
"2026-10-02T02:48:14.6451866Z","4.9305909","0.2112660911832427","543.7109375","332.2734375","145","3857","10","","0","40.8994708994709","0.125","9620;10464;30128;33396;33444;33764;35056;40444;41640;48740","[{""pid"":35056,""name"":""node.exe"",""cpu_percent"":0.0,""ws_mb"":51.3359375,""private_mb"":19.3984375},{""pid"":10464,""name"":""cmd.exe"",""cpu_percent"":0.0,""ws_mb"":8.7109375,""private_mb"":4.60546875},{""pid"":9620,""name"":""conhost.exe"",""cpu_percent"":0.0,""ws_mb"":10.08203125,""private_mb"":1.69140625},{""pid"":33444,""name"":""powershell.exe"",""cpu_percent"":0.2112660911832427,""ws_mb"":99.859375,""private_mb"":78.62109375},{""pid"":30128,""name"":""conhost.exe"",""cpu_percent"":0.0,""ws_mb"":7.67578125,""private_mb"":1.2109375},{""pid"":33764,""name"":""electron.exe"",""cpu_percent"":0.0,""ws_mb"":118.0390625,""private_mb"":80.89453125},{""pid"":41640,""name"":""electron.exe"",""cpu_percent"":0.0,""ws_mb"":109.7109375,""private_mb"":57.91015625},{""pid"":33396,""name"":""electron.exe"",""cpu_percent"":0.0,""ws_mb"":58.31640625,""private_mb"":13.21875},{""pid"":48740,""name"":""cmd.exe"",""cpu_percent"":0.0,""ws_mb"":8.86328125,""private_mb"":4.75390625},{""pid"":40444,""name"":""node.exe"",""cpu_percent"":0.0,""ws_mb"":71.1171875,""private_mb"":69.96875}]"
"2026-10-02T02:48:19.6860205Z","5.0408339","0.20664570333624097","543.7109375","332.2734375","145","3862","10","","0","53.1733746130031","0.125","9620;10464;30128;33396;33444;33764;35056;40444;41640;48740","[{""pid"":35056,""name"":""node.exe"",""cpu_percent"":0.0,""ws_mb"":51.3359375,""private_mb"":19.3984375},{""pid"":10464,""name"":""cmd.exe"",""cpu_percent"":0.0,""ws_mb"":8.7109375,""private_mb"":4.60546875},{""pid"":9620,""name"":""conhost.exe"",""cpu_percent"":0.0,""ws_mb"":10.08203125,""private_mb"":1.69140625},{""pid"":33444,""name"":""powershell.exe"",""cpu_percent"":0.20664570333624097,""ws_mb"":99.859375,""private_mb"":78.62109375},{""pid"":30128,""name"":""conhost.exe"",""cpu_percent"":0.0,""ws_mb"":7.67578125,""private_mb"":1.2109375},{""pid"":33764,""name"":""electron.exe"",""cpu_percent"":0.0,""ws_mb"":118.0390625,""private_mb"":80.89453125},{""pid"":41640,""name"":""electron.exe"",""cpu_percent"":0.0,""ws_mb"":109.7109375,""private_mb"":57.91015625},{""pid"":33396,""name"":""electron.exe"",""cpu_percent"":0.0,""ws_mb"":58.31640625,""private_mb"":13.21875},{""pid"":48740,""name"":""cmd.exe"",""cpu_percent"":0.0,""ws_mb"":8.86328125,""private_mb"":4.75390625},{""pid"":40444,""name"":""node.exe"",""cpu_percent"":0.0,""ws_mb"":71.1171875,""private_mb"":69.96875}]"
"2026-10-02T02:48:24.5982511Z","4.9122306","0.2385627010262914","543.99609375","332.6015625","145","3862","10","","0","38.747346072186836","0.140625","9620;10464;30128;33396;33444;33764;35056;40444;41640;48740","[{""pid"":35056,""name"":""node.exe"",""cpu_percent"":0.0,""ws_mb"":51.3359375,""private_mb"":19.3984375},{""pid"":10464,""name"":""cmd.exe"",""cpu_percent"":0.0,""ws_mb"":8.7109375,""private_mb"":4.60546875},{""pid"":9620,""name"":""conhost.exe"",""cpu_percent"":0.0,""ws_mb"":10.08203125,""private_mb"":1.69140625},{""pid"":33444,""name"":""powershell.exe"",""cpu_percent"":0.2385627010262914,""ws_mb"":99.859375,""private_mb"":78.62109375},{""pid"":30128,""name"":""conhost.exe"",""cpu_percent"":0.0,""ws_mb"":7.67578125,""private_mb"":1.2109375},{""pid"":33764,""name"":""electron.exe"",""cpu_percent"":0.0,""ws_mb"":118.3203125,""private_mb"":81.22265625},{""pid"":41640,""name"":""electron.exe"",""cpu_percent"":0.0,""ws_mb"":109.7109375,""private_mb"":57.91015625},{""pid"":33396,""name"":""electron.exe"",""cpu_percent"":0.0,""ws_mb"":58.3203125,""private_mb"":13.21875},{""pid"":48740,""name"":""cmd.exe"",""cpu_percent"":0.0,""ws_mb"":8.86328125,""private_mb"":4.75390625},{""pid"":40444,""name"":""node.exe"",""cpu_percent"":0.0,""ws_mb"":71.1171875,""private_mb"":69.96875}]"
"2026-10-02T02:48:29.6925889Z","5.0943378","0.28115364997324416","545.62109375","334.6171875","145","3869","10","","0","50.81799591002045","0.171875","9620;10464;30128;33396;33444;33764;35056;40444;41640;48740","[{""pid"":35056,""name"":""node.exe"",""cpu_percent"":0.0,""ws_mb"":51.3359375,""private_mb"":19.3984375},{""pid"":10464,""name"":""cmd.exe"",""cpu_percent"":0.0,""ws_mb"":8.7109375,""private_mb"":4.60546875},{""pid"":9620,""name"":""conhost.exe"",""cpu_percent"":0.0,""ws_mb"":10.08203125,""private_mb"":1.69140625},{""pid"":33444,""name"":""powershell.exe"",""cpu_percent"":0.28115364997324416,""ws_mb"":99.859375,""private_mb"":78.62109375},{""pid"":30128,""name"":""conhost.exe"",""cpu_percent"":0.0,""ws_mb"":7.67578125,""private_mb"":1.2109375},{""pid"":33764,""name"":""electron.exe"",""cpu_percent"":0.0,""ws_mb"":119.9453125,""private_mb"":83.23828125},{""pid"":41640,""name"":""electron.exe"",""cpu_percent"":0.0,""ws_mb"":109.7109375,""private_mb"":57.91015625},{""pid"":33396,""name"":""electron.exe"",""cpu_percent"":0.0,""ws_mb"":58.3203125,""private_mb"":13.21875},{""pid"":48740,""name"":""cmd.exe"",""cpu_percent"":0.0,""ws_mb"":8.86328125,""private_mb"":4.75390625},{""pid"":40444,""name"":""node.exe"",""cpu_percent"":0.0,""ws_mb"":71.1171875,""private_mb"":69.96875}]"
"2026-10-02T02:48:34.7389489Z","5.04636","0.25802426567532505","545.44921875","335.17578125","145","3864","10","","0","62.61609907120743","0.15625","9620;10464;30128;33396;33444;33764;35056;40444;41640;48740","[{""pid"":35056,""name"":""node.exe"",""cpu_percent"":0.0,""ws_mb"":51.3359375,""private_mb"":19.3984375},{""pid"":10464,""name"":""cmd.exe"",""cpu_percent"":0.0,""ws_mb"":8.7109375,""private_mb"":4.60546875},{""pid"":9620,""name"":""conhost.exe"",""cpu_percent"":0.0,""ws_mb"":10.08203125,""private_mb"":1.69140625},{""pid"":33444,""name"":""powershell.exe"",""cpu_percent"":0.25802426567532505,""ws_mb"":96.53125,""private_mb"":75.34375},{""pid"":30128,""name"":""conhost.exe"",""cpu_percent"":0.0,""ws_mb"":7.67578125,""private_mb"":1.2109375},{""pid"":33764,""name"":""electron.exe"",""cpu_percent"":0.0,""ws_mb"":123.1015625,""private_mb"":87.07421875},{""pid"":41640,""name"":""electron.exe"",""cpu_percent"":0.0,""ws_mb"":109.7109375,""private_mb"":57.91015625},{""pid"":33396,""name"":""electron.exe"",""cpu_percent"":0.0,""ws_mb"":58.3203125,""private_mb"":13.21875},{""pid"":48740,""name"":""cmd.exe"",""cpu_percent"":0.0,""ws_mb"":8.86328125,""private_mb"":4.75390625},{""pid"":40444,""name"":""node.exe"",""cpu_percent"":0.0,""ws_mb"":71.1171875,""private_mb"":69.96875}]"
"2026-10-02T02:48:39.6876867Z","4.9487378","0.2631142295179456","548.6171875","338.4140625","145","3862","10","","0","62.22397476340694","0.15625","9620;10464;30128;33396;33444;33764;35056;40444;41640;48740","[{""pid"":35056,""name"":""node.exe"",""cpu_percent"":0.0,""ws_mb"":51.3359375,""private_mb"":19.3984375},{""pid"":10464,""name"":""cmd.exe"",""cpu_percent"":0.0,""ws_mb"":8.7109375,""private_mb"":4.60546875},{""pid"":9620,""name"":""conhost.exe"",""cpu_percent"":0.0,""ws_mb"":10.08203125,""private_mb"":1.69140625},{""pid"":33444,""name"":""powershell.exe"",""cpu_percent"":0.18417996066256195,""ws_mb"":97.49609375,""private_mb"":76.28125},{""pid"":30128,""name"":""conhost.exe"",""cpu_percent"":0.0,""ws_mb"":7.67578125,""private_mb"":1.2109375},{""pid"":33764,""name"":""electron.exe"",""cpu_percent"":0.0789342688553837,""ws_mb"":125.3046875,""private_mb"":89.375},{""pid"":41640,""name"":""electron.exe"",""cpu_percent"":0.0,""ws_mb"":109.7109375,""private_mb"":57.91015625},{""pid"":33396,""name"":""electron.exe"",""cpu_percent"":0.0,""ws_mb"":58.3203125,""private_mb"":13.21875},{""pid"":48740,""name"":""cmd.exe"",""cpu_percent"":0.0,""ws_mb"":8.86328125,""private_mb"":4.75390625},{""pid"":40444,""name"":""node.exe"",""cpu_percent"":0.0,""ws_mb"":71.1171875,""private_mb"":69.96875}]"
"2026-10-02T02:48:44.6751986Z","4.9875119","0.2610687171159097","546.35546875","336.13671875","145","3860","10","","0","49.66039707419018","0.15625","9620;10464;30128;33396;33444;33764;35056;40444;41640;48740","[{""pid"":35056,""name"":""node.exe"",""cpu_percent"":0.0,""ws_mb"":51.3359375,""private_mb"":19.3984375},{""pid"":10464,""name"":""cmd.exe"",""cpu_percent"":0.0,""ws_mb"":8.7109375,""private_mb"":4.60546875},{""pid"":9620,""name"":""conhost.exe"",""cpu_percent"":0.0,""ws_mb"":10.08203125,""private_mb"":1.69140625},{""pid"":33444,""name"":""powershell.exe"",""cpu_percent"":0.2610687171159097,""ws_mb"":97.1796875,""private_mb"":75.93359375},{""pid"":30128,""name"":""conhost.exe"",""cpu_percent"":0.0,""ws_mb"":7.67578125,""private_mb"":1.2109375},{""pid"":33764,""name"":""electron.exe"",""cpu_percent"":0.0,""ws_mb"":123.359375,""private_mb"":87.4453125},{""pid"":41640,""name"":""electron.exe"",""cpu_percent"":0.0,""ws_mb"":109.7109375,""private_mb"":57.91015625},{""pid"":33396,""name"":""electron.exe"",""cpu_percent"":0.0,""ws_mb"":58.3203125,""private_mb"":13.21875},{""pid"":48740,""name"":""cmd.exe"",""cpu_percent"":0.0,""ws_mb"":8.86328125,""private_mb"":4.75390625},{""pid"":40444,""name"":""node.exe"",""cpu_percent"":0.0,""ws_mb"":71.1171875,""private_mb"":69.96875}]"
"2026-10-02T02:48:49.7924445Z","5.1172459","0.20356001783433283","546.8984375","336.75","145","3860","10","","0","50.77509529860229","0.125","9620;10464;30128;33396;33444;33764;35056;40444;41640;48740","[{""pid"":35056,""name"":""node.exe"",""cpu_percent"":0.0,""ws_mb"":51.3359375,""private_mb"":19.3984375},{""pid"":10464,""name"":""cmd.exe"",""cpu_percent"":0.0,""ws_mb"":8.7109375,""private_mb"":4.60546875},{""pid"":9620,""name"":""conhost.exe"",""cpu_percent"":0.0,""ws_mb"":10.08203125,""private_mb"":1.69140625},{""pid"":33444,""name"":""powershell.exe"",""cpu_percent"":0.20356001783433283,""ws_mb"":97.3671875,""private_mb"":76.12109375},{""pid"":30128,""name"":""conhost.exe"",""cpu_percent"":0.0,""ws_mb"":7.67578125,""private_mb"":1.2109375},{""pid"":33764,""name"":""electron.exe"",""cpu_percent"":0.0,""ws_mb"":123.71484375,""private_mb"":87.87109375},{""pid"":41640,""name"":""electron.exe"",""cpu_percent"":0.0,""ws_mb"":109.7109375,""private_mb"":57.91015625},{""pid"":33396,""name"":""electron.exe"",""cpu_percent"":0.0,""ws_mb"":58.3203125,""private_mb"":13.21875},{""pid"":48740,""name"":""cmd.exe"",""cpu_percent"":0.0,""ws_mb"":8.86328125,""private_mb"":4.75390625},{""pid"":40444,""name"":""node.exe"",""cpu_percent"":0.0,""ws_mb"":71.1171875,""private_mb"":69.96875}]"
"2026-10-02T02:48:54.7350752Z","4.9426307","0.2634393326884271","547.65625","337.421875","145","3856","10","","0","47.08673872923807","0.15625","9620;10464;30128;33396;33444;33764;35056;40444;41640;48740","[{""pid"":35056,""name"":""node.exe"",""cpu_percent"":0.0,""ws_mb"":51.3359375,""private_mb"":19.3984375},{""pid"":10464,""name"":""cmd.exe"",""cpu_percent"":0.0,""ws_mb"":8.7109375,""private_mb"":4.60546875},{""pid"":9620,""name"":""conhost.exe"",""cpu_percent"":0.0,""ws_mb"":10.08203125,""private_mb"":1.69140625},{""pid"":33444,""name"":""powershell.exe"",""cpu_percent"":0.2370953994195844,""ws_mb"":97.7265625,""private_mb"":76.49609375},{""pid"":30128,""name"":""conhost.exe"",""cpu_percent"":0.0,""ws_mb"":7.67578125,""private_mb"":1.2109375},{""pid"":33764,""name"":""electron.exe"",""cpu_percent"":0.026343933268842712,""ws_mb"":124.08203125,""private_mb"":88.140625},{""pid"":41640,""name"":""electron.exe"",""cpu_percent"":0.0,""ws_mb"":109.7109375,""private_mb"":57.91015625},{""pid"":33396,""name"":""electron.exe"",""cpu_percent"":0.0,""ws_mb"":58.3515625,""private_mb"":13.24609375},{""pid"":48740,""name"":""cmd.exe"",""cpu_percent"":0.0,""ws_mb"":8.86328125,""private_mb"":4.75390625},{""pid"":40444,""name"":""node.exe"",""cpu_percent"":0.0,""ws_mb"":71.1171875,""private_mb"":69.96875}]"
"2026-10-02T02:48:59.6160137Z","4.8809385","0.24009214621327432","545.6875","335.4375","145","3853","10","","0","43.75","0.140625","9620;10464;30128;33396;33444;33764;35056;40444;41640;48740","[{""pid"":35056,""name"":""node.exe"",""cpu_percent"":0.0,""ws_mb"":51.3359375,""private_mb"":19.3984375},{""pid"":10464,""name"":""cmd.exe"",""cpu_percent"":0.0,""ws_mb"":8.7109375,""private_mb"":4.60546875},{""pid"":9620,""name"":""conhost.exe"",""cpu_percent"":0.0,""ws_mb"":10.08203125,""private_mb"":1.69140625},{""pid"":33444,""name"":""powershell.exe"",""cpu_percent"":0.24009214621327432,""ws_mb"":96.6015625,""private_mb"":75.35546875},{""pid"":30128,""name"":""conhost.exe"",""cpu_percent"":0.0,""ws_mb"":7.67578125,""private_mb"":1.2109375},{""pid"":33764,""name"":""electron.exe"",""cpu_percent"":0.0,""ws_mb"":123.25,""private_mb"":87.328125},{""pid"":41640,""name"":""electron.exe"",""cpu_percent"":0.0,""ws_mb"":109.7109375,""private_mb"":57.91015625},{""pid"":33396,""name"":""electron.exe"",""cpu_percent"":0.0,""ws_mb"":58.33984375,""private_mb"":13.21484375},{""pid"":48740,""name"":""cmd.exe"",""cpu_percent"":0.0,""ws_mb"":8.86328125,""private_mb"":4.75390625},{""pid"":40444,""name"":""node.exe"",""cpu_percent"":0.0,""ws_mb"":71.1171875,""private_mb"":69.96875}]"
"2026-10-02T02:49:04.6961762Z","5.0801625","0.17941519259144434","546.46484375","336.59765625","143","3850","10","","0","50.53846153846154","0.109375","9620;10464;30128;33396;33444;33764;35056;40444;41640;48740","[{""pid"":35056,""name"":""node.exe"",""cpu_percent"":0.0,""ws_mb"":51.3359375,""private_mb"":19.3984375},{""pid"":10464,""name"":""cmd.exe"",""cpu_percent"":0.0,""ws_mb"":8.7109375,""private_mb"":4.60546875},{""pid"":9620,""name"":""conhost.exe"",""cpu_percent"":0.0,""ws_mb"":10.08203125,""private_mb"":1.69140625},{""pid"":33444,""name"":""powershell.exe"",""cpu_percent"":0.17941519259144434,""ws_mb"":97.50390625,""private_mb"":76.28515625},{""pid"":30128,""name"":""conhost.exe"",""cpu_percent"":0.0,""ws_mb"":7.67578125,""private_mb"":1.2109375},{""pid"":33764,""name"":""electron.exe"",""cpu_percent"":0.0,""ws_mb"":123.125,""private_mb"":87.55859375},{""pid"":41640,""name"":""electron.exe"",""cpu_percent"":0.0,""ws_mb"":109.7109375,""private_mb"":57.91015625},{""pid"":33396,""name"":""electron.exe"",""cpu_percent"":0.0,""ws_mb"":58.33984375,""private_mb"":13.21484375},{""pid"":48740,""name"":""cmd.exe"",""cpu_percent"":0.0,""ws_mb"":8.86328125,""private_mb"":4.75390625},{""pid"":40444,""name"":""node.exe"",""cpu_percent"":0.0,""ws_mb"":71.1171875,""private_mb"":69.96875}]"
"2026-10-02T02:49:09.7525957Z","5.0564195","0.4635196901681121","544.0546875","330.50390625","143","3848","10","","0","55.22119341563786","0.28125","9620;10464;30128;33396;33444;33764;35056;40444;41640;48740","[{""pid"":35056,""name"":""node.exe"",""cpu_percent"":0.0,""ws_mb"":51.3359375,""private_mb"":19.3984375},{""pid"":10464,""name"":""cmd.exe"",""cpu_percent"":0.0,""ws_mb"":8.7109375,""private_mb"":4.60546875},{""pid"":9620,""name"":""conhost.exe"",""cpu_percent"":0.0,""ws_mb"":10.08203125,""private_mb"":1.69140625},{""pid"":33444,""name"":""powershell.exe"",""cpu_percent"":0.3090131267787414,""ws_mb"":99.93359375,""private_mb"":78.66796875},{""pid"":30128,""name"":""conhost.exe"",""cpu_percent"":0.0,""ws_mb"":7.67578125,""private_mb"":1.2109375},{""pid"":33764,""name"":""electron.exe"",""cpu_percent"":0.12875546949114225,""ws_mb"":118.28515625,""private_mb"":79.08203125},{""pid"":41640,""name"":""electron.exe"",""cpu_percent"":0.02575109389822845,""ws_mb"":109.7109375,""private_mb"":57.91015625},{""pid"":33396,""name"":""electron.exe"",""cpu_percent"":0.0,""ws_mb"":58.33984375,""private_mb"":13.21484375},{""pid"":48740,""name"":""cmd.exe"",""cpu_percent"":0.0,""ws_mb"":8.86328125,""private_mb"":4.75390625},{""pid"":40444,""name"":""node.exe"",""cpu_percent"":0.0,""ws_mb"":71.1171875,""private_mb"":69.96875}]"
"2026-10-02T02:49:14.8954846Z","5.1428889","0.37977196046369965","545.109375","331.1796875","143","3858","10","","0","79.66058763931105","0.234375","9620;10464;30128;33396;33444;33764;35056;40444;41640;48740","[{""pid"":35056,""name"":""node.exe"",""cpu_percent"":0.0,""ws_mb"":51.3359375,""private_mb"":19.3984375},{""pid"":10464,""name"":""cmd.exe"",""cpu_percent"":0.0,""ws_mb"":8.7109375,""private_mb"":4.60546875},{""pid"":9620,""name"":""conhost.exe"",""cpu_percent"":0.0,""ws_mb"":10.08203125,""private_mb"":1.69140625},{""pid"":33444,""name"":""powershell.exe"",""cpu_percent"":0.32913569906853973,""ws_mb"":99.00390625,""private_mb"":77.7421875},{""pid"":30128,""name"":""conhost.exe"",""cpu_percent"":0.0,""ws_mb"":7.67578125,""private_mb"":1.2109375},{""pid"":33764,""name"":""electron.exe"",""cpu_percent"":0.050636261395159955,""ws_mb"":119.76953125,""private_mb"":80.68359375},{""pid"":41640,""name"":""electron.exe"",""cpu_percent"":0.0,""ws_mb"":110.2109375,""private_mb"":57.91015625},{""pid"":33396,""name"":""electron.exe"",""cpu_percent"":0.0,""ws_mb"":58.33984375,""private_mb"":13.21484375},{""pid"":48740,""name"":""cmd.exe"",""cpu_percent"":0.0,""ws_mb"":8.86328125,""private_mb"":4.75390625},{""pid"":40444,""name"":""node.exe"",""cpu_percent"":0.0,""ws_mb"":71.1171875,""private_mb"":69.96875}]"
"2026-10-02T02:49:19.9204546Z","5.02497","0.20729808668841143","544.484375","330.34765625","142","3854","10","","0","88.81987577639751","0.125","9620;10464;30128;33396;33444;33764;35056;40444;41640;48740","[{""pid"":35056,""name"":""node.exe"",""cpu_percent"":0.0,""ws_mb"":51.3359375,""private_mb"":19.3984375},{""pid"":10464,""name"":""cmd.exe"",""cpu_percent"":0.0,""ws_mb"":8.7109375,""private_mb"":4.60546875},{""pid"":9620,""name"":""conhost.exe"",""cpu_percent"":0.0,""ws_mb"":10.08203125,""private_mb"":1.69140625},{""pid"":33444,""name"":""powershell.exe"",""cpu_percent"":0.20729808668841143,""ws_mb"":99.1953125,""private_mb"":77.94140625},{""pid"":30128,""name"":""conhost.exe"",""cpu_percent"":0.0,""ws_mb"":7.67578125,""private_mb"":1.2109375},{""pid"":33764,""name"":""electron.exe"",""cpu_percent"":0.0,""ws_mb"":118.703125,""private_mb"":79.65234375},{""pid"":41640,""name"":""electron.exe"",""cpu_percent"":0.0,""ws_mb"":110.4609375,""private_mb"":57.91015625},{""pid"":33396,""name"":""electron.exe"",""cpu_percent"":0.0,""ws_mb"":58.33984375,""private_mb"":13.21484375},{""pid"":48740,""name"":""cmd.exe"",""cpu_percent"":0.0,""ws_mb"":8.86328125,""private_mb"":4.75390625},{""pid"":40444,""name"":""node.exe"",""cpu_percent"":0.0,""ws_mb"":71.1171875,""private_mb"":69.96875}]"
"2026-10-02T02:49:24.7206369Z","4.8001823","0.32550847079286965","543.30859375","328.93359375","140","3856","10","","0","70.08686210640607","0.1875","9620;10464;30128;33396;33444;33764;35056;40444;41640;48740","[{""pid"":35056,""name"":""node.exe"",""cpu_percent"":0.0,""ws_mb"":51.3359375,""private_mb"":19.3984375},{""pid"":10464,""name"":""cmd.exe"",""cpu_percent"":0.0,""ws_mb"":8.7109375,""private_mb"":4.60546875},{""pid"":9620,""name"":""conhost.exe"",""cpu_percent"":0.0,""ws_mb"":10.08203125,""private_mb"":1.69140625},{""pid"":33444,""name"":""powershell.exe"",""cpu_percent"":0.2983827648934638,""ws_mb"":99.25390625,""private_mb"":78.00390625},{""pid"":30128,""name"":""conhost.exe"",""cpu_percent"":0.0,""ws_mb"":7.67578125,""private_mb"":1.2109375},{""pid"":33764,""name"":""electron.exe"",""cpu_percent"":0.027125705899405803,""ws_mb"":117.7265625,""private_mb"":78.6484375},{""pid"":41640,""name"":""electron.exe"",""cpu_percent"":0.0,""ws_mb"":110.203125,""private_mb"":57.4375},{""pid"":33396,""name"":""electron.exe"",""cpu_percent"":0.0,""ws_mb"":58.33984375,""private_mb"":13.21484375},{""pid"":48740,""name"":""cmd.exe"",""cpu_percent"":0.0,""ws_mb"":8.86328125,""private_mb"":4.75390625},{""pid"":40444,""name"":""node.exe"",""cpu_percent"":0.0,""ws_mb"":71.1171875,""private_mb"":69.96875}]"
"2026-10-02T02:49:29.7002444Z","4.9796075","0.20918650047552276","542.9453125","328.74609375","140","3854","10","","0","64.85497778939117","0.125","9620;10464;30128;33396;33444;33764;35056;40444;41640;48740","[{""pid"":35056,""name"":""node.exe"",""cpu_percent"":0.0,""ws_mb"":51.3359375,""private_mb"":19.3984375},{""pid"":10464,""name"":""cmd.exe"",""cpu_percent"":0.0,""ws_mb"":8.7109375,""private_mb"":4.60546875},{""pid"":9620,""name"":""conhost.exe"",""cpu_percent"":0.0,""ws_mb"":10.08203125,""private_mb"":1.69140625},{""pid"":33444,""name"":""powershell.exe"",""cpu_percent"":0.1830381879160824,""ws_mb"":99.5,""private_mb"":78.14453125},{""pid"":30128,""name"":""conhost.exe"",""cpu_percent"":0.0,""ws_mb"":7.67578125,""private_mb"":1.2109375},{""pid"":33764,""name"":""electron.exe"",""cpu_percent"":0.026148312559440345,""ws_mb"":117.1171875,""private_mb"":78.3203125},{""pid"":41640,""name"":""electron.exe"",""cpu_percent"":0.0,""ws_mb"":110.203125,""private_mb"":57.4375},{""pid"":33396,""name"":""electron.exe"",""cpu_percent"":0.0,""ws_mb"":58.33984375,""private_mb"":13.21484375},{""pid"":48740,""name"":""cmd.exe"",""cpu_percent"":0.0,""ws_mb"":8.86328125,""private_mb"":4.75390625},{""pid"":40444,""name"":""node.exe"",""cpu_percent"":0.0,""ws_mb"":71.1171875,""private_mb"":69.96875}]"
"2026-10-02T02:49:34.7776327Z","5.0773883","0.23080271406463043","543.69140625","329.765625","140","3856","10","","0","59.08741348372212","0.140625","9620;10464;30128;33396;33444;33764;35056;40444;41640;48740","[{""pid"":35056,""name"":""node.exe"",""cpu_percent"":0.0,""ws_mb"":51.3359375,""private_mb"":19.3984375},{""pid"":10464,""name"":""cmd.exe"",""cpu_percent"":0.0,""ws_mb"":8.7109375,""private_mb"":4.60546875},{""pid"":9620,""name"":""conhost.exe"",""cpu_percent"":0.0,""ws_mb"":10.08203125,""private_mb"":1.69140625},{""pid"":33444,""name"":""powershell.exe"",""cpu_percent"":0.1795132220502681,""ws_mb"":99.58203125,""private_mb"":78.26953125},{""pid"":30128,""name"":""conhost.exe"",""cpu_percent"":0.0,""ws_mb"":7.67578125,""private_mb"":1.2109375},{""pid"":33764,""name"":""electron.exe"",""cpu_percent"":0.025644746007181158,""ws_mb"":117.78125,""private_mb"":79.21484375},{""pid"":41640,""name"":""electron.exe"",""cpu_percent"":0.0,""ws_mb"":110.203125,""private_mb"":57.4375},{""pid"":33396,""name"":""electron.exe"",""cpu_percent"":0.025644746007181158,""ws_mb"":58.33984375,""private_mb"":13.21484375},{""pid"":48740,""name"":""cmd.exe"",""cpu_percent"":0.0,""ws_mb"":8.86328125,""private_mb"":4.75390625},{""pid"":40444,""name"":""node.exe"",""cpu_percent"":0.0,""ws_mb"":71.1171875,""private_mb"":69.96875}]"
"2026-10-02T02:49:39.7474572Z","4.9698245","0.31439741986864933","540.7421875","326.69921875","140","3852","10","","0","56.884343036978755","0.1875","9620;10464;30128;33396;33444;33764;35056;40444;41640;48740","[{""pid"":35056,""name"":""node.exe"",""cpu_percent"":0.0,""ws_mb"":51.3359375,""private_mb"":19.3984375},{""pid"":10464,""name"":""cmd.exe"",""cpu_percent"":0.0,""ws_mb"":8.7109375,""private_mb"":4.60546875},{""pid"":9620,""name"":""conhost.exe"",""cpu_percent"":0.0,""ws_mb"":10.08203125,""private_mb"":1.69140625},{""pid"":33444,""name"":""powershell.exe"",""cpu_percent"":0.31439741986864933,""ws_mb"":96.75,""private_mb"":75.38671875},{""pid"":30128,""name"":""conhost.exe"",""cpu_percent"":0.0,""ws_mb"":7.67578125,""private_mb"":1.2109375},{""pid"":33764,""name"":""electron.exe"",""cpu_percent"":0.0,""ws_mb"":117.6640625,""private_mb"":79.02734375},{""pid"":41640,""name"":""electron.exe"",""cpu_percent"":0.0,""ws_mb"":110.203125,""private_mb"":57.4375},{""pid"":33396,""name"":""electron.exe"",""cpu_percent"":0.0,""ws_mb"":58.33984375,""private_mb"":13.21875},{""pid"":48740,""name"":""cmd.exe"",""cpu_percent"":0.0,""ws_mb"":8.86328125,""private_mb"":4.75390625},{""pid"":40444,""name"":""node.exe"",""cpu_percent"":0.0,""ws_mb"":71.1171875,""private_mb"":69.96875}]"
"2026-10-02T02:49:44.7824822Z","5.035025","0.2068841101417901","542.6015625","329.08984375","141","3852","10","","0","58.88285492629946","0.125","9620;10464;30128;33396;33444;33764;35056;40444;41640;48740","[{""pid"":35056,""name"":""node.exe"",""cpu_percent"":0.0,""ws_mb"":51.3359375,""private_mb"":19.3984375},{""pid"":10464,""name"":""cmd.exe"",""cpu_percent"":0.0,""ws_mb"":8.7109375,""private_mb"":4.60546875},{""pid"":9620,""name"":""conhost.exe"",""cpu_percent"":0.0,""ws_mb"":10.08203125,""private_mb"":1.69140625},{""pid"":33444,""name"":""powershell.exe"",""cpu_percent"":0.18102359637406634,""ws_mb"":97.29296875,""private_mb"":75.96484375},{""pid"":30128,""name"":""conhost.exe"",""cpu_percent"":0.0,""ws_mb"":7.67578125,""private_mb"":1.2109375},{""pid"":33764,""name"":""electron.exe"",""cpu_percent"":0.02586051376772376,""ws_mb"":118.9609375,""private_mb"":80.80859375},{""pid"":41640,""name"":""electron.exe"",""cpu_percent"":0.0,""ws_mb"":110.22265625,""private_mb"":57.46875},{""pid"":33396,""name"":""electron.exe"",""cpu_percent"":0.0,""ws_mb"":58.33984375,""private_mb"":13.21875},{""pid"":48740,""name"":""cmd.exe"",""cpu_percent"":0.0,""ws_mb"":8.86328125,""private_mb"":4.75390625},{""pid"":40444,""name"":""node.exe"",""cpu_percent"":0.0,""ws_mb"":71.1171875,""private_mb"":69.96875}]"
"2026-10-02T02:49:49.8344486Z","5.0519664","0.18041654697729845","542.13671875","328.60546875","141","3850","10","","0","61.53250773993808","0.109375","9620;10464;30128;33396;33444;33764;35056;40444;41640;48740","[{""pid"":35056,""name"":""node.exe"",""cpu_percent"":0.0,""ws_mb"":51.3359375,""private_mb"":19.3984375},{""pid"":10464,""name"":""cmd.exe"",""cpu_percent"":0.0,""ws_mb"":8.7109375,""private_mb"":4.60546875},{""pid"":9620,""name"":""conhost.exe"",""cpu_percent"":0.0,""ws_mb"":10.08203125,""private_mb"":1.69140625},{""pid"":33444,""name"":""powershell.exe"",""cpu_percent"":0.18041654697729845,""ws_mb"":97.86328125,""private_mb"":76.48828125},{""pid"":30128,""name"":""conhost.exe"",""cpu_percent"":0.0,""ws_mb"":7.67578125,""private_mb"":1.2109375},{""pid"":33764,""name"":""electron.exe"",""cpu_percent"":0.0,""ws_mb"":117.921875,""private_mb"":79.80078125},{""pid"":41640,""name"":""electron.exe"",""cpu_percent"":0.0,""ws_mb"":110.22265625,""private_mb"":57.46875},{""pid"":33396,""name"":""electron.exe"",""cpu_percent"":0.0,""ws_mb"":58.34375,""private_mb"":13.21875},{""pid"":48740,""name"":""cmd.exe"",""cpu_percent"":0.0,""ws_mb"":8.86328125,""private_mb"":4.75390625},{""pid"":40444,""name"":""node.exe"",""cpu_percent"":0.0,""ws_mb"":71.1171875,""private_mb"":69.96875}]"
"2026-10-02T02:49:55.0259370Z","5.1914884","0.4012978885464395","526.14453125","335.25390625","159","3855","10","","0","86.98698698698699","0.25","9620;10464;30128;33396;33444;33764;35056;40444;41640;48740","[{""pid"":35056,""name"":""node.exe"",""cpu_percent"":0.0,""ws_mb"":51.44921875,""private_mb"":19.46484375},{""pid"":10464,""name"":""cmd.exe"",""cpu_percent"":0.0,""ws_mb"":8.83203125,""private_mb"":6.6171875},{""pid"":9620,""name"":""conhost.exe"",""cpu_percent"":0.0,""ws_mb"":10.22265625,""private_mb"":1.765625},{""pid"":33444,""name"":""powershell.exe"",""cpu_percent"":0.35113565247813455,""ws_mb"":98.05859375,""private_mb"":76.51953125},{""pid"":30128,""name"":""conhost.exe"",""cpu_percent"":0.0,""ws_mb"":7.796875,""private_mb"":1.2890625},{""pid"":33764,""name"":""electron.exe"",""cpu_percent"":0.05016223606830494,""ws_mb"":119.921875,""private_mb"":82.01171875},{""pid"":41640,""name"":""electron.exe"",""cpu_percent"":0.0,""ws_mb"":99.6328125,""private_mb"":57.50390625},{""pid"":33396,""name"":""electron.exe"",""cpu_percent"":0.0,""ws_mb"":50.01953125,""private_mb"":13.28125},{""pid"":48740,""name"":""cmd.exe"",""cpu_percent"":0.0,""ws_mb"":8.98046875,""private_mb"":6.765625},{""pid"":40444,""name"":""node.exe"",""cpu_percent"":0.0,""ws_mb"":71.23046875,""private_mb"":70.03515625}]"
"2026-10-02T02:49:59.7466862Z","4.7207492","0.3034034654216891","511.5078125","333.95703125","159","3855","10","","0","77.51103752759381","0.171875","9620;10464;30128;33396;33444;33764;35056;40444;41640;48740","[{""pid"":35056,""name"":""node.exe"",""cpu_percent"":0.0,""ws_mb"":51.44921875,""private_mb"":19.46484375},{""pid"":10464,""name"":""cmd.exe"",""cpu_percent"":0.0,""ws_mb"":8.046875,""private_mb"":6.6171875},{""pid"":9620,""name"":""conhost.exe"",""cpu_percent"":0.0,""ws_mb"":9.68359375,""private_mb"":1.765625},{""pid"":33444,""name"":""powershell.exe"",""cpu_percent"":0.2758213322015356,""ws_mb"":96.80859375,""private_mb"":75.81640625},{""pid"":30128,""name"":""conhost.exe"",""cpu_percent"":0.0,""ws_mb"":6.9921875,""private_mb"":1.2890625},{""pid"":33764,""name"":""electron.exe"",""cpu_percent"":0.027582133220153557,""ws_mb"":118.48828125,""private_mb"":81.41796875},{""pid"":41640,""name"":""electron.exe"",""cpu_percent"":0.0,""ws_mb"":94.38671875,""private_mb"":57.50390625},{""pid"":33396,""name"":""electron.exe"",""cpu_percent"":0.0,""ws_mb"":46.13671875,""private_mb"":13.28125},{""pid"":48740,""name"":""cmd.exe"",""cpu_percent"":0.0,""ws_mb"":8.28515625,""private_mb"":6.765625},{""pid"":40444,""name"":""node.exe"",""cpu_percent"":0.0,""ws_mb"":71.23046875,""private_mb"":70.03515625}]"
"2026-10-02T02:50:04.9637300Z","5.2170438","0.2246243361039062","512.078125","334.58203125","159","3852","10","","0","68.38822355289422","0.140625","9620;10464;30128;33396;33444;33764;35056;40444;41640;48740","[{""pid"":35056,""name"":""node.exe"",""cpu_percent"":0.0,""ws_mb"":51.44921875,""private_mb"":19.46484375},{""pid"":10464,""name"":""cmd.exe"",""cpu_percent"":0.0,""ws_mb"":8.046875,""private_mb"":6.6171875},{""pid"":9620,""name"":""conhost.exe"",""cpu_percent"":0.0,""ws_mb"":9.68359375,""private_mb"":1.765625},{""pid"":33444,""name"":""powershell.exe"",""cpu_percent"":0.2246243361039062,""ws_mb"":97.37890625,""private_mb"":76.44140625},{""pid"":30128,""name"":""conhost.exe"",""cpu_percent"":0.0,""ws_mb"":6.9921875,""private_mb"":1.2890625},{""pid"":33764,""name"":""electron.exe"",""cpu_percent"":0.0,""ws_mb"":118.48828125,""private_mb"":81.41796875},{""pid"":41640,""name"":""electron.exe"",""cpu_percent"":0.0,""ws_mb"":94.38671875,""private_mb"":57.50390625},{""pid"":33396,""name"":""electron.exe"",""cpu_percent"":0.0,""ws_mb"":46.13671875,""private_mb"":13.28125},{""pid"":48740,""name"":""cmd.exe"",""cpu_percent"":0.0,""ws_mb"":8.28515625,""private_mb"":6.765625},{""pid"":40444,""name"":""node.exe"",""cpu_percent"":0.0,""ws_mb"":71.23046875,""private_mb"":70.03515625}]"
"2026-10-02T02:50:09.8637567Z","4.9000267","0.23915686010445616","512.765625","335.4921875","159","3850","10","","0","73.5090521831736","0.140625","9620;10464;30128;33396;33444;33764;35056;40444;41640;48740","[{""pid"":35056,""name"":""node.exe"",""cpu_percent"":0.0,""ws_mb"":51.44921875,""private_mb"":19.46484375},{""pid"":10464,""name"":""cmd.exe"",""cpu_percent"":0.0,""ws_mb"":8.046875,""private_mb"":6.6171875},{""pid"":9620,""name"":""conhost.exe"",""cpu_percent"":0.0,""ws_mb"":9.68359375,""private_mb"":1.765625},{""pid"":33444,""name"":""powershell.exe"",""cpu_percent"":0.23915686010445616,""ws_mb"":97.37890625,""private_mb"":76.44140625},{""pid"":30128,""name"":""conhost.exe"",""cpu_percent"":0.0,""ws_mb"":6.9921875,""private_mb"":1.2890625},{""pid"":33764,""name"":""electron.exe"",""cpu_percent"":0.0,""ws_mb"":119.1796875,""private_mb"":82.33203125},{""pid"":41640,""name"":""electron.exe"",""cpu_percent"":0.0,""ws_mb"":94.38671875,""private_mb"":57.50390625},{""pid"":33396,""name"":""electron.exe"",""cpu_percent"":0.0,""ws_mb"":46.1328125,""private_mb"":13.27734375},{""pid"":48740,""name"":""cmd.exe"",""cpu_percent"":0.0,""ws_mb"":8.28515625,""private_mb"":6.765625},{""pid"":40444,""name"":""node.exe"",""cpu_percent"":0.0,""ws_mb"":71.23046875,""private_mb"":70.03515625}]"
"2026-10-02T02:50:15.1392899Z","5.2755332","0.3455416917225858","502.16796875","336.25390625","158","3850","10","","0","93.31854043392505","0.21875","9620;10464;30128;33396;33444;33764;35056;40444;41640;48740","[{""pid"":35056,""name"":""node.exe"",""cpu_percent"":0.0,""ws_mb"":45.765625,""private_mb"":19.46484375},{""pid"":10464,""name"":""cmd.exe"",""cpu_percent"":0.0,""ws_mb"":8.046875,""private_mb"":6.6171875},{""pid"":9620,""name"":""conhost.exe"",""cpu_percent"":0.0,""ws_mb"":9.703125,""private_mb"":1.765625},{""pid"":33444,""name"":""powershell.exe"",""cpu_percent"":0.3208601423138297,""ws_mb"":96.953125,""private_mb"":75.921875},{""pid"":30128,""name"":""conhost.exe"",""cpu_percent"":0.0,""ws_mb"":6.73046875,""private_mb"":1.2890625},{""pid"":33764,""name"":""electron.exe"",""cpu_percent"":0.02468154940875613,""ws_mb"":120.3671875,""private_mb"":83.95703125},{""pid"":41640,""name"":""electron.exe"",""cpu_percent"":0.0,""ws_mb"":92.53515625,""private_mb"":57.16015625},{""pid"":33396,""name"":""electron.exe"",""cpu_percent"":0.0,""ws_mb"":44.953125,""private_mb"":13.27734375},{""pid"":48740,""name"":""cmd.exe"",""cpu_percent"":0.0,""ws_mb"":8.28515625,""private_mb"":6.765625},{""pid"":40444,""name"":""node.exe"",""cpu_percent"":0.0,""ws_mb"":68.828125,""private_mb"":70.03515625}]"
"2026-10-02T02:50:19.9058560Z","4.7665661","0.437072158368544","504.66015625","339.3203125","159","3856","10","","0","99.15300546448087","0.25","9620;10464;30128;33396;33444;33764;35056;40444;41640;48740","[{""pid"":35056,""name"":""node.exe"",""cpu_percent"":0.0,""ws_mb"":45.765625,""private_mb"":19.46484375},{""pid"":10464,""name"":""cmd.exe"",""cpu_percent"":0.0,""ws_mb"":8.046875,""private_mb"":6.6171875},{""pid"":9620,""name"":""conhost.exe"",""cpu_percent"":0.0,""ws_mb"":9.703125,""private_mb"":1.765625},{""pid"":33444,""name"":""powershell.exe"",""cpu_percent"":0.437072158368544,""ws_mb"":97.69921875,""private_mb"":76.68359375},{""pid"":30128,""name"":""conhost.exe"",""cpu_percent"":0.0,""ws_mb"":6.73046875,""private_mb"":1.2890625},{""pid"":33764,""name"":""electron.exe"",""cpu_percent"":0.0,""ws_mb"":122.11328125,""private_mb"":86.26171875},{""pid"":41640,""name"":""electron.exe"",""cpu_percent"":0.0,""ws_mb"":92.53515625,""private_mb"":57.16015625},{""pid"":33396,""name"":""electron.exe"",""cpu_percent"":0.0,""ws_mb"":44.953125,""private_mb"":13.27734375},{""pid"":48740,""name"":""cmd.exe"",""cpu_percent"":0.0,""ws_mb"":8.28515625,""private_mb"":6.765625},{""pid"":40444,""name"":""node.exe"",""cpu_percent"":0.0,""ws_mb"":68.828125,""private_mb"":70.03515625}]"
"2026-10-02T02:50:24.8383391Z","4.9324831","0.3959719598431062","508.94921875","344.1875","159","3853","10","","0","87.5925925925926","0.234375","9620;10464;30128;33396;33444;33764;35056;40444;41640;48740","[{""pid"":35056,""name"":""node.exe"",""cpu_percent"":0.0,""ws_mb"":45.765625,""private_mb"":19.46484375},{""pid"":10464,""name"":""cmd.exe"",""cpu_percent"":0.0,""ws_mb"":8.046875,""private_mb"":6.6171875},{""pid"":9620,""name"":""conhost.exe"",""cpu_percent"":0.0,""ws_mb"":9.703125,""private_mb"":1.765625},{""pid"":33444,""name"":""powershell.exe"",""cpu_percent"":0.343175698530692,""ws_mb"":99.84765625,""private_mb"":78.875},{""pid"":30128,""name"":""conhost.exe"",""cpu_percent"":0.0,""ws_mb"":6.73046875,""private_mb"":1.2890625},{""pid"":33764,""name"":""electron.exe"",""cpu_percent"":0.05279626131241416,""ws_mb"":124.25390625,""private_mb"":88.9375},{""pid"":41640,""name"":""electron.exe"",""cpu_percent"":0.0,""ws_mb"":92.53515625,""private_mb"":57.16015625},{""pid"":33396,""name"":""electron.exe"",""cpu_percent"":0.0,""ws_mb"":44.953125,""private_mb"":13.27734375},{""pid"":48740,""name"":""cmd.exe"",""cpu_percent"":0.0,""ws_mb"":8.28515625,""private_mb"":6.765625},{""pid"":40444,""name"":""node.exe"",""cpu_percent"":0.0,""ws_mb"":68.828125,""private_mb"":70.03515625}]"
"2026-10-02T02:50:30.0904786Z","5.2521395","0.3222892943596287","508.13671875","343.3984375","158","3853","10","","0","86.35014836795253","0.203125","9620;10464;30128;33396;33444;33764;35056;40444;41640;48740","[{""pid"":35056,""name"":""node.exe"",""cpu_percent"":0.0,""ws_mb"":45.765625,""private_mb"":19.46484375},{""pid"":10464,""name"":""cmd.exe"",""cpu_percent"":0.0,""ws_mb"":8.046875,""private_mb"":6.6171875},{""pid"":9620,""name"":""conhost.exe"",""cpu_percent"":0.0,""ws_mb"":9.703125,""private_mb"":1.765625},{""pid"":33444,""name"":""powershell.exe"",""cpu_percent"":0.3222892943596287,""ws_mb"":100.26953125,""private_mb"":79.3125},{""pid"":30128,""name"":""conhost.exe"",""cpu_percent"":0.0,""ws_mb"":6.73046875,""private_mb"":1.2890625},{""pid"":33764,""name"":""electron.exe"",""cpu_percent"":0.0,""ws_mb"":123.03515625,""private_mb"":87.7421875},{""pid"":41640,""name"":""electron.exe"",""cpu_percent"":0.0,""ws_mb"":92.53515625,""private_mb"":57.16015625},{""pid"":33396,""name"":""electron.exe"",""cpu_percent"":0.0,""ws_mb"":44.9375,""private_mb"":13.24609375},{""pid"":48740,""name"":""cmd.exe"",""cpu_percent"":0.0,""ws_mb"":8.28515625,""private_mb"":6.765625},{""pid"":40444,""name"":""node.exe"",""cpu_percent"":0.0,""ws_mb"":68.828125,""private_mb"":70.03515625}]"
"2026-10-02T02:50:35.1331760Z","5.0426974","0.38731750987080843","509.6328125","345.078125","158","3866","10","","0","94.90165631469979","0.234375","9620;10464;30128;33396;33444;33764;35056;40444;41640;48740","[{""pid"":35056,""name"":""node.exe"",""cpu_percent"":0.0,""ws_mb"":45.765625,""private_mb"":19.46484375},{""pid"":10464,""name"":""cmd.exe"",""cpu_percent"":0.0,""ws_mb"":8.046875,""private_mb"":6.6171875},{""pid"":9620,""name"":""conhost.exe"",""cpu_percent"":0.0,""ws_mb"":9.703125,""private_mb"":1.765625},{""pid"":33444,""name"":""powershell.exe"",""cpu_percent"":0.36149634254608787,""ws_mb"":100.27734375,""private_mb"":79.3125},{""pid"":30128,""name"":""conhost.exe"",""cpu_percent"":0.0,""ws_mb"":6.73046875,""private_mb"":1.2890625},{""pid"":33764,""name"":""electron.exe"",""cpu_percent"":0.025821167324720562,""ws_mb"":124.5234375,""private_mb"":89.421875},{""pid"":41640,""name"":""electron.exe"",""cpu_percent"":0.0,""ws_mb"":92.53515625,""private_mb"":57.16015625},{""pid"":33396,""name"":""electron.exe"",""cpu_percent"":0.0,""ws_mb"":44.9375,""private_mb"":13.24609375},{""pid"":48740,""name"":""cmd.exe"",""cpu_percent"":0.0,""ws_mb"":8.28515625,""private_mb"":6.765625},{""pid"":40444,""name"":""node.exe"",""cpu_percent"":0.0,""ws_mb"":68.828125,""private_mb"":70.03515625}]"
"2026-10-02T02:50:39.9157266Z","4.7825506","0.544514190119947","504.49609375","335.87109375","158","3862","10","","0","93.12126155519304","0.3125","9620;10464;30128;33396;33444;33764;35056;40444;41640;48740","[{""pid"":35056,""name"":""node.exe"",""cpu_percent"":0.0,""ws_mb"":45.765625,""private_mb"":19.46484375},{""pid"":10464,""name"":""cmd.exe"",""cpu_percent"":0.0,""ws_mb"":8.046875,""private_mb"":6.6171875},{""pid"":9620,""name"":""conhost.exe"",""cpu_percent"":0.0,""ws_mb"":9.703125,""private_mb"":1.765625},{""pid"":33444,""name"":""powershell.exe"",""cpu_percent"":0.32670851407196816,""ws_mb"":99.0078125,""private_mb"":78.078125},{""pid"":30128,""name"":""conhost.exe"",""cpu_percent"":0.0,""ws_mb"":6.73046875,""private_mb"":1.2890625},{""pid"":33764,""name"":""electron.exe"",""cpu_percent"":0.2178056760479788,""ws_mb"":120.65625,""private_mb"":81.44921875},{""pid"":41640,""name"":""electron.exe"",""cpu_percent"":0.0,""ws_mb"":92.53515625,""private_mb"":57.16015625},{""pid"":33396,""name"":""electron.exe"",""cpu_percent"":0.0,""ws_mb"":44.9375,""private_mb"":13.24609375},{""pid"":48740,""name"":""cmd.exe"",""cpu_percent"":0.0,""ws_mb"":8.28515625,""private_mb"":6.765625},{""pid"":40444,""name"":""node.exe"",""cpu_percent"":0.0,""ws_mb"":68.828125,""private_mb"":70.03515625}]"
"2026-10-02T02:50:45.0289584Z","5.1132318","0.4838345747073961","504.35546875","335.88671875","158","3868","10","","0","84.55470737913485","0.296875","9620;10464;30128;33396;33444;33764;35056;40444;41640;48740","[{""pid"":35056,""name"":""node.exe"",""cpu_percent"":0.0,""ws_mb"":45.765625,""private_mb"":19.46484375},{""pid"":10464,""name"":""cmd.exe"",""cpu_percent"":0.0,""ws_mb"":8.046875,""private_mb"":6.6171875},{""pid"":9620,""name"":""conhost.exe"",""cpu_percent"":0.0,""ws_mb"":9.703125,""private_mb"":1.765625},{""pid"":33444,""name"":""powershell.exe"",""cpu_percent"":0.4329046194750386,""ws_mb"":99.3046875,""private_mb"":78.078125},{""pid"":30128,""name"":""conhost.exe"",""cpu_percent"":0.0,""ws_mb"":6.73046875,""private_mb"":1.2890625},{""pid"":33764,""name"":""electron.exe"",""cpu_percent"":0.05092995523235748,""ws_mb"":120.21875,""private_mb"":81.46484375},{""pid"":41640,""name"":""electron.exe"",""cpu_percent"":0.0,""ws_mb"":92.53515625,""private_mb"":57.16015625},{""pid"":33396,""name"":""electron.exe"",""cpu_percent"":0.0,""ws_mb"":44.9375,""private_mb"":13.24609375},{""pid"":48740,""name"":""cmd.exe"",""cpu_percent"":0.0,""ws_mb"":8.28515625,""private_mb"":6.765625},{""pid"":40444,""name"":""node.exe"",""cpu_percent"":0.0,""ws_mb"":68.828125,""private_mb"":70.03515625}]"
"2026-10-02T02:50:50.2452881Z","5.2163297","0.3245017916205207","502.48828125","333.875","158","3864","10","","0","88.04890219560878","0.203125","9620;10464;30128;33396;33444;33764;35056;40444;41640;48740","[{""pid"":35056,""name"":""node.exe"",""cpu_percent"":0.0,""ws_mb"":45.765625,""private_mb"":19.46484375},{""pid"":10464,""name"":""cmd.exe"",""cpu_percent"":0.0,""ws_mb"":8.046875,""private_mb"":6.6171875},{""pid"":9620,""name"":""conhost.exe"",""cpu_percent"":0.0,""ws_mb"":9.703125,""private_mb"":1.765625},{""pid"":33444,""name"":""powershell.exe"",""cpu_percent"":0.2995401153420191,""ws_mb"":99.546875,""private_mb"":78.328125},{""pid"":30128,""name"":""conhost.exe"",""cpu_percent"":0.0,""ws_mb"":6.73046875,""private_mb"":1.2890625},{""pid"":33764,""name"":""electron.exe"",""cpu_percent"":0.0,""ws_mb"":118.109375,""private_mb"":79.203125},{""pid"":41640,""name"":""electron.exe"",""cpu_percent"":0.024961676278501592,""ws_mb"":92.53515625,""private_mb"":57.16015625},{""pid"":33396,""name"":""electron.exe"",""cpu_percent"":0.0,""ws_mb"":44.9375,""private_mb"":13.24609375},{""pid"":48740,""name"":""cmd.exe"",""cpu_percent"":0.0,""ws_mb"":8.28515625,""private_mb"":6.765625},{""pid"":40444,""name"":""node.exe"",""cpu_percent"":0.0,""ws_mb"":68.828125,""private_mb"":70.03515625}]"
"2026-10-02T02:50:55.0831486Z","4.8378605","0.45754557550112634","502.640625","333.98046875","159","3888","10","","0","85.30204962243798","0.265625","9620;10464;30128;33396;33444;33764;35056;40444;41640;48740","[{""pid"":35056,""name"":""node.exe"",""cpu_percent"":0.0,""ws_mb"":45.765625,""private_mb"":19.46484375},{""pid"":10464,""name"":""cmd.exe"",""cpu_percent"":0.0,""ws_mb"":8.046875,""private_mb"":6.6171875},{""pid"":9620,""name"":""conhost.exe"",""cpu_percent"":0.0,""ws_mb"":9.703125,""private_mb"":1.765625},{""pid"":33444,""name"":""powershell.exe"",""cpu_percent"":0.3768022386479864,""ws_mb"":99.58984375,""private_mb"":78.33203125},{""pid"":30128,""name"":""conhost.exe"",""cpu_percent"":0.0,""ws_mb"":6.73046875,""private_mb"":1.2890625},{""pid"":33764,""name"":""electron.exe"",""cpu_percent"":0.026914445617713313,""ws_mb"":118.20703125,""private_mb"":79.30078125},{""pid"":41640,""name"":""electron.exe"",""cpu_percent"":0.026914445617713313,""ws_mb"":92.53515625,""private_mb"":57.16015625},{""pid"":33396,""name"":""electron.exe"",""cpu_percent"":0.026914445617713313,""ws_mb"":44.94921875,""private_mb"":13.25},{""pid"":48740,""name"":""cmd.exe"",""cpu_percent"":0.0,""ws_mb"":8.28515625,""private_mb"":6.765625},{""pid"":40444,""name"":""node.exe"",""cpu_percent"":0.0,""ws_mb"":68.828125,""private_mb"":70.03515625}]"
"2026-10-02T02:51:00.0852542Z","5.0021056","0.3123684553960636","505.5703125","337.24609375","159","3886","10","","0","87.16145833333333","0.1875","9620;10464;30128;33396;33444;33764;35056;40444;41640;48740","[{""pid"":35056,""name"":""node.exe"",""cpu_percent"":0.0,""ws_mb"":45.765625,""private_mb"":19.46484375},{""pid"":10464,""name"":""cmd.exe"",""cpu_percent"":0.0,""ws_mb"":8.046875,""private_mb"":6.6171875},{""pid"":9620,""name"":""conhost.exe"",""cpu_percent"":0.0,""ws_mb"":9.703125,""private_mb"":1.765625},{""pid"":33444,""name"":""powershell.exe"",""cpu_percent"":0.28633775077972495,""ws_mb"":99.59375,""private_mb"":78.33203125},{""pid"":30128,""name"":""conhost.exe"",""cpu_percent"":0.0,""ws_mb"":6.73046875,""private_mb"":1.2890625},{""pid"":33764,""name"":""electron.exe"",""cpu_percent"":0.026030704616338635,""ws_mb"":121.1328125,""private_mb"":82.56640625},{""pid"":41640,""name"":""electron.exe"",""cpu_percent"":0.0,""ws_mb"":92.53515625,""private_mb"":57.16015625},{""pid"":33396,""name"":""electron.exe"",""cpu_percent"":0.0,""ws_mb"":44.94921875,""private_mb"":13.25},{""pid"":48740,""name"":""cmd.exe"",""cpu_percent"":0.0,""ws_mb"":8.28515625,""private_mb"":6.765625},{""pid"":40444,""name"":""node.exe"",""cpu_percent"":0.0,""ws_mb"":68.828125,""private_mb"":70.03515625}]"
"2026-10-02T02:51:04.9942692Z","4.909015","0.26524329897817245","504.5234375","336.23046875","159","3886","10","","0","77.09660297239915","0.15625","9620;10464;30128;33396;33444;33764;35056;40444;41640;48740","[{""pid"":35056,""name"":""node.exe"",""cpu_percent"":0.0,""ws_mb"":45.765625,""private_mb"":19.46484375},{""pid"":10464,""name"":""cmd.exe"",""cpu_percent"":0.0,""ws_mb"":8.046875,""private_mb"":6.6171875},{""pid"":9620,""name"":""conhost.exe"",""cpu_percent"":0.0,""ws_mb"":9.703125,""private_mb"":1.765625},{""pid"":33444,""name"":""powershell.exe"",""cpu_percent"":0.23871896908035523,""ws_mb"":99.6015625,""private_mb"":78.33203125},{""pid"":30128,""name"":""conhost.exe"",""cpu_percent"":0.0,""ws_mb"":6.73046875,""private_mb"":1.2890625},{""pid"":33764,""name"":""electron.exe"",""cpu_percent"":0.0,""ws_mb"":120.078125,""private_mb"":81.55078125},{""pid"":41640,""name"":""electron.exe"",""cpu_percent"":0.026524329897817247,""ws_mb"":92.53515625,""private_mb"":57.16015625},{""pid"":33396,""name"":""electron.exe"",""cpu_percent"":0.0,""ws_mb"":44.94921875,""private_mb"":13.25},{""pid"":48740,""name"":""cmd.exe"",""cpu_percent"":0.0,""ws_mb"":8.28515625,""private_mb"":6.765625},{""pid"":40444,""name"":""node.exe"",""cpu_percent"":0.0,""ws_mb"":68.828125,""private_mb"":70.03515625}]"
"2026-10-02T02:51:09.9519535Z","4.9576843","0.3676951891968326","483.98046875","333.84765625","159","3888","10","","0","87.08071278825996","0.21875","9620;10464;30128;33396;33444;33764;35056;40444;41640;48740","[{""pid"":35056,""name"":""node.exe"",""cpu_percent"":0.0,""ws_mb"":45.765625,""private_mb"":19.46484375},{""pid"":10464,""name"":""cmd.exe"",""cpu_percent"":0.0,""ws_mb"":8.046875,""private_mb"":6.6171875},{""pid"":9620,""name"":""conhost.exe"",""cpu_percent"":0.0,""ws_mb"":9.703125,""private_mb"":1.765625},{""pid"":33444,""name"":""powershell.exe"",""cpu_percent"":0.28890336294036845,""ws_mb"":99.828125,""private_mb"":78.5859375},{""pid"":30128,""name"":""conhost.exe"",""cpu_percent"":0.0,""ws_mb"":6.73046875,""private_mb"":1.2890625},{""pid"":33764,""name"":""electron.exe"",""cpu_percent"":0.07879182625646412,""ws_mb"":103.53125,""private_mb"":78.9140625},{""pid"":41640,""name"":""electron.exe"",""cpu_percent"":0.0,""ws_mb"":88.3125,""private_mb"":57.16015625},{""pid"":33396,""name"":""electron.exe"",""cpu_percent"":0.0,""ws_mb"":44.94921875,""private_mb"":13.25},{""pid"":48740,""name"":""cmd.exe"",""cpu_percent"":0.0,""ws_mb"":8.28515625,""private_mb"":6.765625},{""pid"":40444,""name"":""node.exe"",""cpu_percent"":0.0,""ws_mb"":68.828125,""private_mb"":70.03515625}]"
"2026-10-02T02:51:15.2030261Z","5.2510726","0.27276173379638036","399.73828125","334.00390625","159","3888","10","","0","92.03869047619048","0.171875","9620;10464;30128;33396;33444;33764;35056;40444;41640;48740","[{""pid"":35056,""name"":""node.exe"",""cpu_percent"":0.0,""ws_mb"":28.265625,""private_mb"":19.46484375},{""pid"":10464,""name"":""cmd.exe"",""cpu_percent"":0.0,""ws_mb"":5.9765625,""private_mb"":6.6171875},{""pid"":9620,""name"":""conhost.exe"",""cpu_percent"":0.0,""ws_mb"":7.3671875,""private_mb"":1.765625},{""pid"":33444,""name"":""powershell.exe"",""cpu_percent"":0.27276173379638036,""ws_mb"":92.64453125,""private_mb"":78.7734375},{""pid"":30128,""name"":""conhost.exe"",""cpu_percent"":0.0,""ws_mb"":5.19921875,""private_mb"":1.2890625},{""pid"":33764,""name"":""electron.exe"",""cpu_percent"":0.0,""ws_mb"":93.92578125,""private_mb"":78.9140625},{""pid"":41640,""name"":""electron.exe"",""cpu_percent"":0.0,""ws_mb"":75.109375,""private_mb"":57.16015625},{""pid"":33396,""name"":""electron.exe"",""cpu_percent"":0.0,""ws_mb"":37.33203125,""private_mb"":13.21875},{""pid"":48740,""name"":""cmd.exe"",""cpu_percent"":0.0,""ws_mb"":6.1171875,""private_mb"":6.765625},{""pid"":40444,""name"":""node.exe"",""cpu_percent"":0.0,""ws_mb"":47.80078125,""private_mb"":70.03515625}]"
"2026-10-02T02:51:19.9368872Z","4.7338611","0.3025630952008006","401.19921875","335.60546875","158","3887","10","","0","93.45434543454346","0.171875","9620;10464;30128;33396;33444;33764;35056;40444;41640;48740","[{""pid"":35056,""name"":""node.exe"",""cpu_percent"":0.0,""ws_mb"":28.265625,""private_mb"":19.46484375},{""pid"":10464,""name"":""cmd.exe"",""cpu_percent"":0.0,""ws_mb"":5.9765625,""private_mb"":6.6171875},{""pid"":9620,""name"":""conhost.exe"",""cpu_percent"":0.0,""ws_mb"":7.3671875,""private_mb"":1.765625},{""pid"":33444,""name"":""powershell.exe"",""cpu_percent"":0.3025630952008006,""ws_mb"":93.71875,""private_mb"":79.80859375},{""pid"":30128,""name"":""conhost.exe"",""cpu_percent"":0.0,""ws_mb"":5.19921875,""private_mb"":1.2890625},{""pid"":33764,""name"":""electron.exe"",""cpu_percent"":0.0,""ws_mb"":94.30859375,""private_mb"":79.48046875},{""pid"":41640,""name"":""electron.exe"",""cpu_percent"":0.0,""ws_mb"":75.109375,""private_mb"":57.16015625},{""pid"":33396,""name"":""electron.exe"",""cpu_percent"":0.0,""ws_mb"":37.3359375,""private_mb"":13.21875},{""pid"":48740,""name"":""cmd.exe"",""cpu_percent"":0.0,""ws_mb"":6.1171875,""private_mb"":6.765625},{""pid"":40444,""name"":""node.exe"",""cpu_percent"":0.0,""ws_mb"":47.80078125,""private_mb"":70.03515625}]"
"2026-10-02T02:51:24.8833109Z","4.9464237","0.3685322522344106","403.3125","338.1953125","159","3880","10","","0","96.80907172995781","0.21875","9620;10464;30128;33396;33444;33764;35056;40444;41640;48740","[{""pid"":35056,""name"":""node.exe"",""cpu_percent"":0.0,""ws_mb"":28.265625,""private_mb"":19.46484375},{""pid"":10464,""name"":""cmd.exe"",""cpu_percent"":0.0,""ws_mb"":5.9765625,""private_mb"":6.6171875},{""pid"":9620,""name"":""conhost.exe"",""cpu_percent"":0.0,""ws_mb"":7.3671875,""private_mb"":1.765625},{""pid"":33444,""name"":""powershell.exe"",""cpu_percent"":0.3158847876294948,""ws_mb"":91.78515625,""private_mb"":77.875},{""pid"":30128,""name"":""conhost.exe"",""cpu_percent"":0.0,""ws_mb"":5.19921875,""private_mb"":1.2890625},{""pid"":33764,""name"":""electron.exe"",""cpu_percent"":0.052647464604915796,""ws_mb"":98.35546875,""private_mb"":84},{""pid"":41640,""name"":""electron.exe"",""cpu_percent"":0.0,""ws_mb"":75.109375,""private_mb"":57.16015625},{""pid"":33396,""name"":""electron.exe"",""cpu_percent"":0.0,""ws_mb"":37.3359375,""private_mb"":13.22265625},{""pid"":48740,""name"":""cmd.exe"",""cpu_percent"":0.0,""ws_mb"":6.1171875,""private_mb"":6.765625},{""pid"":40444,""name"":""node.exe"",""cpu_percent"":0.0,""ws_mb"":47.80078125,""private_mb"":70.03515625}]"
"2026-10-02T02:51:29.8892515Z","5.0059406","0.3641506786290406","402.953125","338.1953125","159","3883","10","","0","95.87227414330218","0.21875","9620;10464;30128;33396;33444;33764;35056;40444;41640;48740","[{""pid"":35056,""name"":""node.exe"",""cpu_percent"":0.0,""ws_mb"":28.265625,""private_mb"":19.46484375},{""pid"":10464,""name"":""cmd.exe"",""cpu_percent"":0.0,""ws_mb"":5.9765625,""private_mb"":6.6171875},{""pid"":9620,""name"":""conhost.exe"",""cpu_percent"":0.0,""ws_mb"":7.3671875,""private_mb"":1.765625},{""pid"":33444,""name"":""powershell.exe"",""cpu_percent"":0.3641506786290406,""ws_mb"":91.78515625,""private_mb"":77.875},{""pid"":30128,""name"":""conhost.exe"",""cpu_percent"":0.0,""ws_mb"":5.19921875,""private_mb"":1.2890625},{""pid"":33764,""name"":""electron.exe"",""cpu_percent"":0.0,""ws_mb"":97.99609375,""private_mb"":84},{""pid"":41640,""name"":""electron.exe"",""cpu_percent"":0.0,""ws_mb"":75.109375,""private_mb"":57.16015625},{""pid"":33396,""name"":""electron.exe"",""cpu_percent"":0.0,""ws_mb"":37.3359375,""private_mb"":13.22265625},{""pid"":48740,""name"":""cmd.exe"",""cpu_percent"":0.0,""ws_mb"":6.1171875,""private_mb"":6.765625},{""pid"":40444,""name"":""node.exe"",""cpu_percent"":0.0,""ws_mb"":47.80078125,""private_mb"":70.03515625}]"
"2026-10-02T02:51:34.9119713Z","5.0227198","0.259238696399774","401.80078125","333.21875","148","3895","10","","0","97.84527518172378","0.15625","9620;10464;30128;33396;33444;33764;35056;40444;41640;48740","[{""pid"":35056,""name"":""node.exe"",""cpu_percent"":0.0,""ws_mb"":28.328125,""private_mb"":19.3984375},{""pid"":10464,""name"":""cmd.exe"",""cpu_percent"":0.0,""ws_mb"":5.98828125,""private_mb"":4.60546875},{""pid"":9620,""name"":""conhost.exe"",""cpu_percent"":0.0,""ws_mb"":7.390625,""private_mb"":1.69140625},{""pid"":33444,""name"":""powershell.exe"",""cpu_percent"":0.23331482675979656,""ws_mb"":90.9609375,""private_mb"":77.03515625},{""pid"":30128,""name"":""conhost.exe"",""cpu_percent"":0.0,""ws_mb"":5.19921875,""private_mb"":1.2890625},{""pid"":33764,""name"":""electron.exe"",""cpu_percent"":0.025923869639977396,""ws_mb"":97.578125,""private_mb"":84.09375},{""pid"":41640,""name"":""electron.exe"",""cpu_percent"":0.0,""ws_mb"":75.109375,""private_mb"":57.16015625},{""pid"":33396,""name"":""electron.exe"",""cpu_percent"":0.0,""ws_mb"":37.3359375,""private_mb"":13.22265625},{""pid"":48740,""name"":""cmd.exe"",""cpu_percent"":0.0,""ws_mb"":6.12890625,""private_mb"":4.75390625},{""pid"":40444,""name"":""node.exe"",""cpu_percent"":0.0,""ws_mb"":47.78125,""private_mb"":69.96875}]"
"2026-10-02T02:51:39.8679983Z","4.956027","0.3152726972633523","406.8046875","338.55859375","145","3891","10","","0","91.66666666666667","0.1875","9620;10464;30128;33396;33444;33764;35056;40444;41640;48740","[{""pid"":35056,""name"":""node.exe"",""cpu_percent"":0.0,""ws_mb"":28.328125,""private_mb"":19.3984375},{""pid"":10464,""name"":""cmd.exe"",""cpu_percent"":0.0,""ws_mb"":5.98828125,""private_mb"":4.60546875},{""pid"":9620,""name"":""conhost.exe"",""cpu_percent"":0.0,""ws_mb"":7.390625,""private_mb"":1.69140625},{""pid"":33444,""name"":""powershell.exe"",""cpu_percent"":0.2627272477194602,""ws_mb"":92.49609375,""private_mb"":78.55859375},{""pid"":30128,""name"":""conhost.exe"",""cpu_percent"":0.0,""ws_mb"":5.20703125,""private_mb"":1.21875},{""pid"":33764,""name"":""electron.exe"",""cpu_percent"":0.052545449543892044,""ws_mb"":101.0546875,""private_mb"":88.015625},{""pid"":41640,""name"":""electron.exe"",""cpu_percent"":0.0,""ws_mb"":75.09375,""private_mb"":57.125},{""pid"":33396,""name"":""electron.exe"",""cpu_percent"":0.0,""ws_mb"":37.3359375,""private_mb"":13.22265625},{""pid"":48740,""name"":""cmd.exe"",""cpu_percent"":0.0,""ws_mb"":6.12890625,""private_mb"":4.75390625},{""pid"":40444,""name"":""node.exe"",""cpu_percent"":0.0,""ws_mb"":47.78125,""private_mb"":69.96875}]"
"2026-10-02T02:51:44.8452758Z","4.9772775","0.4185688528182995","406.84375","338.65234375","145","3887","10","","0","77.56008359456635","0.25","9620;10464;30128;33396;33444;33764;35056;40444;41640;48740","[{""pid"":35056,""name"":""node.exe"",""cpu_percent"":0.0,""ws_mb"":28.328125,""private_mb"":19.3984375},{""pid"":10464,""name"":""cmd.exe"",""cpu_percent"":0.0,""ws_mb"":5.98828125,""private_mb"":4.60546875},{""pid"":9620,""name"":""conhost.exe"",""cpu_percent"":0.0,""ws_mb"":7.390625,""private_mb"":1.69140625},{""pid"":33444,""name"":""powershell.exe"",""cpu_percent"":0.3924082995171557,""ws_mb"":92.46484375,""private_mb"":78.5078125},{""pid"":30128,""name"":""conhost.exe"",""cpu_percent"":0.0,""ws_mb"":5.20703125,""private_mb"":1.21875},{""pid"":33764,""name"":""electron.exe"",""cpu_percent"":0.026160553301143717,""ws_mb"":101.125,""private_mb"":88.16015625},{""pid"":41640,""name"":""electron.exe"",""cpu_percent"":0.0,""ws_mb"":75.09375,""private_mb"":57.125},{""pid"":33396,""name"":""electron.exe"",""cpu_percent"":0.0,""ws_mb"":37.3359375,""private_mb"":13.22265625},{""pid"":48740,""name"":""cmd.exe"",""cpu_percent"":0.0,""ws_mb"":6.12890625,""private_mb"":4.75390625},{""pid"":40444,""name"":""node.exe"",""cpu_percent"":0.0,""ws_mb"":47.78125,""private_mb"":69.96875}]"
"2026-10-02T02:51:49.8377718Z","4.992496","0.26080808744430306","403.96875","335.78125","145","3885","10","","0","75.05224660397074","0.15625","9620;10464;30128;33396;33444;33764;35056;40444;41640;48740","[{""pid"":35056,""name"":""node.exe"",""cpu_percent"":0.0,""ws_mb"":28.328125,""private_mb"":19.3984375},{""pid"":10464,""name"":""cmd.exe"",""cpu_percent"":0.0,""ws_mb"":5.98828125,""private_mb"":4.60546875},{""pid"":9620,""name"":""conhost.exe"",""cpu_percent"":0.0,""ws_mb"":7.390625,""private_mb"":1.69140625},{""pid"":33444,""name"":""powershell.exe"",""cpu_percent"":0.23472727869987275,""ws_mb"":92.4765625,""private_mb"":78.5078125},{""pid"":30128,""name"":""conhost.exe"",""cpu_percent"":0.0,""ws_mb"":5.20703125,""private_mb"":1.21875},{""pid"":33764,""name"":""electron.exe"",""cpu_percent"":0.026080808744430306,""ws_mb"":98.23828125,""private_mb"":85.2890625},{""pid"":41640,""name"":""electron.exe"",""cpu_percent"":0.0,""ws_mb"":75.09375,""private_mb"":57.125},{""pid"":33396,""name"":""electron.exe"",""cpu_percent"":0.0,""ws_mb"":37.3359375,""private_mb"":13.22265625},{""pid"":48740,""name"":""cmd.exe"",""cpu_percent"":0.0,""ws_mb"":6.12890625,""private_mb"":4.75390625},{""pid"":40444,""name"":""node.exe"",""cpu_percent"":0.0,""ws_mb"":47.78125,""private_mb"":69.96875}]"
"2026-10-02T02:51:54.7958799Z","4.9581081","0.3151403657374877","403.97265625","335.78125","145","3885","10","","0","70.47718930256949","0.1875","9620;10464;30128;33396;33444;33764;35056;40444;41640;48740","[{""pid"":35056,""name"":""node.exe"",""cpu_percent"":0.0,""ws_mb"":28.328125,""private_mb"":19.3984375},{""pid"":10464,""name"":""cmd.exe"",""cpu_percent"":0.0,""ws_mb"":5.98828125,""private_mb"":4.60546875},{""pid"":9620,""name"":""conhost.exe"",""cpu_percent"":0.0,""ws_mb"":7.390625,""private_mb"":1.69140625},{""pid"":33444,""name"":""powershell.exe"",""cpu_percent"":0.3151403657374877,""ws_mb"":92.4765625,""private_mb"":78.5078125},{""pid"":30128,""name"":""conhost.exe"",""cpu_percent"":0.0,""ws_mb"":5.20703125,""private_mb"":1.21875},{""pid"":33764,""name"":""electron.exe"",""cpu_percent"":0.0,""ws_mb"":98.23828125,""private_mb"":85.2890625},{""pid"":41640,""name"":""electron.exe"",""cpu_percent"":0.0,""ws_mb"":75.09375,""private_mb"":57.125},{""pid"":33396,""name"":""electron.exe"",""cpu_percent"":0.0,""ws_mb"":37.33984375,""private_mb"":13.22265625},{""pid"":48740,""name"":""cmd.exe"",""cpu_percent"":0.0,""ws_mb"":6.12890625,""private_mb"":4.75390625},{""pid"":40444,""name"":""node.exe"",""cpu_percent"":0.0,""ws_mb"":47.78125,""private_mb"":69.96875}]"
"2026-10-02T02:51:59.7547723Z","4.9588924","0.3938631537961985","402.47265625","331.625","145","3878","10","","0","85.65423016290069","0.234375","9620;10464;30128;33396;33444;33764;35056;40444;41640;48740","[{""pid"":35056,""name"":""node.exe"",""cpu_percent"":0.0,""ws_mb"":28.328125,""private_mb"":19.3984375},{""pid"":10464,""name"":""cmd.exe"",""cpu_percent"":0.0,""ws_mb"":5.98828125,""private_mb"":4.60546875},{""pid"":9620,""name"":""conhost.exe"",""cpu_percent"":0.0,""ws_mb"":7.390625,""private_mb"":1.69140625},{""pid"":33444,""name"":""powershell.exe"",""cpu_percent"":0.31509052303695884,""ws_mb"":92.6015625,""private_mb"":78.63671875},{""pid"":30128,""name"":""conhost.exe"",""cpu_percent"":0.0,""ws_mb"":5.20703125,""private_mb"":1.21875},{""pid"":33764,""name"":""electron.exe"",""cpu_percent"":0.07877263075923971,""ws_mb"":96.61328125,""private_mb"":81.00390625},{""pid"":41640,""name"":""electron.exe"",""cpu_percent"":0.0,""ws_mb"":75.09375,""private_mb"":57.125},{""pid"":33396,""name"":""electron.exe"",""cpu_percent"":0.0,""ws_mb"":37.33984375,""private_mb"":13.22265625},{""pid"":48740,""name"":""cmd.exe"",""cpu_percent"":0.0,""ws_mb"":6.12890625,""private_mb"":4.75390625},{""pid"":40444,""name"":""node.exe"",""cpu_percent"":0.0,""ws_mb"":47.78125,""private_mb"":69.96875}]"
"2026-10-02T02:52:04.8023559Z","5.0475836","0.23216554550973656","403.0859375","332.31640625","145","3878","10","","0","69.50464396284829","0.140625","9620;10464;30128;33396;33444;33764;35056;40444;41640;48740","[{""pid"":35056,""name"":""node.exe"",""cpu_percent"":0.0,""ws_mb"":28.328125,""private_mb"":19.3984375},{""pid"":10464,""name"":""cmd.exe"",""cpu_percent"":0.0,""ws_mb"":5.98828125,""private_mb"":4.60546875},{""pid"":9620,""name"":""conhost.exe"",""cpu_percent"":0.0,""ws_mb"":7.390625,""private_mb"":1.69140625},{""pid"":33444,""name"":""powershell.exe"",""cpu_percent"":0.23216554550973656,""ws_mb"":92.60546875,""private_mb"":78.63671875},{""pid"":30128,""name"":""conhost.exe"",""cpu_percent"":0.0,""ws_mb"":5.20703125,""private_mb"":1.21875},{""pid"":33764,""name"":""electron.exe"",""cpu_percent"":0.0,""ws_mb"":97.22265625,""private_mb"":81.6953125},{""pid"":41640,""name"":""electron.exe"",""cpu_percent"":0.0,""ws_mb"":75.09375,""private_mb"":57.125},{""pid"":33396,""name"":""electron.exe"",""cpu_percent"":0.0,""ws_mb"":37.33984375,""private_mb"":13.22265625},{""pid"":48740,""name"":""cmd.exe"",""cpu_percent"":0.0,""ws_mb"":6.12890625,""private_mb"":4.75390625},{""pid"":40444,""name"":""node.exe"",""cpu_percent"":0.0,""ws_mb"":47.78125,""private_mb"":69.96875}]"
"2026-10-02T02:52:09.7602882Z","4.9579323","0.3414141684293134","403.98828125","333.34375","145","3882","10","","0","74.00105152471083","0.203125","9620;10464;30128;33396;33444;33764;35056;40444;41640;48740","[{""pid"":35056,""name"":""node.exe"",""cpu_percent"":0.0,""ws_mb"":28.328125,""private_mb"":19.3984375},{""pid"":10464,""name"":""cmd.exe"",""cpu_percent"":0.0,""ws_mb"":5.98828125,""private_mb"":4.60546875},{""pid"":9620,""name"":""conhost.exe"",""cpu_percent"":0.0,""ws_mb"":7.390625,""private_mb"":1.69140625},{""pid"":33444,""name"":""powershell.exe"",""cpu_percent"":0.31515154008859697,""ws_mb"":92.609375,""private_mb"":78.63671875},{""pid"":30128,""name"":""conhost.exe"",""cpu_percent"":0.0,""ws_mb"":5.20703125,""private_mb"":1.21875},{""pid"":33764,""name"":""electron.exe"",""cpu_percent"":0.026262628340716413,""ws_mb"":98.12109375,""private_mb"":82.72265625},{""pid"":41640,""name"":""electron.exe"",""cpu_percent"":0.0,""ws_mb"":75.09375,""private_mb"":57.125},{""pid"":33396,""name"":""electron.exe"",""cpu_percent"":0.0,""ws_mb"":37.33984375,""private_mb"":13.22265625},{""pid"":48740,""name"":""cmd.exe"",""cpu_percent"":0.0,""ws_mb"":6.12890625,""private_mb"":4.75390625},{""pid"":40444,""name"":""node.exe"",""cpu_percent"":0.0,""ws_mb"":47.78125,""private_mb"":69.96875}]"
"2026-10-02T02:52:14.9311054Z","5.1708172","0.3021766075969578","402.6484375","332.04296875","145","3882","10","","0","84.74320241691844","0.1875","9620;10464;30128;33396;33444;33764;35056;40444;41640;48740","[{""pid"":35056,""name"":""node.exe"",""cpu_percent"":0.0,""ws_mb"":28.328125,""private_mb"":19.3984375},{""pid"":10464,""name"":""cmd.exe"",""cpu_percent"":0.0,""ws_mb"":5.98828125,""private_mb"":4.60546875},{""pid"":9620,""name"":""conhost.exe"",""cpu_percent"":0.0,""ws_mb"":7.390625,""private_mb"":1.69140625},{""pid"":33444,""name"":""powershell.exe"",""cpu_percent"":0.3021766075969578,""ws_mb"":92.609375,""private_mb"":78.63671875},{""pid"":30128,""name"":""conhost.exe"",""cpu_percent"":0.0,""ws_mb"":5.20703125,""private_mb"":1.21875},{""pid"":33764,""name"":""electron.exe"",""cpu_percent"":0.0,""ws_mb"":96.78125,""private_mb"":81.421875},{""pid"":41640,""name"":""electron.exe"",""cpu_percent"":0.0,""ws_mb"":75.09375,""private_mb"":57.125},{""pid"":33396,""name"":""electron.exe"",""cpu_percent"":0.0,""ws_mb"":37.33984375,""private_mb"":13.22265625},{""pid"":48740,""name"":""cmd.exe"",""cpu_percent"":0.0,""ws_mb"":6.12890625,""private_mb"":4.75390625},{""pid"":40444,""name"":""node.exe"",""cpu_percent"":0.0,""ws_mb"":47.78125,""private_mb"":69.96875}]"
"2026-10-02T02:52:19.7410984Z","4.809993","0.46019644242032504","404.1796875","334.2109375","145","3878","10","","0","80.76298701298701","0.265625","9620;10464;30128;33396;33444;33764;35056;40444;41640;48740","[{""pid"":35056,""name"":""node.exe"",""cpu_percent"":0.0,""ws_mb"":28.328125,""private_mb"":19.3984375},{""pid"":10464,""name"":""cmd.exe"",""cpu_percent"":0.0,""ws_mb"":5.98828125,""private_mb"":4.60546875},{""pid"":9620,""name"":""conhost.exe"",""cpu_percent"":0.0,""ws_mb"":7.390625,""private_mb"":1.69140625},{""pid"":33444,""name"":""powershell.exe"",""cpu_percent"":0.32484454759081766,""ws_mb"":92.95703125,""private_mb"":79.01171875},{""pid"":30128,""name"":""conhost.exe"",""cpu_percent"":0.0,""ws_mb"":5.20703125,""private_mb"":1.21875},{""pid"":33764,""name"":""electron.exe"",""cpu_percent"":0.13535189482950735,""ws_mb"":97.96484375,""private_mb"":83.21484375},{""pid"":41640,""name"":""electron.exe"",""cpu_percent"":0.0,""ws_mb"":75.09375,""private_mb"":57.125},{""pid"":33396,""name"":""electron.exe"",""cpu_percent"":0.0,""ws_mb"":37.33984375,""private_mb"":13.22265625},{""pid"":48740,""name"":""cmd.exe"",""cpu_percent"":0.0,""ws_mb"":6.12890625,""private_mb"":4.75390625},{""pid"":40444,""name"":""node.exe"",""cpu_percent"":0.0,""ws_mb"":47.78125,""private_mb"":69.96875}]"
"2026-10-02T02:52:24.7857994Z","5.044701","0.36135276732291305","404.59375","334.94921875","145","3876","10","","0","47.39422084623323","0.21875","9620;10464;30128;33396;33444;33764;35056;40444;41640;48740","[{""pid"":35056,""name"":""node.exe"",""cpu_percent"":0.0,""ws_mb"":28.328125,""private_mb"":19.3984375},{""pid"":10464,""name"":""cmd.exe"",""cpu_percent"":0.0,""ws_mb"":5.98828125,""private_mb"":4.60546875},{""pid"":9620,""name"":""conhost.exe"",""cpu_percent"":0.0,""ws_mb"":7.390625,""private_mb"":1.69140625},{""pid"":33444,""name"":""powershell.exe"",""cpu_percent"":0.3355418553712764,""ws_mb"":93.609375,""private_mb"":79.69140625},{""pid"":30128,""name"":""conhost.exe"",""cpu_percent"":0.0,""ws_mb"":5.20703125,""private_mb"":1.21875},{""pid"":33764,""name"":""electron.exe"",""cpu_percent"":0.025810911951636647,""ws_mb"":97.7265625,""private_mb"":83.2734375},{""pid"":41640,""name"":""electron.exe"",""cpu_percent"":0.0,""ws_mb"":75.09375,""private_mb"":57.125},{""pid"":33396,""name"":""electron.exe"",""cpu_percent"":0.0,""ws_mb"":37.33984375,""private_mb"":13.22265625},{""pid"":48740,""name"":""cmd.exe"",""cpu_percent"":0.0,""ws_mb"":6.12890625,""private_mb"":4.75390625},{""pid"":40444,""name"":""node.exe"",""cpu_percent"":0.0,""ws_mb"":47.78125,""private_mb"":69.96875}]"
"2026-10-02T02:52:29.7666954Z","4.980896","0.3659816761214582","405.01953125","335.5390625","145","3876","10","","0","62.74817136886102","0.21875","9620;10464;30128;33396;33444;33764;35056;40444;41640;48740","[{""pid"":35056,""name"":""node.exe"",""cpu_percent"":0.0,""ws_mb"":28.328125,""private_mb"":19.3984375},{""pid"":10464,""name"":""cmd.exe"",""cpu_percent"":0.0,""ws_mb"":5.98828125,""private_mb"":4.60546875},{""pid"":9620,""name"":""conhost.exe"",""cpu_percent"":0.0,""ws_mb"":7.390625,""private_mb"":1.69140625},{""pid"":33444,""name"":""powershell.exe"",""cpu_percent"":0.3659816761214582,""ws_mb"":93.14453125,""private_mb"":79.171875},{""pid"":30128,""name"":""conhost.exe"",""cpu_percent"":0.0,""ws_mb"":5.20703125,""private_mb"":1.21875},{""pid"":33764,""name"":""electron.exe"",""cpu_percent"":0.0,""ws_mb"":98.6171875,""private_mb"":84.3828125},{""pid"":41640,""name"":""electron.exe"",""cpu_percent"":0.0,""ws_mb"":75.09375,""private_mb"":57.125},{""pid"":33396,""name"":""electron.exe"",""cpu_percent"":0.0,""ws_mb"":37.33984375,""private_mb"":13.22265625},{""pid"":48740,""name"":""cmd.exe"",""cpu_percent"":0.0,""ws_mb"":6.12890625,""private_mb"":4.75390625},{""pid"":40444,""name"":""node.exe"",""cpu_percent"":0.0,""ws_mb"":47.78125,""private_mb"":69.96875}]"
"2026-10-02T02:52:34.7646199Z","4.9979245","0.28657729156706285","405.37109375","336.28515625","145","3875","10","","0","61.692708333333336","0.171875","9620;10464;30128;33396;33444;33764;35056;40444;41640;48740","[{""pid"":35056,""name"":""node.exe"",""cpu_percent"":0.0,""ws_mb"":28.328125,""private_mb"":19.3984375},{""pid"":10464,""name"":""cmd.exe"",""cpu_percent"":0.0,""ws_mb"":5.98828125,""private_mb"":4.60546875},{""pid"":9620,""name"":""conhost.exe"",""cpu_percent"":0.0,""ws_mb"":7.390625,""private_mb"":1.69140625},{""pid"":33444,""name"":""powershell.exe"",""cpu_percent"":0.2605248105155117,""ws_mb"":91.75,""private_mb"":77.80859375},{""pid"":30128,""name"":""conhost.exe"",""cpu_percent"":0.0,""ws_mb"":5.20703125,""private_mb"":1.21875},{""pid"":33764,""name"":""electron.exe"",""cpu_percent"":0.026052481051551165,""ws_mb"":100.36328125,""private_mb"":86.4921875},{""pid"":41640,""name"":""electron.exe"",""cpu_percent"":0.0,""ws_mb"":75.09375,""private_mb"":57.125},{""pid"":33396,""name"":""electron.exe"",""cpu_percent"":0.0,""ws_mb"":37.33984375,""private_mb"":13.22265625},{""pid"":48740,""name"":""cmd.exe"",""cpu_percent"":0.0,""ws_mb"":6.12890625,""private_mb"":4.75390625},{""pid"":40444,""name"":""node.exe"",""cpu_percent"":0.0,""ws_mb"":47.78125,""private_mb"":69.96875}]"
"2026-10-02T02:52:39.7329205Z","4.9683006","0.36690949550569996","408.29296875","339.984375","145","3881","10","","0","56.28443977958541","0.21875","9620;10464;30128;33396;33444;33764;35056;40444;41640;48740","[{""pid"":35056,""name"":""node.exe"",""cpu_percent"":0.0,""ws_mb"":28.328125,""private_mb"":19.3984375},{""pid"":10464,""name"":""cmd.exe"",""cpu_percent"":0.0,""ws_mb"":5.98828125,""private_mb"":4.60546875},{""pid"":9620,""name"":""conhost.exe"",""cpu_percent"":0.0,""ws_mb"":7.390625,""private_mb"":1.69140625},{""pid"":33444,""name"":""powershell.exe"",""cpu_percent"":0.34070167439814997,""ws_mb"":93.0859375,""private_mb"":79.125},{""pid"":30128,""name"":""conhost.exe"",""cpu_percent"":0.0,""ws_mb"":5.20703125,""private_mb"":1.21875},{""pid"":33764,""name"":""electron.exe"",""cpu_percent"":0.02620782110755,""ws_mb"":101.94921875,""private_mb"":88.875},{""pid"":41640,""name"":""electron.exe"",""cpu_percent"":0.0,""ws_mb"":75.09375,""private_mb"":57.125},{""pid"":33396,""name"":""electron.exe"",""cpu_percent"":0.0,""ws_mb"":37.33984375,""private_mb"":13.22265625},{""pid"":48740,""name"":""cmd.exe"",""cpu_percent"":0.0,""ws_mb"":6.12890625,""private_mb"":4.75390625},{""pid"":40444,""name"":""node.exe"",""cpu_percent"":0.0,""ws_mb"":47.78125,""private_mb"":69.96875}]"
"2026-10-02T02:52:44.6982618Z","4.9653413","0.2884578481375825","406.9375","338.66796875","140","3853","10","","0","51.30890052356021","0.171875","9620;10464;30128;33396;33444;33764;35056;40444;41640;48740","[{""pid"":35056,""name"":""node.exe"",""cpu_percent"":0.0,""ws_mb"":28.328125,""private_mb"":19.3984375},{""pid"":10464,""name"":""cmd.exe"",""cpu_percent"":0.0,""ws_mb"":5.98828125,""private_mb"":4.60546875},{""pid"":9620,""name"":""conhost.exe"",""cpu_percent"":0.0,""ws_mb"":7.390625,""private_mb"":1.69140625},{""pid"":33444,""name"":""powershell.exe"",""cpu_percent"":0.2622344073978023,""ws_mb"":91.62890625,""private_mb"":77.6484375},{""pid"":30128,""name"":""conhost.exe"",""cpu_percent"":0.0,""ws_mb"":5.20703125,""private_mb"":1.21875},{""pid"":33764,""name"":""electron.exe"",""cpu_percent"":0.026223440739780227,""ws_mb"":102.0703125,""private_mb"":89.1015625},{""pid"":41640,""name"":""electron.exe"",""cpu_percent"":0.0,""ws_mb"":75.09375,""private_mb"":57.125},{""pid"":33396,""name"":""electron.exe"",""cpu_percent"":0.0,""ws_mb"":37.3203125,""private_mb"":13.15625},{""pid"":48740,""name"":""cmd.exe"",""cpu_percent"":0.0,""ws_mb"":6.12890625,""private_mb"":4.75390625},{""pid"":40444,""name"":""node.exe"",""cpu_percent"":0.0,""ws_mb"":47.78125,""private_mb"":69.96875}]"
"2026-10-02T02:52:49.9239488Z","5.225687","0.4235886433050175","401.16796875","329.6015625","140","3860","10","","0","78.64804190571215","0.265625","9620;10464;30128;33396;33444;33764;35056;40444;41640;48740","[{""pid"":35056,""name"":""node.exe"",""cpu_percent"":0.0,""ws_mb"":28.328125,""private_mb"":19.3984375},{""pid"":10464,""name"":""cmd.exe"",""cpu_percent"":0.0,""ws_mb"":5.98828125,""private_mb"":4.60546875},{""pid"":9620,""name"":""conhost.exe"",""cpu_percent"":0.0,""ws_mb"":7.390625,""private_mb"":1.69140625},{""pid"":33444,""name"":""powershell.exe"",""cpu_percent"":0.27408676919736424,""ws_mb"":92.66015625,""private_mb"":78.7109375},{""pid"":30128,""name"":""conhost.exe"",""cpu_percent"":0.0,""ws_mb"":5.20703125,""private_mb"":1.21875},{""pid"":33764,""name"":""electron.exe"",""cpu_percent"":0.14950187410765323,""ws_mb"":95.26953125,""private_mb"":78.97265625},{""pid"":41640,""name"":""electron.exe"",""cpu_percent"":0.0,""ws_mb"":75.09375,""private_mb"":57.125},{""pid"":33396,""name"":""electron.exe"",""cpu_percent"":0.0,""ws_mb"":37.3203125,""private_mb"":13.15625},{""pid"":48740,""name"":""cmd.exe"",""cpu_percent"":0.0,""ws_mb"":6.12890625,""private_mb"":4.75390625},{""pid"":40444,""name"":""node.exe"",""cpu_percent"":0.0,""ws_mb"":47.78125,""private_mb"":69.96875}]"
"2026-10-02T02:52:54.8974416Z","4.9734928","0.3927069121322544","401.07421875","329.828125","140","3862","10","","0","83.4119496855346","0.234375","9620;10464;30128;33396;33444;33764;35056;40444;41640;48740","[{""pid"":35056,""name"":""node.exe"",""cpu_percent"":0.0,""ws_mb"":28.328125,""private_mb"":19.3984375},{""pid"":10464,""name"":""cmd.exe"",""cpu_percent"":0.0,""ws_mb"":5.98828125,""private_mb"":4.60546875},{""pid"":9620,""name"":""conhost.exe"",""cpu_percent"":0.0,""ws_mb"":7.390625,""private_mb"":1.69140625},{""pid"":33444,""name"":""powershell.exe"",""cpu_percent"":0.28798506889698655,""ws_mb"":91.16015625,""private_mb"":77.203125},{""pid"":30128,""name"":""conhost.exe"",""cpu_percent"":0.0,""ws_mb"":5.20703125,""private_mb"":1.21875},{""pid"":33764,""name"":""electron.exe"",""cpu_percent"":0.10472184323526784,""ws_mb"":96.67578125,""private_mb"":80.70703125},{""pid"":41640,""name"":""electron.exe"",""cpu_percent"":0.0,""ws_mb"":75.09375,""private_mb"":57.125},{""pid"":33396,""name"":""electron.exe"",""cpu_percent"":0.0,""ws_mb"":37.3203125,""private_mb"":13.15625},{""pid"":48740,""name"":""cmd.exe"",""cpu_percent"":0.0,""ws_mb"":6.12890625,""private_mb"":4.75390625},{""pid"":40444,""name"":""node.exe"",""cpu_percent"":0.0,""ws_mb"":47.78125,""private_mb"":69.96875}]"
"2026-10-02T02:52:59.8808888Z","4.9834472","0.3396661518423098","402.62109375","331.8671875","140","3872","10","","0","84.45663531870429","0.203125","9620;10464;30128;33396;33444;33764;35056;40444;41640;48740","[{""pid"":35056,""name"":""node.exe"",""cpu_percent"":0.0,""ws_mb"":28.328125,""private_mb"":19.3984375},{""pid"":10464,""name"":""cmd.exe"",""cpu_percent"":0.0,""ws_mb"":5.98828125,""private_mb"":4.60546875},{""pid"":9620,""name"":""conhost.exe"",""cpu_percent"":0.0,""ws_mb"":7.390625,""private_mb"":1.69140625},{""pid"":33444,""name"":""powershell.exe"",""cpu_percent"":0.2874098207896467,""ws_mb"":91.109375,""private_mb"":77.09375},{""pid"":30128,""name"":""conhost.exe"",""cpu_percent"":0.0,""ws_mb"":5.20703125,""private_mb"":1.21875},{""pid"":33764,""name"":""electron.exe"",""cpu_percent"":0.052256331052663044,""ws_mb"":98.2734375,""private_mb"":82.85546875},{""pid"":41640,""name"":""electron.exe"",""cpu_percent"":0.0,""ws_mb"":75.09375,""private_mb"":57.125},{""pid"":33396,""name"":""electron.exe"",""cpu_percent"":0.0,""ws_mb"":37.3203125,""private_mb"":13.15625},{""pid"":48740,""name"":""cmd.exe"",""cpu_percent"":0.0,""ws_mb"":6.12890625,""private_mb"":4.75390625},{""pid"":40444,""name"":""node.exe"",""cpu_percent"":0.0,""ws_mb"":47.78125,""private_mb"":69.96875}]"
"2026-10-02T02:53:04.7854738Z","4.904585","0.3982243145954245","363.6328125","334.546875","140","3857","10","","0","72.31953290870489","0.234375","9620;10464;30128;33396;33444;33764;35056;40444;41640;48740","[{""pid"":35056,""name"":""node.exe"",""cpu_percent"":0.0,""ws_mb"":24.515625,""private_mb"":19.3984375},{""pid"":10464,""name"":""cmd.exe"",""cpu_percent"":0.0,""ws_mb"":5.5234375,""private_mb"":4.60546875},{""pid"":9620,""name"":""conhost.exe"",""cpu_percent"":0.0,""ws_mb"":6.93359375,""private_mb"":1.69140625},{""pid"":33444,""name"":""powershell.exe"",""cpu_percent"":0.3451277393160346,""ws_mb"":85.296875,""private_mb"":77.09375},{""pid"":30128,""name"":""conhost.exe"",""cpu_percent"":0.0,""ws_mb"":4.95703125,""private_mb"":1.21875},{""pid"":33764,""name"":""electron.exe"",""cpu_percent"":0.053096575279389935,""ws_mb"":95.6953125,""private_mb"":85.53515625},{""pid"":41640,""name"":""electron.exe"",""cpu_percent"":0.0,""ws_mb"":60.2421875,""private_mb"":57.125},{""pid"":33396,""name"":""electron.exe"",""cpu_percent"":0.0,""ws_mb"":35.296875,""private_mb"":13.15625},{""pid"":48740,""name"":""cmd.exe"",""cpu_percent"":0.0,""ws_mb"":4.984375,""private_mb"":4.75390625},{""pid"":40444,""name"":""node.exe"",""cpu_percent"":0.0,""ws_mb"":40.1875,""private_mb"":69.96875}]"
"2026-10-02T02:53:09.6684659Z","4.8829921","0.3199882301673189","366.5234375","337.62890625","140","3859","10","","0","69.29427430093209","0.1875","9620;10464;30128;33396;33444;33764;35056;40444;41640;48740","[{""pid"":35056,""name"":""node.exe"",""cpu_percent"":0.0,""ws_mb"":24.515625,""private_mb"":19.3984375},{""pid"":10464,""name"":""cmd.exe"",""cpu_percent"":0.0,""ws_mb"":5.5234375,""private_mb"":4.60546875},{""pid"":9620,""name"":""conhost.exe"",""cpu_percent"":0.0,""ws_mb"":6.93359375,""private_mb"":1.69140625},{""pid"":33444,""name"":""powershell.exe"",""cpu_percent"":0.26665685847276577,""ws_mb"":86.390625,""private_mb"":78.19140625},{""pid"":30128,""name"":""conhost.exe"",""cpu_percent"":0.0,""ws_mb"":4.95703125,""private_mb"":1.21875},{""pid"":33764,""name"":""electron.exe"",""cpu_percent"":0.053331371694553154,""ws_mb"":97.48828125,""private_mb"":87.51953125},{""pid"":41640,""name"":""electron.exe"",""cpu_percent"":0.0,""ws_mb"":60.2421875,""private_mb"":57.125},{""pid"":33396,""name"":""electron.exe"",""cpu_percent"":0.0,""ws_mb"":35.30078125,""private_mb"":13.15625},{""pid"":48740,""name"":""cmd.exe"",""cpu_percent"":0.0,""ws_mb"":4.984375,""private_mb"":4.75390625},{""pid"":40444,""name"":""node.exe"",""cpu_percent"":0.0,""ws_mb"":40.1875,""private_mb"":69.96875}]"
"2026-10-02T02:53:14.7368524Z","5.0683865","0.3596640995446315","368.1171875","339.04296875","140","3854","10","","0","52.76420673695037","0.21875","9620;10464;30128;33396;33444;33764;35056;40444;41640;48740","[{""pid"":35056,""name"":""node.exe"",""cpu_percent"":0.0,""ws_mb"":24.515625,""private_mb"":19.3984375},{""pid"":10464,""name"":""cmd.exe"",""cpu_percent"":0.0,""ws_mb"":5.5234375,""private_mb"":4.60546875},{""pid"":9620,""name"":""conhost.exe"",""cpu_percent"":0.0,""ws_mb"":6.93359375,""private_mb"":1.69140625},{""pid"":33444,""name"":""powershell.exe"",""cpu_percent"":0.333973806720015,""ws_mb"":87.1796875,""private_mb"":79.01953125},{""pid"":30128,""name"":""conhost.exe"",""cpu_percent"":0.0,""ws_mb"":4.95703125,""private_mb"":1.21875},{""pid"":33764,""name"":""electron.exe"",""cpu_percent"":0.025690292824616538,""ws_mb"":98.28515625,""private_mb"":88.1015625},{""pid"":41640,""name"":""electron.exe"",""cpu_percent"":0.0,""ws_mb"":60.25,""private_mb"":57.12890625},{""pid"":33396,""name"":""electron.exe"",""cpu_percent"":0.0,""ws_mb"":35.30078125,""private_mb"":13.15625},{""pid"":48740,""name"":""cmd.exe"",""cpu_percent"":0.0,""ws_mb"":4.984375,""private_mb"":4.75390625},{""pid"":40444,""name"":""node.exe"",""cpu_percent"":0.0,""ws_mb"":40.1875,""private_mb"":69.96875}]"
"2026-10-02T02:53:19.6690801Z","4.9322277","0.2375954784082657","369.52734375","341.328125","140","3854","10","","0","49.630801687763714","0.140625","9620;10464;30128;33396;33444;33764;35056;40444;41640;48740","[{""pid"":35056,""name"":""node.exe"",""cpu_percent"":0.0,""ws_mb"":24.515625,""private_mb"":19.3984375},{""pid"":10464,""name"":""cmd.exe"",""cpu_percent"":0.0,""ws_mb"":5.5234375,""private_mb"":4.60546875},{""pid"":9620,""name"":""conhost.exe"",""cpu_percent"":0.0,""ws_mb"":6.93359375,""private_mb"":1.69140625},{""pid"":33444,""name"":""powershell.exe"",""cpu_percent"":0.21119598080734728,""ws_mb"":87.1796875,""private_mb"":79.01953125},{""pid"":30128,""name"":""conhost.exe"",""cpu_percent"":0.0,""ws_mb"":4.95703125,""private_mb"":1.21875},{""pid"":33764,""name"":""electron.exe"",""cpu_percent"":0.02639949760091841,""ws_mb"":99.6953125,""private_mb"":90.38671875},{""pid"":41640,""name"":""electron.exe"",""cpu_percent"":0.0,""ws_mb"":60.25,""private_mb"":57.12890625},{""pid"":33396,""name"":""electron.exe"",""cpu_percent"":0.0,""ws_mb"":35.30078125,""private_mb"":13.15625},{""pid"":48740,""name"":""cmd.exe"",""cpu_percent"":0.0,""ws_mb"":4.984375,""private_mb"":4.75390625},{""pid"":40444,""name"":""node.exe"",""cpu_percent"":0.0,""ws_mb"":40.1875,""private_mb"":69.96875}]"
"2026-10-02T02:53:24.6863683Z","5.0172882","0.2076154737666189","365.0703125","336.671875","139","3855","10","","0","51.12957673331602","0.125","9620;10464;30128;33396;33444;33764;35056;40444;41640;48740","[{""pid"":35056,""name"":""node.exe"",""cpu_percent"":0.0,""ws_mb"":24.515625,""private_mb"":19.3984375},{""pid"":10464,""name"":""cmd.exe"",""cpu_percent"":0.0,""ws_mb"":5.5234375,""private_mb"":4.60546875},{""pid"":9620,""name"":""conhost.exe"",""cpu_percent"":0.0,""ws_mb"":6.93359375,""private_mb"":1.69140625},{""pid"":33444,""name"":""powershell.exe"",""cpu_percent"":0.18166353954579154,""ws_mb"":87.1640625,""private_mb"":78.9921875},{""pid"":30128,""name"":""conhost.exe"",""cpu_percent"":0.0,""ws_mb"":4.95703125,""private_mb"":1.21875},{""pid"":33764,""name"":""electron.exe"",""cpu_percent"":0.025951934220827363,""ws_mb"":95.25390625,""private_mb"":85.7578125},{""pid"":41640,""name"":""electron.exe"",""cpu_percent"":0.0,""ws_mb"":60.25,""private_mb"":57.12890625},{""pid"":33396,""name"":""electron.exe"",""cpu_percent"":0.0,""ws_mb"":35.30078125,""private_mb"":13.15625},{""pid"":48740,""name"":""cmd.exe"",""cpu_percent"":0.0,""ws_mb"":4.984375,""private_mb"":4.75390625},{""pid"":40444,""name"":""node.exe"",""cpu_percent"":0.0,""ws_mb"":40.1875,""private_mb"":69.96875}]"
"2026-10-02T02:53:29.7140642Z","5.0276959","0.2071856944781936","365.28125","336.9921875","140","3856","10","","0","42.3983423983424","0.125","9620;10464;30128;33396;33444;33764;35056;40444;41640;48740","[{""pid"":35056,""name"":""node.exe"",""cpu_percent"":0.0,""ws_mb"":24.515625,""private_mb"":19.3984375},{""pid"":10464,""name"":""cmd.exe"",""cpu_percent"":0.0,""ws_mb"":5.5234375,""private_mb"":4.60546875},{""pid"":9620,""name"":""conhost.exe"",""cpu_percent"":0.0,""ws_mb"":6.93359375,""private_mb"":1.69140625},{""pid"":33444,""name"":""powershell.exe"",""cpu_percent"":0.2071856944781936,""ws_mb"":87.1796875,""private_mb"":79.01953125},{""pid"":30128,""name"":""conhost.exe"",""cpu_percent"":0.0,""ws_mb"":4.95703125,""private_mb"":1.21875},{""pid"":33764,""name"":""electron.exe"",""cpu_percent"":0.0,""ws_mb"":95.44921875,""private_mb"":86.05078125},{""pid"":41640,""name"":""electron.exe"",""cpu_percent"":0.0,""ws_mb"":60.25,""private_mb"":57.12890625},{""pid"":33396,""name"":""electron.exe"",""cpu_percent"":0.0,""ws_mb"":35.30078125,""private_mb"":13.15625},{""pid"":48740,""name"":""cmd.exe"",""cpu_percent"":0.0,""ws_mb"":4.984375,""private_mb"":4.75390625},{""pid"":40444,""name"":""node.exe"",""cpu_percent"":0.0,""ws_mb"":40.1875,""private_mb"":69.96875}]"
"2026-10-02T02:53:34.7199066Z","5.0058424","0.20809018411499863","365.05859375","336.8984375","140","3857","10","","0","48.647242455775235","0.125","9620;10464;30128;33396;33444;33764;35056;40444;41640;48740","[{""pid"":35056,""name"":""node.exe"",""cpu_percent"":0.0,""ws_mb"":24.515625,""private_mb"":19.3984375},{""pid"":10464,""name"":""cmd.exe"",""cpu_percent"":0.0,""ws_mb"":5.5234375,""private_mb"":4.60546875},{""pid"":9620,""name"":""conhost.exe"",""cpu_percent"":0.0,""ws_mb"":6.93359375,""private_mb"":1.69140625},{""pid"":33444,""name"":""powershell.exe"",""cpu_percent"":0.1820789111006238,""ws_mb"":86.60546875,""private_mb"":78.40234375},{""pid"":30128,""name"":""conhost.exe"",""cpu_percent"":0.0,""ws_mb"":4.95703125,""private_mb"":1.21875},{""pid"":33764,""name"":""electron.exe"",""cpu_percent"":0.02601127301437483,""ws_mb"":95.796875,""private_mb"":86.57421875},{""pid"":41640,""name"":""electron.exe"",""cpu_percent"":0.0,""ws_mb"":60.25390625,""private_mb"":57.12890625},{""pid"":33396,""name"":""electron.exe"",""cpu_percent"":0.0,""ws_mb"":35.30078125,""private_mb"":13.15625},{""pid"":48740,""name"":""cmd.exe"",""cpu_percent"":0.0,""ws_mb"":4.984375,""private_mb"":4.75390625},{""pid"":40444,""name"":""node.exe"",""cpu_percent"":0.0,""ws_mb"":40.1875,""private_mb"":69.96875}]"
"2026-10-02T02:53:39.6471002Z","4.9271936","0.31711763873049353","361.26953125","329.84375","140","3856","10","","0","55.60846560846561","0.1875","9620;10464;30128;33396;33444;33764;35056;40444;41640;48740","[{""pid"":35056,""name"":""node.exe"",""cpu_percent"":0.0,""ws_mb"":24.515625,""private_mb"":19.3984375},{""pid"":10464,""name"":""cmd.exe"",""cpu_percent"":0.0,""ws_mb"":5.5234375,""private_mb"":4.60546875},{""pid"":9620,""name"":""conhost.exe"",""cpu_percent"":0.0,""ws_mb"":6.93359375,""private_mb"":1.69140625},{""pid"":33444,""name"":""powershell.exe"",""cpu_percent"":0.18498528925945457,""ws_mb"":86.61328125,""private_mb"":78.40234375},{""pid"":30128,""name"":""conhost.exe"",""cpu_percent"":0.0,""ws_mb"":4.95703125,""private_mb"":1.21875},{""pid"":33764,""name"":""electron.exe"",""cpu_percent"":0.13213234947103897,""ws_mb"":92,""private_mb"":79.51953125},{""pid"":41640,""name"":""electron.exe"",""cpu_percent"":0.0,""ws_mb"":60.25390625,""private_mb"":57.12890625},{""pid"":33396,""name"":""electron.exe"",""cpu_percent"":0.0,""ws_mb"":35.30078125,""private_mb"":13.15625},{""pid"":48740,""name"":""cmd.exe"",""cpu_percent"":0.0,""ws_mb"":4.984375,""private_mb"":4.75390625},{""pid"":40444,""name"":""node.exe"",""cpu_percent"":0.0,""ws_mb"":40.1875,""private_mb"":69.96875}]"
"2026-10-02T02:53:44.8723717Z","5.2252715","0.42362232597228044","361.921875","331.0546875","140","3862","10","","0","67.23880597014926","0.265625","9620;10464;30128;33396;33444;33764;35056;40444;41640;48740","[{""pid"":35056,""name"":""node.exe"",""cpu_percent"":0.0,""ws_mb"":24.515625,""private_mb"":19.3984375},{""pid"":10464,""name"":""cmd.exe"",""cpu_percent"":0.0,""ws_mb"":5.5234375,""private_mb"":4.60546875},{""pid"":9620,""name"":""conhost.exe"",""cpu_percent"":0.0,""ws_mb"":6.93359375,""private_mb"":1.69140625},{""pid"":33444,""name"":""powershell.exe"",""cpu_percent"":0.3737844052696592,""ws_mb"":87.42578125,""private_mb"":79.21875},{""pid"":30128,""name"":""conhost.exe"",""cpu_percent"":0.0,""ws_mb"":4.95703125,""private_mb"":1.21875},{""pid"":33764,""name"":""electron.exe"",""cpu_percent"":0.049837920702621226,""ws_mb"":91.83984375,""private_mb"":79.9140625},{""pid"":41640,""name"":""electron.exe"",""cpu_percent"":0.0,""ws_mb"":60.25390625,""private_mb"":57.12890625},{""pid"":33396,""name"":""electron.exe"",""cpu_percent"":0.0,""ws_mb"":35.30078125,""private_mb"":13.15625},{""pid"":48740,""name"":""cmd.exe"",""cpu_percent"":0.0,""ws_mb"":4.984375,""private_mb"":4.75390625},{""pid"":40444,""name"":""node.exe"",""cpu_percent"":0.0,""ws_mb"":40.1875,""private_mb"":69.96875}]"
"2026-10-02T02:53:49.8620473Z","4.9896756","0.4175288135632171","360.8125","330.75390625","137","3853","10","","0","83.75130616509927","0.25","9620;10464;30128;33396;33444;33764;35056;40444;41640;48740","[{""pid"":35056,""name"":""node.exe"",""cpu_percent"":0.0,""ws_mb"":24.515625,""private_mb"":19.3984375},{""pid"":10464,""name"":""cmd.exe"",""cpu_percent"":0.0,""ws_mb"":5.5234375,""private_mb"":4.60546875},{""pid"":9620,""name"":""conhost.exe"",""cpu_percent"":0.0,""ws_mb"":6.94921875,""private_mb"":1.69140625},{""pid"":33444,""name"":""powershell.exe"",""cpu_percent"":0.3392421610201139,""ws_mb"":83.75390625,""private_mb"":75.49609375},{""pid"":30128,""name"":""conhost.exe"",""cpu_percent"":0.0,""ws_mb"":4.95703125,""private_mb"":1.21875},{""pid"":33764,""name"":""electron.exe"",""cpu_percent"":0.0782866525431032,""ws_mb"":94.3359375,""private_mb"":83.3671875},{""pid"":41640,""name"":""electron.exe"",""cpu_percent"":0.0,""ws_mb"":60.3046875,""private_mb"":57.09765625},{""pid"":33396,""name"":""electron.exe"",""cpu_percent"":0.0,""ws_mb"":35.30078125,""private_mb"":13.15625},{""pid"":48740,""name"":""cmd.exe"",""cpu_percent"":0.0,""ws_mb"":4.984375,""private_mb"":4.75390625},{""pid"":40444,""name"":""node.exe"",""cpu_percent"":0.0,""ws_mb"":40.1875,""private_mb"":69.96875}]"
"2026-10-02T02:53:54.7266154Z","4.8645681","0.3479668284083295","366.95703125","337.59375","138","3854","10","","0","52.759914255091104","0.203125","9620;10464;30128;33396;33444;33764;35056;40444;41640;48740","[{""pid"":35056,""name"":""node.exe"",""cpu_percent"":0.0,""ws_mb"":24.515625,""private_mb"":19.3984375},{""pid"":10464,""name"":""cmd.exe"",""cpu_percent"":0.0,""ws_mb"":5.5234375,""private_mb"":4.60546875},{""pid"":9620,""name"":""conhost.exe"",""cpu_percent"":0.0,""ws_mb"":6.94921875,""private_mb"":1.69140625},{""pid"":33444,""name"":""powershell.exe"",""cpu_percent"":0.32120014929999646,""ws_mb"":84.4609375,""private_mb"":76.453125},{""pid"":30128,""name"":""conhost.exe"",""cpu_percent"":0.0,""ws_mb"":4.95703125,""private_mb"":1.21875},{""pid"":33764,""name"":""electron.exe"",""cpu_percent"":0.02676667910833304,""ws_mb"":99.7734375,""private_mb"":89.25},{""pid"":41640,""name"":""electron.exe"",""cpu_percent"":0.0,""ws_mb"":60.3046875,""private_mb"":57.09765625},{""pid"":33396,""name"":""electron.exe"",""cpu_percent"":0.0,""ws_mb"":35.30078125,""private_mb"":13.15625},{""pid"":48740,""name"":""cmd.exe"",""cpu_percent"":0.0,""ws_mb"":4.984375,""private_mb"":4.75390625},{""pid"":40444,""name"":""node.exe"",""cpu_percent"":0.0,""ws_mb"":40.1875,""private_mb"":69.96875}]"
"2026-10-02T02:53:59.9511101Z","5.2244947","0.49845330815756533","368.69921875","339.24609375","138","3858","10","","0","76.31840796019901","0.3125","9620;10464;30128;33396;33444;33764;35056;40444;41640;48740","[{""pid"":35056,""name"":""node.exe"",""cpu_percent"":0.0,""ws_mb"":24.515625,""private_mb"":19.3984375},{""pid"":10464,""name"":""cmd.exe"",""cpu_percent"":0.0,""ws_mb"":5.5234375,""private_mb"":4.60546875},{""pid"":9620,""name"":""conhost.exe"",""cpu_percent"":0.0,""ws_mb"":6.94921875,""private_mb"":1.69140625},{""pid"":33444,""name"":""powershell.exe"",""cpu_percent"":0.3239946503024175,""ws_mb"":86.8828125,""private_mb"":78.78515625},{""pid"":30128,""name"":""conhost.exe"",""cpu_percent"":0.0,""ws_mb"":4.95703125,""private_mb"":1.21875},{""pid"":33764,""name"":""electron.exe"",""cpu_percent"":0.17445865785514786,""ws_mb"":99.09375,""private_mb"":88.5703125},{""pid"":41640,""name"":""electron.exe"",""cpu_percent"":0.0,""ws_mb"":60.3046875,""private_mb"":57.09765625},{""pid"":33396,""name"":""electron.exe"",""cpu_percent"":0.0,""ws_mb"":35.30078125,""private_mb"":13.15625},{""pid"":48740,""name"":""cmd.exe"",""cpu_percent"":0.0,""ws_mb"":4.984375,""private_mb"":4.75390625},{""pid"":40444,""name"":""node.exe"",""cpu_percent"":0.0,""ws_mb"":40.1875,""private_mb"":69.96875}]"
"2026-10-02T02:54:04.8583461Z","4.907236","0.5306789130717713","368.32421875","337.96484375","138","3867","10","","0","81.79405520169851","0.3125","9620;10464;30128;33396;33444;33764;35056;40444;41640;48740","[{""pid"":35056,""name"":""node.exe"",""cpu_percent"":0.0,""ws_mb"":24.515625,""private_mb"":19.3984375},{""pid"":10464,""name"":""cmd.exe"",""cpu_percent"":0.0,""ws_mb"":5.5234375,""private_mb"":4.60546875},{""pid"":9620,""name"":""conhost.exe"",""cpu_percent"":0.0,""ws_mb"":6.94921875,""private_mb"":1.69140625},{""pid"":33444,""name"":""powershell.exe"",""cpu_percent"":0.39800918480382846,""ws_mb"":85.87890625,""private_mb"":77.7421875},{""pid"":30128,""name"":""conhost.exe"",""cpu_percent"":0.0,""ws_mb"":4.95703125,""private_mb"":1.21875},{""pid"":33764,""name"":""electron.exe"",""cpu_percent"":0.13266972826794282,""ws_mb"":99.72265625,""private_mb"":88.33203125},{""pid"":41640,""name"":""electron.exe"",""cpu_percent"":0.0,""ws_mb"":60.3046875,""private_mb"":57.09765625},{""pid"":33396,""name"":""electron.exe"",""cpu_percent"":0.0,""ws_mb"":35.30078125,""private_mb"":13.15625},{""pid"":48740,""name"":""cmd.exe"",""cpu_percent"":0.0,""ws_mb"":4.984375,""private_mb"":4.75390625},{""pid"":40444,""name"":""node.exe"",""cpu_percent"":0.0,""ws_mb"":40.1875,""private_mb"":69.96875}]"
"2026-10-02T02:54:09.7570778Z","4.8987317","0.23922008221025862","368.12109375","338.08984375","137","3850","10","","0","53.22151224707135","0.140625","9620;10464;30128;33396;33444;33764;35056;40444;41640;48740","[{""pid"":35056,""name"":""node.exe"",""cpu_percent"":0.0,""ws_mb"":24.515625,""private_mb"":19.3984375},{""pid"":10464,""name"":""cmd.exe"",""cpu_percent"":0.0,""ws_mb"":5.5234375,""private_mb"":4.60546875},{""pid"":9620,""name"":""conhost.exe"",""cpu_percent"":0.0,""ws_mb"":6.94921875,""private_mb"":1.69140625},{""pid"":33444,""name"":""powershell.exe"",""cpu_percent"":0.23922008221025862,""ws_mb"":86.02734375,""private_mb"":77.90234375},{""pid"":30128,""name"":""conhost.exe"",""cpu_percent"":0.0,""ws_mb"":4.95703125,""private_mb"":1.21875},{""pid"":33764,""name"":""electron.exe"",""cpu_percent"":0.0,""ws_mb"":99.37109375,""private_mb"":88.296875},{""pid"":41640,""name"":""electron.exe"",""cpu_percent"":0.0,""ws_mb"":60.3046875,""private_mb"":57.09765625},{""pid"":33396,""name"":""electron.exe"",""cpu_percent"":0.0,""ws_mb"":35.30078125,""private_mb"":13.15625},{""pid"":48740,""name"":""cmd.exe"",""cpu_percent"":0.0,""ws_mb"":4.984375,""private_mb"":4.75390625},{""pid"":40444,""name"":""node.exe"",""cpu_percent"":0.0,""ws_mb"":40.1875,""private_mb"":69.96875}]"
"2026-10-02T02:54:14.7888121Z","5.0317343","0.31052911518002846","369.421875","339.328125","139","3852","10","","0","57.298136645962735","0.1875","9620;10464;30128;33396;33444;33764;35056;40444;41640;48740","[{""pid"":35056,""name"":""node.exe"",""cpu_percent"":0.0,""ws_mb"":24.515625,""private_mb"":19.3984375},{""pid"":10464,""name"":""cmd.exe"",""cpu_percent"":0.0,""ws_mb"":5.5234375,""private_mb"":4.60546875},{""pid"":9620,""name"":""conhost.exe"",""cpu_percent"":0.0,""ws_mb"":6.94921875,""private_mb"":1.69140625},{""pid"":33444,""name"":""powershell.exe"",""cpu_percent"":0.25877426265002373,""ws_mb"":87.09765625,""private_mb"":78.9921875},{""pid"":30128,""name"":""conhost.exe"",""cpu_percent"":0.0,""ws_mb"":4.95703125,""private_mb"":1.21875},{""pid"":33764,""name"":""electron.exe"",""cpu_percent"":0.051754852530004745,""ws_mb"":99.484375,""private_mb"":88.4140625},{""pid"":41640,""name"":""electron.exe"",""cpu_percent"":0.0,""ws_mb"":60.421875,""private_mb"":57.12890625},{""pid"":33396,""name"":""electron.exe"",""cpu_percent"":0.0,""ws_mb"":35.30078125,""private_mb"":13.15625},{""pid"":48740,""name"":""cmd.exe"",""cpu_percent"":0.0,""ws_mb"":4.984375,""private_mb"":4.75390625},{""pid"":40444,""name"":""node.exe"",""cpu_percent"":0.0,""ws_mb"":40.1875,""private_mb"":69.96875}]"
"2026-10-02T02:54:19.7912086Z","5.0023965","0.33837948138124063","370.24609375","340.0859375","139","3852","10","","0","74.296875","0.203125","9620;10464;30128;33396;33444;33764;35056;40444;41640;48740","[{""pid"":35056,""name"":""node.exe"",""cpu_percent"":0.0,""ws_mb"":24.515625,""private_mb"":19.3984375},{""pid"":10464,""name"":""cmd.exe"",""cpu_percent"":0.0,""ws_mb"":5.5234375,""private_mb"":4.60546875},{""pid"":9620,""name"":""conhost.exe"",""cpu_percent"":0.0,""ws_mb"":6.94921875,""private_mb"":1.69140625},{""pid"":33444,""name"":""powershell.exe"",""cpu_percent"":0.33837948138124063,""ws_mb"":84.90234375,""private_mb"":76.78125},{""pid"":30128,""name"":""conhost.exe"",""cpu_percent"":0.0,""ws_mb"":4.95703125,""private_mb"":1.21875},{""pid"":33764,""name"":""electron.exe"",""cpu_percent"":0.0,""ws_mb"":102.50390625,""private_mb"":91.3828125},{""pid"":41640,""name"":""electron.exe"",""cpu_percent"":0.0,""ws_mb"":60.421875,""private_mb"":57.12890625},{""pid"":33396,""name"":""electron.exe"",""cpu_percent"":0.0,""ws_mb"":35.30078125,""private_mb"":13.15625},{""pid"":48740,""name"":""cmd.exe"",""cpu_percent"":0.0,""ws_mb"":4.984375,""private_mb"":4.75390625},{""pid"":40444,""name"":""node.exe"",""cpu_percent"":0.0,""ws_mb"":40.1875,""private_mb"":69.96875}]"
"2026-10-02T02:54:24.8516903Z","5.0604817","0.30876507270049014","367.73046875","336.8125","139","3853","10","","0","72.37654320987654","0.1875","9620;10464;30128;33396;33444;33764;35056;40444;41640;48740","[{""pid"":35056,""name"":""node.exe"",""cpu_percent"":0.0,""ws_mb"":24.515625,""private_mb"":19.3984375},{""pid"":10464,""name"":""cmd.exe"",""cpu_percent"":0.0,""ws_mb"":5.5234375,""private_mb"":4.60546875},{""pid"":9620,""name"":""conhost.exe"",""cpu_percent"":0.0,""ws_mb"":6.94921875,""private_mb"":1.69140625},{""pid"":33444,""name"":""powershell.exe"",""cpu_percent"":0.2573042272504084,""ws_mb"":84.90625,""private_mb"":76.78515625},{""pid"":30128,""name"":""conhost.exe"",""cpu_percent"":0.0,""ws_mb"":4.95703125,""private_mb"":1.21875},{""pid"":33764,""name"":""electron.exe"",""cpu_percent"":0.051460845450081685,""ws_mb"":99.984375,""private_mb"":88.10546875},{""pid"":41640,""name"":""electron.exe"",""cpu_percent"":0.0,""ws_mb"":60.421875,""private_mb"":57.12890625},{""pid"":33396,""name"":""electron.exe"",""cpu_percent"":0.0,""ws_mb"":35.30078125,""private_mb"":13.15625},{""pid"":48740,""name"":""cmd.exe"",""cpu_percent"":0.0,""ws_mb"":4.984375,""private_mb"":4.75390625},{""pid"":40444,""name"":""node.exe"",""cpu_percent"":0.0,""ws_mb"":40.1875,""private_mb"":69.96875}]"
"2026-10-02T02:54:29.7618081Z","4.9101178","0.26518372600619344","355.82421875","324.58203125","139","3844","10","","0","78.4920634920635","0.15625","9620;10464;30128;33396;33444;33764;35056;40444;41640;48740","[{""pid"":35056,""name"":""node.exe"",""cpu_percent"":0.0,""ws_mb"":24.515625,""private_mb"":19.3984375},{""pid"":10464,""name"":""cmd.exe"",""cpu_percent"":0.0,""ws_mb"":5.5234375,""private_mb"":4.60546875},{""pid"":9620,""name"":""conhost.exe"",""cpu_percent"":0.0,""ws_mb"":6.94921875,""private_mb"":1.69140625},{""pid"":33444,""name"":""powershell.exe"",""cpu_percent"":0.2386653534055741,""ws_mb"":84.90625,""private_mb"":76.78515625},{""pid"":30128,""name"":""conhost.exe"",""cpu_percent"":0.0,""ws_mb"":4.95703125,""private_mb"":1.21875},{""pid"":33764,""name"":""electron.exe"",""cpu_percent"":0.0,""ws_mb"":88.078125,""private_mb"":75.875},{""pid"":41640,""name"":""electron.exe"",""cpu_percent"":0.026518372600619344,""ws_mb"":60.421875,""private_mb"":57.12890625},{""pid"":33396,""name"":""electron.exe"",""cpu_percent"":0.0,""ws_mb"":35.30078125,""private_mb"":13.15625},{""pid"":48740,""name"":""cmd.exe"",""cpu_percent"":0.0,""ws_mb"":4.984375,""private_mb"":4.75390625},{""pid"":40444,""name"":""node.exe"",""cpu_percent"":0.0,""ws_mb"":40.1875,""private_mb"":69.96875}]"
"2026-10-02T02:54:34.7509796Z","4.9891715","0.3653746251590403","356.05859375","325.69921875","139","3848","10","","0","60.68443051201672","0.21875","9620;10464;30128;33396;33444;33764;35056;40444;41640;48740","[{""pid"":35056,""name"":""node.exe"",""cpu_percent"":0.0,""ws_mb"":24.515625,""private_mb"":19.3984375},{""pid"":10464,""name"":""cmd.exe"",""cpu_percent"":0.0,""ws_mb"":5.5234375,""private_mb"":4.60546875},{""pid"":9620,""name"":""conhost.exe"",""cpu_percent"":0.0,""ws_mb"":6.94921875,""private_mb"":1.69140625},{""pid"":33444,""name"":""powershell.exe"",""cpu_percent"":0.2870800626249602,""ws_mb"":83.73046875,""private_mb"":75.578125},{""pid"":30128,""name"":""conhost.exe"",""cpu_percent"":0.02609818751136002,""ws_mb"":4.95703125,""private_mb"":1.21875},{""pid"":33764,""name"":""electron.exe"",""cpu_percent"":0.05219637502272004,""ws_mb"":89.48828125,""private_mb"":78.19921875},{""pid"":41640,""name"":""electron.exe"",""cpu_percent"":0.0,""ws_mb"":60.421875,""private_mb"":57.12890625},{""pid"":33396,""name"":""electron.exe"",""cpu_percent"":0.0,""ws_mb"":35.30078125,""private_mb"":13.15625},{""pid"":48740,""name"":""cmd.exe"",""cpu_percent"":0.0,""ws_mb"":4.984375,""private_mb"":4.75390625},{""pid"":40444,""name"":""node.exe"",""cpu_percent"":0.0,""ws_mb"":40.1875,""private_mb"":69.96875}]"
"2026-10-02T02:54:39.7384987Z","4.9875191","0.2871751742598172","361.59765625","331.6328125","139","3844","10","","0","54.754440961337515","0.171875","9620;10464;30128;33396;33444;33764;35056;40444;41640;48740","[{""pid"":35056,""name"":""node.exe"",""cpu_percent"":0.0,""ws_mb"":24.515625,""private_mb"":19.3984375},{""pid"":10464,""name"":""cmd.exe"",""cpu_percent"":0.0,""ws_mb"":5.5234375,""private_mb"":4.60546875},{""pid"":9620,""name"":""conhost.exe"",""cpu_percent"":0.0,""ws_mb"":6.94921875,""private_mb"":1.69140625},{""pid"":33444,""name"":""powershell.exe"",""cpu_percent"":0.26106834023619746,""ws_mb"":85.5859375,""private_mb"":77.46484375},{""pid"":30128,""name"":""conhost.exe"",""cpu_percent"":0.0,""ws_mb"":4.95703125,""private_mb"":1.21875},{""pid"":33764,""name"":""electron.exe"",""cpu_percent"":0.026106834023619744,""ws_mb"":93.171875,""private_mb"":82.24609375},{""pid"":41640,""name"":""electron.exe"",""cpu_percent"":0.0,""ws_mb"":60.421875,""private_mb"":57.12890625},{""pid"":33396,""name"":""electron.exe"",""cpu_percent"":0.0,""ws_mb"":35.30078125,""private_mb"":13.15625},{""pid"":48740,""name"":""cmd.exe"",""cpu_percent"":0.0,""ws_mb"":4.984375,""private_mb"":4.75390625},{""pid"":40444,""name"":""node.exe"",""cpu_percent"":0.0,""ws_mb"":40.1875,""private_mb"":69.96875}]"
"2026-10-02T02:54:44.6968832Z","4.9583845","0.2888625653510063","362.828125","332.8515625","138","3847","10","","0","63.0651945320715","0.171875","9620;10464;30128;33396;33444;33764;35056;40444;41640;48740","[{""pid"":35056,""name"":""node.exe"",""cpu_percent"":0.0,""ws_mb"":24.515625,""private_mb"":19.3984375},{""pid"":10464,""name"":""cmd.exe"",""cpu_percent"":0.0,""ws_mb"":5.5234375,""private_mb"":4.60546875},{""pid"":9620,""name"":""conhost.exe"",""cpu_percent"":0.0,""ws_mb"":6.94921875,""private_mb"":1.69140625},{""pid"":33444,""name"":""powershell.exe"",""cpu_percent"":0.26260233213727846,""ws_mb"":86.65625,""private_mb"":78.50390625},{""pid"":30128,""name"":""conhost.exe"",""cpu_percent"":0.0,""ws_mb"":4.95703125,""private_mb"":1.21875},{""pid"":33764,""name"":""electron.exe"",""cpu_percent"":0.026260233213727845,""ws_mb"":93.33203125,""private_mb"":82.42578125},{""pid"":41640,""name"":""electron.exe"",""cpu_percent"":0.0,""ws_mb"":60.421875,""private_mb"":57.12890625},{""pid"":33396,""name"":""electron.exe"",""cpu_percent"":0.0,""ws_mb"":35.30078125,""private_mb"":13.15625},{""pid"":48740,""name"":""cmd.exe"",""cpu_percent"":0.0,""ws_mb"":4.984375,""private_mb"":4.75390625},{""pid"":40444,""name"":""node.exe"",""cpu_percent"":0.0,""ws_mb"":40.1875,""private_mb"":69.96875}]"
"2026-10-02T02:54:49.7617210Z","5.0648378","0.2056663426944623","359.6328125","329.65234375","139","3846","10","","0","44.43589743589744","0.125","9620;10464;30128;33396;33444;33764;35056;40444;41640;48740","[{""pid"":35056,""name"":""node.exe"",""cpu_percent"":0.0,""ws_mb"":24.515625,""private_mb"":19.3984375},{""pid"":10464,""name"":""cmd.exe"",""cpu_percent"":0.0,""ws_mb"":5.5234375,""private_mb"":4.60546875},{""pid"":9620,""name"":""conhost.exe"",""cpu_percent"":0.0,""ws_mb"":6.94921875,""private_mb"":1.69140625},{""pid"":33444,""name"":""powershell.exe"",""cpu_percent"":0.2056663426944623,""ws_mb"":84.59375,""private_mb"":76.4140625},{""pid"":30128,""name"":""conhost.exe"",""cpu_percent"":0.0,""ws_mb"":4.95703125,""private_mb"":1.21875},{""pid"":33764,""name"":""electron.exe"",""cpu_percent"":0.0,""ws_mb"":92.19921875,""private_mb"":81.31640625},{""pid"":41640,""name"":""electron.exe"",""cpu_percent"":0.0,""ws_mb"":60.421875,""private_mb"":57.12890625},{""pid"":33396,""name"":""electron.exe"",""cpu_percent"":0.0,""ws_mb"":35.30078125,""private_mb"":13.15625},{""pid"":48740,""name"":""cmd.exe"",""cpu_percent"":0.0,""ws_mb"":4.984375,""private_mb"":4.75390625},{""pid"":40444,""name"":""node.exe"",""cpu_percent"":0.0,""ws_mb"":40.1875,""private_mb"":69.96875}]"
"2026-10-02T02:54:54.8372393Z","5.0755183","0.35915872210857097","363.83203125","337.078125","161","3852","10","","0","49.04835390946502","0.21875","9620;10464;30128;33396;33444;33764;35056;40444;41640;48740","[{""pid"":35056,""name"":""node.exe"",""cpu_percent"":0.0,""ws_mb"":24.58984375,""private_mb"":19.4609375},{""pid"":10464,""name"":""cmd.exe"",""cpu_percent"":0.0,""ws_mb"":5.58203125,""private_mb"":6.6171875},{""pid"":9620,""name"":""conhost.exe"",""cpu_percent"":0.0,""ws_mb"":7.1015625,""private_mb"":1.80078125},{""pid"":33444,""name"":""powershell.exe"",""cpu_percent"":0.2821961387995915,""ws_mb"":85.73828125,""private_mb"":77.4375},{""pid"":30128,""name"":""conhost.exe"",""cpu_percent"":0.0,""ws_mb"":5.0078125,""private_mb"":1.25390625},{""pid"":33764,""name"":""electron.exe"",""cpu_percent"":0.0256541944363265,""ws_mb"":94.28515625,""private_mb"":83.33203125},{""pid"":41640,""name"":""electron.exe"",""cpu_percent"":0.0,""ws_mb"":60.58203125,""private_mb"":57.16015625},{""pid"":33396,""name"":""electron.exe"",""cpu_percent"":0.051308388872653,""ws_mb"":35.62109375,""private_mb"":13.21875},{""pid"":48740,""name"":""cmd.exe"",""cpu_percent"":0.0,""ws_mb"":5.0390625,""private_mb"":6.765625},{""pid"":40444,""name"":""node.exe"",""cpu_percent"":0.0,""ws_mb"":40.28515625,""private_mb"":70.03125}]"
"2026-10-02T02:54:59.7288768Z","4.8916375","0.5589897043679136","362.63671875","334.0390625","161","3851","10","","0","64.29712460063898","0.328125","9620;10464;30128;33396;33444;33764;35056;40444;41640;48740","[{""pid"":35056,""name"":""node.exe"",""cpu_percent"":0.0,""ws_mb"":24.58984375,""private_mb"":19.4609375},{""pid"":10464,""name"":""cmd.exe"",""cpu_percent"":0.0,""ws_mb"":5.58203125,""private_mb"":6.6171875},{""pid"":9620,""name"":""conhost.exe"",""cpu_percent"":0.0,""ws_mb"":7.1015625,""private_mb"":1.80078125},{""pid"":33444,""name"":""powershell.exe"",""cpu_percent"":0.39927836026279545,""ws_mb"":86.9609375,""private_mb"":78.68359375},{""pid"":30128,""name"":""conhost.exe"",""cpu_percent"":0.0,""ws_mb"":5.0078125,""private_mb"":1.25390625},{""pid"":33764,""name"":""electron.exe"",""cpu_percent"":0.15971134410511817,""ws_mb"":91.8671875,""private_mb"":79.046875},{""pid"":41640,""name"":""electron.exe"",""cpu_percent"":0.0,""ws_mb"":60.58203125,""private_mb"":57.16015625},{""pid"":33396,""name"":""electron.exe"",""cpu_percent"":0.0,""ws_mb"":35.62109375,""private_mb"":13.21875},{""pid"":48740,""name"":""cmd.exe"",""cpu_percent"":0.0,""ws_mb"":5.0390625,""private_mb"":6.765625},{""pid"":40444,""name"":""node.exe"",""cpu_percent"":0.0,""ws_mb"":40.28515625,""private_mb"":70.03125}]"
"2026-10-02T02:55:04.6654768Z","4.9366","0.237385042336831","363.33984375","335.16015625","161","3848","10","","0","56.962025316455694","0.140625","9620;10464;30128;33396;33444;33764;35056;40444;41640;48740","[{""pid"":35056,""name"":""node.exe"",""cpu_percent"":0.0,""ws_mb"":24.58984375,""private_mb"":19.4609375},{""pid"":10464,""name"":""cmd.exe"",""cpu_percent"":0.0,""ws_mb"":5.58203125,""private_mb"":6.6171875},{""pid"":9620,""name"":""conhost.exe"",""cpu_percent"":0.0,""ws_mb"":7.1015625,""private_mb"":1.80078125},{""pid"":33444,""name"":""powershell.exe"",""cpu_percent"":0.237385042336831,""ws_mb"":86.96875,""private_mb"":78.68359375},{""pid"":30128,""name"":""conhost.exe"",""cpu_percent"":0.0,""ws_mb"":5.0078125,""private_mb"":1.25390625},{""pid"":33764,""name"":""electron.exe"",""cpu_percent"":0.0,""ws_mb"":92.5625,""private_mb"":80.16796875},{""pid"":41640,""name"":""electron.exe"",""cpu_percent"":0.0,""ws_mb"":60.58203125,""private_mb"":57.16015625},{""pid"":33396,""name"":""electron.exe"",""cpu_percent"":0.0,""ws_mb"":35.62109375,""private_mb"":13.21875},{""pid"":48740,""name"":""cmd.exe"",""cpu_percent"":0.0,""ws_mb"":5.0390625,""private_mb"":6.765625},{""pid"":40444,""name"":""node.exe"",""cpu_percent"":0.0,""ws_mb"":40.28515625,""private_mb"":70.03125}]"
