"timestamp","interval_seconds","tree_cpu_percent","working_set_mb","private_mb","threads","handles","process_count","new_pids","spawn_count","machine_cpu_percent","tree_cpu_delta_seconds","tree_pids","per_process_json"
"2026-10-01T15:56:02.4276789Z","5.5677563","2.59586163999312","661.58984375","434.69921875","192","4232","11","","0","30.9691011235955","1.734375","5380;20652;21168;21240;22712;25380;28136;31824;35448;37148;40276","[{""pid"":22712,""name"":""electron.exe"",""cpu_percent"":0,""ws_mb"":56.6015625,""private_mb"":13.5078125},{""pid"":31824,""name"":""electron.exe"",""cpu_percent"":0.023386140900838875,""ws_mb"":114.70703125,""private_mb"":97.83984375},{""pid"":25380,""name"":""node.exe"",""cpu_percent"":0,""ws_mb"":72.90234375,""private_mb"":70.40234375},{""pid"":21240,""name"":""electron.exe"",""cpu_percent"":0.046772281801677751,""ws_mb"":123.13671875,""private_mb"":91.84765625},{""pid"":5380,""name"":""cmd.exe"",""cpu_percent"":0,""ws_mb"":8.76953125,""private_mb"":7.62109375},{""pid"":40276,""name"":""node.exe"",""cpu_percent"":0,""ws_mb"":52.79296875,""private_mb"":19.58203125},{""pid"":21168,""name"":""powershell.exe"",""cpu_percent"":2.5023170763897595,""ws_mb"":102.6796875,""private_mb"":81.984375},{""pid"":28136,""name"":""conhost.exe"",""cpu_percent"":0,""ws_mb"":10.0625,""private_mb"":1.7109375},{""pid"":37148,""name"":""electron.exe"",""cpu_percent"":0.023386140900838875,""ws_mb"":103.57421875,""private_mb"":41.4375},{""pid"":35448,""name"":""conhost.exe"",""cpu_percent"":0,""ws_mb"":7.69921875,""private_mb"":1.25390625},{""pid"":20652,""name"":""cmd.exe"",""cpu_percent"":0,""ws_mb"":8.6640625,""private_mb"":7.51171875}]"
"2026-10-01T15:56:07.3911527Z","4.9634738","2.17736450359961","670.49609375","443.328125","192","4520","11","","0","23.5710540115364","1.296875","5380;20652;21168;21240;22712;25380;28136;31824;35448;37148;40276","[{""pid"":22712,""name"":""electron.exe"",""cpu_percent"":0,""ws_mb"":56.6015625,""private_mb"":13.5078125},{""pid"":31824,""name"":""electron.exe"",""cpu_percent"":0,""ws_mb"":114.70703125,""private_mb"":97.83984375},{""pid"":25380,""name"":""node.exe"",""cpu_percent"":0,""ws_mb"":72.90234375,""private_mb"":70.40234375},{""pid"":21240,""name"":""electron.exe"",""cpu_percent"":0.13116653636142225,""ws_mb"":121.6796875,""private_mb"":90.1328125},{""pid"":5380,""name"":""cmd.exe"",""cpu_percent"":0,""ws_mb"":8.76953125,""private_mb"":7.62109375},{""pid"":40276,""name"":""node.exe"",""cpu_percent"":0,""ws_mb"":52.79296875,""private_mb"":19.58203125},{""pid"":21168,""name"":""powershell.exe"",""cpu_percent"":2.0461979672381871,""ws_mb"":113.04296875,""private_mb"":92.328125},{""pid"":28136,""name"":""conhost.exe"",""cpu_percent"":0,""ws_mb"":10.0625,""private_mb"":1.7109375},{""pid"":37148,""name"":""electron.exe"",""cpu_percent"":0,""ws_mb"":103.57421875,""private_mb"":41.4375},{""pid"":35448,""name"":""conhost.exe"",""cpu_percent"":0,""ws_mb"":7.69921875,""private_mb"":1.25390625},{""pid"":20652,""name"":""cmd.exe"",""cpu_percent"":0,""ws_mb"":8.6640625,""private_mb"":7.51171875}]"
"2026-10-01T15:56:12.5575840Z","5.1664313","2.04142364188603","676.34375","449.04296875","192","4242","11","","0","63.7141419224962","1.265625","5380;20652;21168;21240;22712;25380;28136;31824;35448;37148;40276","[{""pid"":22712,""name"":""electron.exe"",""cpu_percent"":0,""ws_mb"":56.6015625,""private_mb"":13.5078125},{""pid"":31824,""name"":""electron.exe"",""cpu_percent"":0,""ws_mb"":114.71875,""private_mb"":97.84375},{""pid"":25380,""name"":""node.exe"",""cpu_percent"":0,""ws_mb"":72.90234375,""private_mb"":70.40234375},{""pid"":21240,""name"":""electron.exe"",""cpu_percent"":0.075608283032816082,""ws_mb"":123.14453125,""private_mb"":91.484375},{""pid"":5380,""name"":""cmd.exe"",""cpu_percent"":0,""ws_mb"":8.76953125,""private_mb"":7.62109375},{""pid"":40276,""name"":""node.exe"",""cpu_percent"":0,""ws_mb"":52.79296875,""private_mb"":19.58203125},{""pid"":21168,""name"":""powershell.exe"",""cpu_percent"":1.9658153588532183,""ws_mb"":117.41015625,""private_mb"":96.68359375},{""pid"":28136,""name"":""conhost.exe"",""cpu_percent"":0,""ws_mb"":10.0625,""private_mb"":1.7109375},{""pid"":37148,""name"":""electron.exe"",""cpu_percent"":0,""ws_mb"":103.578125,""private_mb"":41.44140625},{""pid"":35448,""name"":""conhost.exe"",""cpu_percent"":0,""ws_mb"":7.69921875,""private_mb"":1.25390625},{""pid"":20652,""name"":""cmd.exe"",""cpu_percent"":0,""ws_mb"":8.6640625,""private_mb"":7.51171875}]"
"2026-10-01T15:56:17.4265879Z","4.8690039","1.44408387103572","680.296875","446.76953125","182","4442","11","","0","23.9549839228296","0.84375","5380;20652;21168;21240;22712;25380;28136;31824;35448;37148;40276","[{""pid"":22712,""name"":""electron.exe"",""cpu_percent"":0,""ws_mb"":56.6015625,""private_mb"":13.5078125},{""pid"":31824,""name"":""electron.exe"",""cpu_percent"":0,""ws_mb"":114.71875,""private_mb"":97.84375},{""pid"":25380,""name"":""node.exe"",""cpu_percent"":0,""ws_mb"":72.90625,""private_mb"":70.40234375},{""pid"":21240,""name"":""electron.exe"",""cpu_percent"":0,""ws_mb"":122.296875,""private_mb"":90.44140625},{""pid"":5380,""name"":""cmd.exe"",""cpu_percent"":0,""ws_mb"":8.72265625,""private_mb"":4.6015625},{""pid"":40276,""name"":""node.exe"",""cpu_percent"":0,""ws_mb"":52.7421875,""private_mb"":19.484375},{""pid"":21168,""name"":""powershell.exe"",""cpu_percent"":1.4440838710357162,""ws_mb"":122.3671875,""private_mb"":101.62109375},{""pid"":28136,""name"":""conhost.exe"",""cpu_percent"":0,""ws_mb"":10.04296875,""private_mb"":1.67578125},{""pid"":37148,""name"":""electron.exe"",""cpu_percent"":0,""ws_mb"":103.578125,""private_mb"":41.44140625},{""pid"":35448,""name"":""conhost.exe"",""cpu_percent"":0,""ws_mb"":7.69921875,""private_mb"":1.25390625},{""pid"":20652,""name"":""cmd.exe"",""cpu_percent"":0,""ws_mb"":8.62109375,""private_mb"":4.49609375}]"
"2026-10-01T15:56:22.3967938Z","4.9702059","2.64597522341412","674.44140625","438.3984375","179","4333","11","","0","27.2798742138365","1.578125","5380;20652;21168;21240;22712;25380;28136;31824;35448;37148;40276","[{""pid"":22712,""name"":""electron.exe"",""cpu_percent"":0,""ws_mb"":56.58203125,""private_mb"":13.48046875},{""pid"":31824,""name"":""electron.exe"",""cpu_percent"":0,""ws_mb"":114.72265625,""private_mb"":97.84375},{""pid"":25380,""name"":""node.exe"",""cpu_percent"":0,""ws_mb"":72.90625,""private_mb"":70.40234375},{""pid"":21240,""name"":""electron.exe"",""cpu_percent"":0.026197774489248694,""ws_mb"":112.6875,""private_mb"":79.6875},{""pid"":5380,""name"":""cmd.exe"",""cpu_percent"":0,""ws_mb"":8.72265625,""private_mb"":4.6015625},{""pid"":40276,""name"":""node.exe"",""cpu_percent"":0,""ws_mb"":52.7421875,""private_mb"":19.484375},{""pid"":21168,""name"":""powershell.exe"",""cpu_percent"":2.5673818999463718,""ws_mb"":126.8359375,""private_mb"":106.28125},{""pid"":28136,""name"":""conhost.exe"",""cpu_percent"":0,""ws_mb"":10.04296875,""private_mb"":1.67578125},{""pid"":37148,""name"":""electron.exe"",""cpu_percent"":0.052395548978497387,""ws_mb"":102.87890625,""private_mb"":39.19140625},{""pid"":35448,""name"":""conhost.exe"",""cpu_percent"":0,""ws_mb"":7.69921875,""private_mb"":1.25390625},{""pid"":20652,""name"":""cmd.exe"",""cpu_percent"":0,""ws_mb"":8.62109375,""private_mb"":4.49609375}]"
"2026-10-01T15:56:27.3910335Z","4.9942397","1.98144941528003","675.80859375","439.66796875","179","4788","11","","0","24.84375","1.1875","5380;20652;21168;21240;22712;25380;28136;31824;35448;37148;40276","[{""pid"":22712,""name"":""electron.exe"",""cpu_percent"":0,""ws_mb"":56.58203125,""private_mb"":13.48046875},{""pid"":31824,""name"":""electron.exe"",""cpu_percent"":0,""ws_mb"":114.72265625,""private_mb"":97.84375},{""pid"":25380,""name"":""node.exe"",""cpu_percent"":0,""ws_mb"":72.90625,""private_mb"":70.40234375},{""pid"":21240,""name"":""electron.exe"",""cpu_percent"":0.026071702832632031,""ws_mb"":113.7109375,""private_mb"":80.6328125},{""pid"":5380,""name"":""cmd.exe"",""cpu_percent"":0,""ws_mb"":8.72265625,""private_mb"":4.6015625},{""pid"":40276,""name"":""node.exe"",""cpu_percent"":0,""ws_mb"":52.7421875,""private_mb"":19.484375},{""pid"":21168,""name"":""powershell.exe"",""cpu_percent"":1.9553777124474023,""ws_mb"":127.1796875,""private_mb"":106.60546875},{""pid"":28136,""name"":""conhost.exe"",""cpu_percent"":0,""ws_mb"":10.04296875,""private_mb"":1.67578125},{""pid"":37148,""name"":""electron.exe"",""cpu_percent"":0,""ws_mb"":102.87890625,""private_mb"":39.19140625},{""pid"":35448,""name"":""conhost.exe"",""cpu_percent"":0,""ws_mb"":7.69921875,""private_mb"":1.25390625},{""pid"":20652,""name"":""cmd.exe"",""cpu_percent"":0,""ws_mb"":8.62109375,""private_mb"":4.49609375}]"
"2026-10-01T15:56:32.4442499Z","5.0532164","1.75218434474064","678.79296875","443.15625","179","3902","11","","0","29.3343653250774","1.0625","5380;20652;21168;21240;22712;25380;28136;31824;35448;37148;40276","[{""pid"":22712,""name"":""electron.exe"",""cpu_percent"":0,""ws_mb"":56.58203125,""private_mb"":13.48046875},{""pid"":31824,""name"":""electron.exe"",""cpu_percent"":0,""ws_mb"":114.41015625,""private_mb"":97.84375},{""pid"":25380,""name"":""node.exe"",""cpu_percent"":0,""ws_mb"":72.90625,""private_mb"":70.40234375},{""pid"":21240,""name"":""electron.exe"",""cpu_percent"":0.025767416834421207,""ws_mb"":113.55078125,""private_mb"":80.63671875},{""pid"":5380,""name"":""cmd.exe"",""cpu_percent"":0,""ws_mb"":8.72265625,""private_mb"":4.6015625},{""pid"":40276,""name"":""node.exe"",""cpu_percent"":0,""ws_mb"":52.7421875,""private_mb"":19.484375},{""pid"":21168,""name"":""powershell.exe"",""cpu_percent"":1.7264169279062209,""ws_mb"":130.63671875,""private_mb"":110.08984375},{""pid"":28136,""name"":""conhost.exe"",""cpu_percent"":0,""ws_mb"":10.04296875,""private_mb"":1.67578125},{""pid"":37148,""name"":""electron.exe"",""cpu_percent"":0,""ws_mb"":102.87890625,""private_mb"":39.19140625},{""pid"":35448,""name"":""conhost.exe"",""cpu_percent"":0,""ws_mb"":7.69921875,""private_mb"":1.25390625},{""pid"":20652,""name"":""cmd.exe"",""cpu_percent"":0,""ws_mb"":8.62109375,""private_mb"":4.49609375}]"
"2026-10-01T15:56:37.3803904Z","4.9361405","2.26855711798857","605.4921875","409.37109375","179","4127","11","","0","58.2278481012658","1.34375","5380;20652;21168;21240;22712;25380;28136;31824;35448;37148;40276","[{""pid"":22712,""name"":""electron.exe"",""cpu_percent"":0,""ws_mb"":56.58203125,""private_mb"":13.48046875},{""pid"":31824,""name"":""electron.exe"",""cpu_percent"":0,""ws_mb"":96.90234375,""private_mb"":77.14453125},{""pid"":25380,""name"":""node.exe"",""cpu_percent"":0,""ws_mb"":64.83203125,""private_mb"":70.40234375},{""pid"":21240,""name"":""electron.exe"",""cpu_percent"":0,""ws_mb"":113.4609375,""private_mb"":80.53125},{""pid"":5380,""name"":""cmd.exe"",""cpu_percent"":0,""ws_mb"":8.72265625,""private_mb"":4.6015625},{""pid"":40276,""name"":""node.exe"",""cpu_percent"":0,""ws_mb"":35.671875,""private_mb"":19.484375},{""pid"":21168,""name"":""powershell.exe"",""cpu_percent"":2.2685571179885717,""ws_mb"":117.71484375,""private_mb"":97.109375},{""pid"":28136,""name"":""conhost.exe"",""cpu_percent"":0,""ws_mb"":10.04296875,""private_mb"":1.67578125},{""pid"":37148,""name"":""electron.exe"",""cpu_percent"":0,""ws_mb"":85.2421875,""private_mb"":39.19140625},{""pid"":35448,""name"":""conhost.exe"",""cpu_percent"":0,""ws_mb"":7.69921875,""private_mb"":1.25390625},{""pid"":20652,""name"":""cmd.exe"",""cpu_percent"":0,""ws_mb"":8.62109375,""private_mb"":4.49609375}]"
"2026-10-01T15:56:42.2978069Z","4.9174165","2.14480001846498","597.53125","415.76953125","179","4074","11","","0","43.4126984126984","1.265625","5380;20652;21168;21240;22712;25380;28136;31824;35448;37148;40276","[{""pid"":22712,""name"":""electron.exe"",""cpu_percent"":0,""ws_mb"":41.5078125,""private_mb"":13.48046875},{""pid"":31824,""name"":""electron.exe"",""cpu_percent"":0,""ws_mb"":96.57421875,""private_mb"":76.34375},{""pid"":25380,""name"":""node.exe"",""cpu_percent"":0,""ws_mb"":64.83203125,""private_mb"":70.40234375},{""pid"":21240,""name"":""electron.exe"",""cpu_percent"":0.026479012573641734,""ws_mb"":111.94140625,""private_mb"":78.77734375},{""pid"":5380,""name"":""cmd.exe"",""cpu_percent"":0,""ws_mb"":8.72265625,""private_mb"":4.6015625},{""pid"":40276,""name"":""node.exe"",""cpu_percent"":0,""ws_mb"":35.671875,""private_mb"":19.484375},{""pid"":21168,""name"":""powershell.exe"",""cpu_percent"":2.1183210058913389,""ws_mb"":126.67578125,""private_mb"":106.0625},{""pid"":28136,""name"":""conhost.exe"",""cpu_percent"":0,""ws_mb"":10.04296875,""private_mb"":1.67578125},{""pid"":37148,""name"":""electron.exe"",""cpu_percent"":0,""ws_mb"":85.2421875,""private_mb"":39.19140625},{""pid"":35448,""name"":""conhost.exe"",""cpu_percent"":0,""ws_mb"":7.69921875,""private_mb"":1.25390625},{""pid"":20652,""name"":""cmd.exe"",""cpu_percent"":0,""ws_mb"":8.62109375,""private_mb"":4.49609375}]"
"2026-10-01T15:56:47.3241303Z","5.0263234","2.12423325831627","604.32421875","422.58984375","173","4322","11","","0","16.6666666666667","1.28125","5380;20652;21168;21240;22712;25380;28136;31824;35448;37148;40276","[{""pid"":22712,""name"":""electron.exe"",""cpu_percent"":0,""ws_mb"":41.5078125,""private_mb"":13.48046875},{""pid"":31824,""name"":""electron.exe"",""cpu_percent"":0,""ws_mb"":96.57421875,""private_mb"":76.34375},{""pid"":25380,""name"":""node.exe"",""cpu_percent"":0,""ws_mb"":64.78515625,""private_mb"":70.3046875},{""pid"":21240,""name"":""electron.exe"",""cpu_percent"":0.077715850914010023,""ws_mb"":111.66796875,""private_mb"":78.5546875},{""pid"":5380,""name"":""cmd.exe"",""cpu_percent"":0,""ws_mb"":8.72265625,""private_mb"":4.6015625},{""pid"":40276,""name"":""node.exe"",""cpu_percent"":0,""ws_mb"":35.671875,""private_mb"":19.484375},{""pid"":21168,""name"":""powershell.exe"",""cpu_percent"":2.0465174074022641,""ws_mb"":133.7890625,""private_mb"":113.203125},{""pid"":28136,""name"":""conhost.exe"",""cpu_percent"":0,""ws_mb"":10.04296875,""private_mb"":1.67578125},{""pid"":37148,""name"":""electron.exe"",""cpu_percent"":0,""ws_mb"":85.2421875,""private_mb"":39.19140625},{""pid"":35448,""name"":""conhost.exe"",""cpu_percent"":0,""ws_mb"":7.69921875,""private_mb"":1.25390625},{""pid"":20652,""name"":""cmd.exe"",""cpu_percent"":0,""ws_mb"":8.62109375,""private_mb"":4.49609375}]"
"2026-10-01T15:56:52.5988292Z","5.2746989","2.44385987605852","605.140625","423.12109375","163","4429","11","","0","52.8189910979228","1.546875","5380;20652;21168;21240;22712;25380;28136;31824;35448;37148;40276","[{""pid"":22712,""name"":""electron.exe"",""cpu_percent"":0,""ws_mb"":41.23828125,""private_mb"":13.1015625},{""pid"":31824,""name"":""electron.exe"",""cpu_percent"":0,""ws_mb"":94.296875,""private_mb"":73.7578125},{""pid"":25380,""name"":""node.exe"",""cpu_percent"":0,""ws_mb"":64.78515625,""private_mb"":70.3046875},{""pid"":21240,""name"":""electron.exe"",""cpu_percent"":0.098741813174081539,""ws_mb"":111.953125,""private_mb"":79.1328125},{""pid"":5380,""name"":""cmd.exe"",""cpu_percent"":0,""ws_mb"":8.72265625,""private_mb"":4.6015625},{""pid"":40276,""name"":""node.exe"",""cpu_percent"":0,""ws_mb"":35.6875,""private_mb"":19.453125},{""pid"":21168,""name"":""powershell.exe"",""cpu_percent"":2.3451180628844366,""ws_mb"":136.88671875,""private_mb"":116.24609375},{""pid"":28136,""name"":""conhost.exe"",""cpu_percent"":0,""ws_mb"":10.04296875,""private_mb"":1.67578125},{""pid"":37148,""name"":""electron.exe"",""cpu_percent"":0,""ws_mb"":85.2265625,""private_mb"":39.1328125},{""pid"":35448,""name"":""conhost.exe"",""cpu_percent"":0,""ws_mb"":7.6796875,""private_mb"":1.21875},{""pid"":20652,""name"":""cmd.exe"",""cpu_percent"":0,""ws_mb"":8.62109375,""private_mb"":4.49609375}]"
"2026-10-01T15:56:57.4194926Z","4.8206634","2.75506686486345","582.4140625","408.67578125","163","3956","11","","0","71.9838056680162","1.59375","5380;20652;21168;21240;22712;25380;28136;31824;35448;37148;40276","[{""pid"":22712,""name"":""electron.exe"",""cpu_percent"":0,""ws_mb"":38.95703125,""private_mb"":13.1015625},{""pid"":31824,""name"":""electron.exe"",""cpu_percent"":0,""ws_mb"":90.62109375,""private_mb"":73.7578125},{""pid"":25380,""name"":""node.exe"",""cpu_percent"":0,""ws_mb"":64.78515625,""private_mb"":70.3046875},{""pid"":21240,""name"":""electron.exe"",""cpu_percent"":0.13505229729722817,""ws_mb"":111.76171875,""private_mb"":78.85546875},{""pid"":5380,""name"":""cmd.exe"",""cpu_percent"":0,""ws_mb"":8.69921875,""private_mb"":4.6015625},{""pid"":40276,""name"":""node.exe"",""cpu_percent"":0,""ws_mb"":35.68359375,""private_mb"":19.453125},{""pid"":21168,""name"":""powershell.exe"",""cpu_percent"":2.6200145675662263,""ws_mb"":122.18359375,""private_mb"":102.078125},{""pid"":28136,""name"":""conhost.exe"",""cpu_percent"":0,""ws_mb"":8.8203125,""private_mb"":1.67578125},{""pid"":37148,""name"":""electron.exe"",""cpu_percent"":0,""ws_mb"":85.2265625,""private_mb"":39.1328125},{""pid"":35448,""name"":""conhost.exe"",""cpu_percent"":0,""ws_mb"":7.07421875,""private_mb"":1.21875},{""pid"":20652,""name"":""cmd.exe"",""cpu_percent"":0,""ws_mb"":8.6015625,""private_mb"":4.49609375}]"
"2026-10-01T15:57:02.5778058Z","5.1583132","2.77666673413058","590.2890625","416.49609375","163","4306","11","","0","53.040625788544","1.71875","5380;20652;21168;21240;22712;25380;28136;31824;35448;37148;40276","[{""pid"":22712,""name"":""electron.exe"",""cpu_percent"":0.025242424855732557,""ws_mb"":38.9765625,""private_mb"":13.1015625},{""pid"":31824,""name"":""electron.exe"",""cpu_percent"":0,""ws_mb"":90.62109375,""private_mb"":73.7578125},{""pid"":25380,""name"":""node.exe"",""cpu_percent"":0,""ws_mb"":64.78515625,""private_mb"":70.3046875},{""pid"":21240,""name"":""electron.exe"",""cpu_percent"":0.1766969739901279,""ws_mb"":111.9609375,""private_mb"":79.01953125},{""pid"":5380,""name"":""cmd.exe"",""cpu_percent"":0,""ws_mb"":8.69921875,""private_mb"":4.6015625},{""pid"":40276,""name"":""node.exe"",""cpu_percent"":0,""ws_mb"":35.68359375,""private_mb"":19.453125},{""pid"":21168,""name"":""powershell.exe"",""cpu_percent"":2.5747273352847206,""ws_mb"":129.83984375,""private_mb"":109.734375},{""pid"":28136,""name"":""conhost.exe"",""cpu_percent"":0,""ws_mb"":8.8203125,""private_mb"":1.67578125},{""pid"":37148,""name"":""electron.exe"",""cpu_percent"":0,""ws_mb"":85.2265625,""private_mb"":39.1328125},{""pid"":35448,""name"":""conhost.exe"",""cpu_percent"":0,""ws_mb"":7.07421875,""private_mb"":1.21875},{""pid"":20652,""name"":""cmd.exe"",""cpu_percent"":0,""ws_mb"":8.6015625,""private_mb"":4.49609375}]"
"2026-10-01T15:57:07.6099938Z","5.032188","2.48400894402196","593.86328125","419.83203125","163","4291","11","","0","50.491718426501","1.5","5380;20652;21168;21240;22712;25380;28136;31824;35448;37148;40276","[{""pid"":22712,""name"":""electron.exe"",""cpu_percent"":0,""ws_mb"":38.9765625,""private_mb"":13.1015625},{""pid"":31824,""name"":""electron.exe"",""cpu_percent"":0,""ws_mb"":90.62109375,""private_mb"":73.7578125},{""pid"":25380,""name"":""node.exe"",""cpu_percent"":0,""ws_mb"":64.78515625,""private_mb"":70.3046875},{""pid"":21240,""name"":""electron.exe"",""cpu_percent"":0.077625279500686387,""ws_mb"":111.77734375,""private_mb"":78.59765625},{""pid"":5380,""name"":""cmd.exe"",""cpu_percent"":0,""ws_mb"":8.69921875,""private_mb"":4.6015625},{""pid"":40276,""name"":""node.exe"",""cpu_percent"":0,""ws_mb"":35.68359375,""private_mb"":19.453125},{""pid"":21168,""name"":""powershell.exe"",""cpu_percent"":2.4063836645212779,""ws_mb"":133.59765625,""private_mb"":113.4921875},{""pid"":28136,""name"":""conhost.exe"",""cpu_percent"":0,""ws_mb"":8.8203125,""private_mb"":1.67578125},{""pid"":37148,""name"":""electron.exe"",""cpu_percent"":0,""ws_mb"":85.2265625,""private_mb"":39.1328125},{""pid"":35448,""name"":""conhost.exe"",""cpu_percent"":0,""ws_mb"":7.07421875,""private_mb"":1.21875},{""pid"":20652,""name"":""cmd.exe"",""cpu_percent"":0,""ws_mb"":8.6015625,""private_mb"":4.49609375}]"
"2026-10-01T15:57:12.5118614Z","4.9018676","2.4969224654973","579.75390625","405.59375","163","4486","11","","0","46.947983014862","1.46875","5380;20652;21168;21240;22712;25380;28136;31824;35448;37148;40276","[{""pid"":22712,""name"":""electron.exe"",""cpu_percent"":0,""ws_mb"":38.9765625,""private_mb"":13.1015625},{""pid"":31824,""name"":""electron.exe"",""cpu_percent"":0,""ws_mb"":90.62109375,""private_mb"":73.7578125},{""pid"":25380,""name"":""node.exe"",""cpu_percent"":0,""ws_mb"":64.78515625,""private_mb"":70.3046875},{""pid"":21240,""name"":""electron.exe"",""cpu_percent"":0.026563004952098936,""ws_mb"":112.0078125,""private_mb"":78.6875},{""pid"":5380,""name"":""cmd.exe"",""cpu_percent"":0,""ws_mb"":8.69921875,""private_mb"":4.6015625},{""pid"":40276,""name"":""node.exe"",""cpu_percent"":0,""ws_mb"":35.68359375,""private_mb"":19.453125},{""pid"":21168,""name"":""powershell.exe"",""cpu_percent"":2.4703594605452008,""ws_mb"":119.2578125,""private_mb"":99.1640625},{""pid"":28136,""name"":""conhost.exe"",""cpu_percent"":0,""ws_mb"":8.8203125,""private_mb"":1.67578125},{""pid"":37148,""name"":""electron.exe"",""cpu_percent"":0,""ws_mb"":85.2265625,""private_mb"":39.1328125},{""pid"":35448,""name"":""conhost.exe"",""cpu_percent"":0,""ws_mb"":7.07421875,""private_mb"":1.21875},{""pid"":20652,""name"":""cmd.exe"",""cpu_percent"":0,""ws_mb"":8.6015625,""private_mb"":4.49609375}]"
"2026-10-01T15:57:17.5910072Z","5.0791458","2.46104374479662","581.52734375","407.2890625","163","4222","11","","0","56.2820512820513","1.5","5380;20652;21168;21240;22712;25380;28136;31824;35448;37148;40276","[{""pid"":22712,""name"":""electron.exe"",""cpu_percent"":0,""ws_mb"":38.9765625,""private_mb"":13.1015625},{""pid"":31824,""name"":""electron.exe"",""cpu_percent"":0,""ws_mb"":90.62109375,""private_mb"":73.7578125},{""pid"":25380,""name"":""node.exe"",""cpu_percent"":0,""ws_mb"":64.78515625,""private_mb"":70.3046875},{""pid"":21240,""name"":""electron.exe"",""cpu_percent"":0.076907617024894223,""ws_mb"":111.62109375,""private_mb"":78.25390625},{""pid"":5380,""name"":""cmd.exe"",""cpu_percent"":0,""ws_mb"":8.69921875,""private_mb"":4.6015625},{""pid"":40276,""name"":""node.exe"",""cpu_percent"":0,""ws_mb"":35.68359375,""private_mb"":19.453125},{""pid"":21168,""name"":""powershell.exe"",""cpu_percent"":2.384136127771721,""ws_mb"":121.41796875,""private_mb"":101.29296875},{""pid"":28136,""name"":""conhost.exe"",""cpu_percent"":0,""ws_mb"":8.8203125,""private_mb"":1.67578125},{""pid"":37148,""name"":""electron.exe"",""cpu_percent"":0,""ws_mb"":85.2265625,""private_mb"":39.1328125},{""pid"":35448,""name"":""conhost.exe"",""cpu_percent"":0,""ws_mb"":7.07421875,""private_mb"":1.21875},{""pid"":20652,""name"":""cmd.exe"",""cpu_percent"":0,""ws_mb"":8.6015625,""private_mb"":4.49609375}]"
"2026-10-01T15:57:23.0651121Z","5.4741049","2.47376820759622","568.1953125","393.98046875","163","4090","11","","0","58.9523809523809","1.625","5380;20652;21168;21240;22712;25380;28136;31824;35448;37148;40276","[{""pid"":22712,""name"":""electron.exe"",""cpu_percent"":0,""ws_mb"":38.9765625,""private_mb"":13.1015625},{""pid"":31824,""name"":""electron.exe"",""cpu_percent"":0,""ws_mb"":90.62109375,""private_mb"":73.7578125},{""pid"":25380,""name"":""node.exe"",""cpu_percent"":0,""ws_mb"":64.78515625,""private_mb"":70.3046875},{""pid"":21240,""name"":""electron.exe"",""cpu_percent"":0.14271739659208943,""ws_mb"":111.65234375,""private_mb"":78.3515625},{""pid"":5380,""name"":""cmd.exe"",""cpu_percent"":0,""ws_mb"":8.69921875,""private_mb"":4.6015625},{""pid"":40276,""name"":""node.exe"",""cpu_percent"":0,""ws_mb"":35.68359375,""private_mb"":19.453125},{""pid"":21168,""name"":""powershell.exe"",""cpu_percent"":2.3310508110041277,""ws_mb"":108.04296875,""private_mb"":87.88671875},{""pid"":28136,""name"":""conhost.exe"",""cpu_percent"":0,""ws_mb"":8.8203125,""private_mb"":1.67578125},{""pid"":37148,""name"":""electron.exe"",""cpu_percent"":0,""ws_mb"":85.23828125,""private_mb"":39.1328125},{""pid"":35448,""name"":""conhost.exe"",""cpu_percent"":0,""ws_mb"":7.07421875,""private_mb"":1.21875},{""pid"":20652,""name"":""cmd.exe"",""cpu_percent"":0,""ws_mb"":8.6015625,""private_mb"":4.49609375}]"
"2026-10-01T15:57:28.1135294Z","5.0484173","2.91448602449458","582.1796875","408.02734375","163","4259","11","","0","77.734778121775","1.765625","5380;20652;21168;21240;22712;25380;28136;31824;35448;37148;40276","[{""pid"":22712,""name"":""electron.exe"",""cpu_percent"":0.025791911721190986,""ws_mb"":38.9765625,""private_mb"":13.1015625},{""pid"":31824,""name"":""electron.exe"",""cpu_percent"":0,""ws_mb"":90.62109375,""private_mb"":73.7578125},{""pid"":25380,""name"":""node.exe"",""cpu_percent"":0,""ws_mb"":64.78515625,""private_mb"":70.3046875},{""pid"":21240,""name"":""electron.exe"",""cpu_percent"":0.051583823442381972,""ws_mb"":111.5546875,""private_mb"":78.24609375},{""pid"":5380,""name"":""cmd.exe"",""cpu_percent"":0,""ws_mb"":8.69921875,""private_mb"":4.6015625},{""pid"":40276,""name"":""node.exe"",""cpu_percent"":0,""ws_mb"":35.68359375,""private_mb"":19.453125},{""pid"":21168,""name"":""powershell.exe"",""cpu_percent"":2.8371102893310085,""ws_mb"":122.125,""private_mb"":102.0390625},{""pid"":28136,""name"":""conhost.exe"",""cpu_percent"":0,""ws_mb"":8.8203125,""private_mb"":1.67578125},{""pid"":37148,""name"":""electron.exe"",""cpu_percent"":0,""ws_mb"":85.23828125,""private_mb"":39.1328125},{""pid"":35448,""name"":""conhost.exe"",""cpu_percent"":0,""ws_mb"":7.07421875,""private_mb"":1.21875},{""pid"":20652,""name"":""cmd.exe"",""cpu_percent"":0,""ws_mb"":8.6015625,""private_mb"":4.49609375}]"
"2026-10-01T15:57:32.7455904Z","4.632061","2.89535442934222","580.1640625","406.04296875","163","4490","11","","0","77.2727272727273","1.609375","5380;20652;21168;21240;22712;25380;28136;31824;35448;37148;40276","[{""pid"":22712,""name"":""electron.exe"",""cpu_percent"":0,""ws_mb"":38.9765625,""private_mb"":13.1015625},{""pid"":31824,""name"":""electron.exe"",""cpu_percent"":0,""ws_mb"":90.62109375,""private_mb"":73.7578125},{""pid"":25380,""name"":""node.exe"",""cpu_percent"":0,""ws_mb"":64.78515625,""private_mb"":70.3046875},{""pid"":21240,""name"":""electron.exe"",""cpu_percent"":0.056220474356159525,""ws_mb"":109.52734375,""private_mb"":76.26171875},{""pid"":5380,""name"":""cmd.exe"",""cpu_percent"":0,""ws_mb"":8.69921875,""private_mb"":4.6015625},{""pid"":40276,""name"":""node.exe"",""cpu_percent"":0,""ws_mb"":35.68359375,""private_mb"":19.453125},{""pid"":21168,""name"":""powershell.exe"",""cpu_percent"":2.8391339549860559,""ws_mb"":122.13671875,""private_mb"":102.0390625},{""pid"":28136,""name"":""conhost.exe"",""cpu_percent"":0,""ws_mb"":8.8203125,""private_mb"":1.67578125},{""pid"":37148,""name"":""electron.exe"",""cpu_percent"":0,""ws_mb"":85.23828125,""private_mb"":39.1328125},{""pid"":35448,""name"":""conhost.exe"",""cpu_percent"":0,""ws_mb"":7.07421875,""private_mb"":1.21875},{""pid"":20652,""name"":""cmd.exe"",""cpu_percent"":0,""ws_mb"":8.6015625,""private_mb"":4.49609375}]"
"2026-10-01T15:57:38.3720330Z","5.6264426","2.31422130447636","583.09765625","408.953125","164","4173","11","","0","70.0462962962963","1.5625","5380;20652;21168;21240;22712;25380;28136;31824;35448;37148;40276","[{""pid"":22712,""name"":""electron.exe"",""cpu_percent"":0,""ws_mb"":38.9765625,""private_mb"":13.1015625},{""pid"":31824,""name"":""electron.exe"",""cpu_percent"":0,""ws_mb"":90.62109375,""private_mb"":73.7578125},{""pid"":25380,""name"":""node.exe"",""cpu_percent"":0,""ws_mb"":64.78515625,""private_mb"":70.3046875},{""pid"":21240,""name"":""electron.exe"",""cpu_percent"":0.069426639134290646,""ws_mb"":110.94921875,""private_mb"":77.64453125},{""pid"":5380,""name"":""cmd.exe"",""cpu_percent"":0,""ws_mb"":8.69921875,""private_mb"":4.6015625},{""pid"":40276,""name"":""node.exe"",""cpu_percent"":0,""ws_mb"":35.68359375,""private_mb"":19.453125},{""pid"":21168,""name"":""powershell.exe"",""cpu_percent"":2.2447946653420643,""ws_mb"":123.6484375,""private_mb"":103.56640625},{""pid"":28136,""name"":""conhost.exe"",""cpu_percent"":0,""ws_mb"":8.8203125,""private_mb"":1.67578125},{""pid"":37148,""name"":""electron.exe"",""cpu_percent"":0,""ws_mb"":85.23828125,""private_mb"":39.1328125},{""pid"":35448,""name"":""conhost.exe"",""cpu_percent"":0,""ws_mb"":7.07421875,""private_mb"":1.21875},{""pid"":20652,""name"":""cmd.exe"",""cpu_percent"":0,""ws_mb"":8.6015625,""private_mb"":4.49609375}]"
"2026-10-01T15:57:43.1226621Z","4.7506291","2.08305744881943","569.41796875","395.203125","163","4064","11","","0","85.8552631578947","1.1875","5380;20652;21168;21240;22712;25380;28136;31824;35448;37148;40276","[{""pid"":22712,""name"":""electron.exe"",""cpu_percent"":0,""ws_mb"":38.9765625,""private_mb"":13.1015625},{""pid"":31824,""name"":""electron.exe"",""cpu_percent"":0,""ws_mb"":90.62109375,""private_mb"":73.7578125},{""pid"":25380,""name"":""node.exe"",""cpu_percent"":0,""ws_mb"":64.78515625,""private_mb"":70.3046875},{""pid"":21240,""name"":""electron.exe"",""cpu_percent"":0.054817301284721787,""ws_mb"":111.47265625,""private_mb"":78.1875},{""pid"":5380,""name"":""cmd.exe"",""cpu_percent"":0,""ws_mb"":8.69921875,""private_mb"":4.6015625},{""pid"":40276,""name"":""node.exe"",""cpu_percent"":0,""ws_mb"":35.68359375,""private_mb"":19.453125},{""pid"":21168,""name"":""powershell.exe"",""cpu_percent"":2.0282401475347061,""ws_mb"":109.44140625,""private_mb"":89.2734375},{""pid"":28136,""name"":""conhost.exe"",""cpu_percent"":0,""ws_mb"":8.8203125,""private_mb"":1.67578125},{""pid"":37148,""name"":""electron.exe"",""cpu_percent"":0,""ws_mb"":85.2421875,""private_mb"":39.1328125},{""pid"":35448,""name"":""conhost.exe"",""cpu_percent"":0,""ws_mb"":7.07421875,""private_mb"":1.21875},{""pid"":20652,""name"":""cmd.exe"",""cpu_percent"":0,""ws_mb"":8.6015625,""private_mb"":4.49609375}]"
"2026-10-01T15:57:47.3710872Z","4.2484251","2.51318620006584","577.57421875","403.3671875","163","3838","11","","0","66.3803680981595","1.28125","5380;20652;21168;21240;22712;25380;28136;31824;35448;37148;40276","[{""pid"":22712,""name"":""electron.exe"",""cpu_percent"":0,""ws_mb"":38.9765625,""private_mb"":13.10546875},{""pid"":31824,""name"":""electron.exe"",""cpu_percent"":0,""ws_mb"":90.62109375,""private_mb"":73.7578125},{""pid"":25380,""name"":""node.exe"",""cpu_percent"":0,""ws_mb"":64.78515625,""private_mb"":70.3046875},{""pid"":21240,""name"":""electron.exe"",""cpu_percent"":0.09194583658777461,""ws_mb"":110.81640625,""private_mb"":77.51953125},{""pid"":5380,""name"":""cmd.exe"",""cpu_percent"":0,""ws_mb"":8.69921875,""private_mb"":4.6015625},{""pid"":40276,""name"":""node.exe"",""cpu_percent"":0,""ws_mb"":35.68359375,""private_mb"":19.453125},{""pid"":21168,""name"":""powershell.exe"",""cpu_percent"":2.3599431390862149,""ws_mb"":118.25390625,""private_mb"":98.1015625},{""pid"":28136,""name"":""conhost.exe"",""cpu_percent"":0,""ws_mb"":8.8203125,""private_mb"":1.67578125},{""pid"":37148,""name"":""electron.exe"",""cpu_percent"":0.061297224391849744,""ws_mb"":85.2421875,""private_mb"":39.1328125},{""pid"":35448,""name"":""conhost.exe"",""cpu_percent"":0,""ws_mb"":7.07421875,""private_mb"":1.21875},{""pid"":20652,""name"":""cmd.exe"",""cpu_percent"":0,""ws_mb"":8.6015625,""private_mb"":4.49609375}]"
"2026-10-01T15:57:52.4194704Z","5.0483832","2.16653521864188","585.94921875","411.59375","162","4110","11","","0","20.0515463917526","1.3125","5380;20652;21168;21240;22712;25380;28136;31824;35448;37148;40276","[{""pid"":22712,""name"":""electron.exe"",""cpu_percent"":0,""ws_mb"":38.98828125,""private_mb"":13.07421875},{""pid"":31824,""name"":""electron.exe"",""cpu_percent"":0,""ws_mb"":90.76171875,""private_mb"":73.7578125},{""pid"":25380,""name"":""node.exe"",""cpu_percent"":0,""ws_mb"":64.78515625,""private_mb"":70.3046875},{""pid"":21240,""name"":""electron.exe"",""cpu_percent"":0.02579208593621287,""ws_mb"":111.1484375,""private_mb"":77.82421875},{""pid"":5380,""name"":""cmd.exe"",""cpu_percent"":0,""ws_mb"":8.69921875,""private_mb"":4.6015625},{""pid"":40276,""name"":""node.exe"",""cpu_percent"":0,""ws_mb"":35.68359375,""private_mb"":19.453125},{""pid"":21168,""name"":""powershell.exe"",""cpu_percent"":2.1407431327056683,""ws_mb"":126.14453125,""private_mb"":106.0546875},{""pid"":28136,""name"":""conhost.exe"",""cpu_percent"":0,""ws_mb"":8.8203125,""private_mb"":1.67578125},{""pid"":37148,""name"":""electron.exe"",""cpu_percent"":0,""ws_mb"":85.2421875,""private_mb"":39.1328125},{""pid"":35448,""name"":""conhost.exe"",""cpu_percent"":0,""ws_mb"":7.07421875,""private_mb"":1.21875},{""pid"":20652,""name"":""cmd.exe"",""cpu_percent"":0,""ws_mb"":8.6015625,""private_mb"":4.49609375}]"
"2026-10-01T15:57:57.4803780Z","5.0609076","2.2383583924749","588.40625","414.328125","161","4577","11","","0","37.4228395061728","1.359375","5380;20652;21168;21240;22712;25380;28136;31824;35448;37148;40276","[{""pid"":22712,""name"":""electron.exe"",""cpu_percent"":0,""ws_mb"":38.98046875,""private_mb"":13.06640625},{""pid"":31824,""name"":""electron.exe"",""cpu_percent"":0,""ws_mb"":90.7578125,""private_mb"":73.75390625},{""pid"":25380,""name"":""node.exe"",""cpu_percent"":0,""ws_mb"":64.7734375,""private_mb"":70.2734375},{""pid"":21240,""name"":""electron.exe"",""cpu_percent"":0.12864128692384477,""ws_mb"":111.82421875,""private_mb"":78.796875},{""pid"":5380,""name"":""cmd.exe"",""cpu_percent"":0,""ws_mb"":8.69921875,""private_mb"":4.6015625},{""pid"":40276,""name"":""node.exe"",""cpu_percent"":0,""ws_mb"":35.68359375,""private_mb"":19.453125},{""pid"":21168,""name"":""powershell.exe"",""cpu_percent"":2.0839888481662854,""ws_mb"":127.94921875,""private_mb"":107.859375},{""pid"":28136,""name"":""conhost.exe"",""cpu_percent"":0,""ws_mb"":8.8203125,""private_mb"":1.67578125},{""pid"":37148,""name"":""electron.exe"",""cpu_percent"":0.025728257384768954,""ws_mb"":85.2421875,""private_mb"":39.1328125},{""pid"":35448,""name"":""conhost.exe"",""cpu_percent"":0,""ws_mb"":7.07421875,""private_mb"":1.21875},{""pid"":20652,""name"":""cmd.exe"",""cpu_percent"":0,""ws_mb"":8.6015625,""private_mb"":4.49609375}]"
"2026-10-01T15:58:02.3916571Z","4.9112791","2.12096817439405","584.7578125","410.61328125","158","4718","11","","0","29.7505307855626","1.25","5380;20652;21168;21240;22712;25380;28136;31824;35448;37148;40276","[{""pid"":22712,""name"":""electron.exe"",""cpu_percent"":0,""ws_mb"":38.98046875,""private_mb"":13.06640625},{""pid"":31824,""name"":""electron.exe"",""cpu_percent"":0,""ws_mb"":90.7578125,""private_mb"":73.75390625},{""pid"":25380,""name"":""node.exe"",""cpu_percent"":0,""ws_mb"":64.7734375,""private_mb"":70.2734375},{""pid"":21240,""name"":""electron.exe"",""cpu_percent"":0.02651210217992566,""ws_mb"":111.859375,""private_mb"":78.78125},{""pid"":5380,""name"":""cmd.exe"",""cpu_percent"":0,""ws_mb"":8.69921875,""private_mb"":4.6015625},{""pid"":40276,""name"":""node.exe"",""cpu_percent"":0,""ws_mb"":35.68359375,""private_mb"":19.453125},{""pid"":21168,""name"":""powershell.exe"",""cpu_percent"":2.0944560722141272,""ws_mb"":124.265625,""private_mb"":104.16015625},{""pid"":28136,""name"":""conhost.exe"",""cpu_percent"":0,""ws_mb"":8.8203125,""private_mb"":1.67578125},{""pid"":37148,""name"":""electron.exe"",""cpu_percent"":0,""ws_mb"":85.2421875,""private_mb"":39.1328125},{""pid"":35448,""name"":""conhost.exe"",""cpu_percent"":0,""ws_mb"":7.07421875,""private_mb"":1.21875},{""pid"":20652,""name"":""cmd.exe"",""cpu_percent"":0,""ws_mb"":8.6015625,""private_mb"":4.49609375}]"
"2026-10-01T15:58:07.4484329Z","5.0567758","2.26593659409091","588.3515625","414.41796875","153","4262","11","","0","27.4060730828616","1.375","5380;20652;21168;21240;22712;25380;28136;31824;35448;37148;40276","[{""pid"":22712,""name"":""electron.exe"",""cpu_percent"":0,""ws_mb"":38.95703125,""private_mb"":13},{""pid"":31824,""name"":""electron.exe"",""cpu_percent"":0,""ws_mb"":90.76171875,""private_mb"":74.03125},{""pid"":25380,""name"":""node.exe"",""cpu_percent"":0,""ws_mb"":64.7734375,""private_mb"":70.2734375},{""pid"":21240,""name"":""electron.exe"",""cpu_percent"":0.025749279478305791,""ws_mb"":111.98046875,""private_mb"":78.92578125},{""pid"":5380,""name"":""cmd.exe"",""cpu_percent"":0,""ws_mb"":8.69921875,""private_mb"":4.6015625},{""pid"":40276,""name"":""node.exe"",""cpu_percent"":0,""ws_mb"":35.68359375,""private_mb"":19.453125},{""pid"":21168,""name"":""powershell.exe"",""cpu_percent"":2.2401873146126037,""ws_mb"":127.7578125,""private_mb"":107.609375},{""pid"":28136,""name"":""conhost.exe"",""cpu_percent"":0,""ws_mb"":8.8203125,""private_mb"":1.67578125},{""pid"":37148,""name"":""electron.exe"",""cpu_percent"":0,""ws_mb"":85.2421875,""private_mb"":39.1328125},{""pid"":35448,""name"":""conhost.exe"",""cpu_percent"":0,""ws_mb"":7.07421875,""private_mb"":1.21875},{""pid"":20652,""name"":""cmd.exe"",""cpu_percent"":0,""ws_mb"":8.6015625,""private_mb"":4.49609375}]"
"2026-10-01T15:58:12.6634366Z","5.2150037","2.4718342961099","599.4609375","414.48046875","153","3817","11","","0","51.775887943972","1.546875","5380;20652;21168;21240;22712;25380;28136;31824;35448;37148;40276","[{""pid"":22712,""name"":""electron.exe"",""cpu_percent"":0,""ws_mb"":38.95703125,""private_mb"":13},{""pid"":31824,""name"":""electron.exe"",""cpu_percent"":0.024968023193029251,""ws_mb"":101.80078125,""private_mb"":74.03125},{""pid"":25380,""name"":""node.exe"",""cpu_percent"":0,""ws_mb"":64.7734375,""private_mb"":70.2734375},{""pid"":21240,""name"":""electron.exe"",""cpu_percent"":0.074904069579087754,""ws_mb"":112.046875,""private_mb"":78.98828125},{""pid"":5380,""name"":""cmd.exe"",""cpu_percent"":0,""ws_mb"":8.69921875,""private_mb"":4.6015625},{""pid"":40276,""name"":""node.exe"",""cpu_percent"":0,""ws_mb"":35.68359375,""private_mb"":19.453125},{""pid"":21168,""name"":""powershell.exe"",""cpu_percent"":2.3719622033377785,""ws_mb"":127.76171875,""private_mb"":107.609375},{""pid"":28136,""name"":""conhost.exe"",""cpu_percent"":0,""ws_mb"":8.8203125,""private_mb"":1.67578125},{""pid"":37148,""name"":""electron.exe"",""cpu_percent"":0,""ws_mb"":85.2421875,""private_mb"":39.1328125},{""pid"":35448,""name"":""conhost.exe"",""cpu_percent"":0,""ws_mb"":7.07421875,""private_mb"":1.21875},{""pid"":20652,""name"":""cmd.exe"",""cpu_percent"":0,""ws_mb"":8.6015625,""private_mb"":4.49609375}]"
"2026-10-01T15:58:17.3701896Z","4.706753","2.26846051478234","597.44921875","411.94140625","153","4494","11","","0","28.1293174910196","1.28125","5380;20652;21168;21240;22712;25380;28136;31824;35448;37148;40276","[{""pid"":22712,""name"":""electron.exe"",""cpu_percent"":0,""ws_mb"":38.95703125,""private_mb"":13},{""pid"":31824,""name"":""electron.exe"",""cpu_percent"":0,""ws_mb"":102.05078125,""private_mb"":74.03125},{""pid"":25380,""name"":""node.exe"",""cpu_percent"":0,""ws_mb"":64.7734375,""private_mb"":70.2734375},{""pid"":21240,""name"":""electron.exe"",""cpu_percent"":0.055328305238593709,""ws_mb"":111.94140625,""private_mb"":78.58984375},{""pid"":5380,""name"":""cmd.exe"",""cpu_percent"":0,""ws_mb"":8.69921875,""private_mb"":4.6015625},{""pid"":40276,""name"":""node.exe"",""cpu_percent"":0,""ws_mb"":35.68359375,""private_mb"":19.453125},{""pid"":21168,""name"":""powershell.exe"",""cpu_percent"":2.2131322095437485,""ws_mb"":125.6015625,""private_mb"":105.46875},{""pid"":28136,""name"":""conhost.exe"",""cpu_percent"":0,""ws_mb"":8.8203125,""private_mb"":1.67578125},{""pid"":37148,""name"":""electron.exe"",""cpu_percent"":0,""ws_mb"":85.24609375,""private_mb"":39.1328125},{""pid"":35448,""name"":""conhost.exe"",""cpu_percent"":0,""ws_mb"":7.07421875,""private_mb"":1.21875},{""pid"":20652,""name"":""cmd.exe"",""cpu_percent"":0,""ws_mb"":8.6015625,""private_mb"":4.49609375}]"
"2026-10-01T15:58:22.5331075Z","5.1629179","1.58885443442748","599.92578125","414.24609375","153","3814","11","","0","27.4401008827238","0.984375","5380;20652;21168;21240;22712;25380;28136;31824;35448;37148;40276","[{""pid"":22712,""name"":""electron.exe"",""cpu_percent"":0,""ws_mb"":38.95703125,""private_mb"":13},{""pid"":31824,""name"":""electron.exe"",""cpu_percent"":0,""ws_mb"":102.05078125,""private_mb"":74.03125},{""pid"":25380,""name"":""node.exe"",""cpu_percent"":0,""ws_mb"":64.7734375,""private_mb"":70.2734375},{""pid"":21240,""name"":""electron.exe"",""cpu_percent"":0.050439823315158019,""ws_mb"":111.8203125,""private_mb"":78.265625},{""pid"":5380,""name"":""cmd.exe"",""cpu_percent"":0,""ws_mb"":8.69921875,""private_mb"":4.6015625},{""pid"":40276,""name"":""node.exe"",""cpu_percent"":0,""ws_mb"":35.68359375,""private_mb"":19.453125},{""pid"":21168,""name"":""powershell.exe"",""cpu_percent"":1.5384146111123196,""ws_mb"":128.19921875,""private_mb"":108.09765625},{""pid"":28136,""name"":""conhost.exe"",""cpu_percent"":0,""ws_mb"":8.8203125,""private_mb"":1.67578125},{""pid"":37148,""name"":""electron.exe"",""cpu_percent"":0,""ws_mb"":85.24609375,""private_mb"":39.1328125},{""pid"":35448,""name"":""conhost.exe"",""cpu_percent"":0,""ws_mb"":7.07421875,""private_mb"":1.21875},{""pid"":20652,""name"":""cmd.exe"",""cpu_percent"":0,""ws_mb"":8.6015625,""private_mb"":4.49609375}]"
"2026-10-01T15:58:27.4237519Z","4.8906444","2.31628474153631","586.46484375","400.69140625","155","3812","11","","0","46.1927582534611","1.359375","5380;20652;21168;21240;22712;25380;28136;31824;35448;37148;40276","[{""pid"":22712,""name"":""electron.exe"",""cpu_percent"":0,""ws_mb"":38.95703125,""private_mb"":13},{""pid"":31824,""name"":""electron.exe"",""cpu_percent"":0,""ws_mb"":102.05078125,""private_mb"":74.03125},{""pid"":25380,""name"":""node.exe"",""cpu_percent"":0,""ws_mb"":64.7734375,""private_mb"":70.2734375},{""pid"":21240,""name"":""electron.exe"",""cpu_percent"":0.026623962546394368,""ws_mb"":112.06640625,""private_mb"":78.48046875},{""pid"":5380,""name"":""cmd.exe"",""cpu_percent"":0,""ws_mb"":8.69921875,""private_mb"":4.6015625},{""pid"":40276,""name"":""node.exe"",""cpu_percent"":0,""ws_mb"":35.68359375,""private_mb"":19.453125},{""pid"":21168,""name"":""powershell.exe"",""cpu_percent"":2.2896607789899157,""ws_mb"":114.4921875,""private_mb"":94.328125},{""pid"":28136,""name"":""conhost.exe"",""cpu_percent"":0,""ws_mb"":8.8203125,""private_mb"":1.67578125},{""pid"":37148,""name"":""electron.exe"",""cpu_percent"":0,""ws_mb"":85.24609375,""private_mb"":39.1328125},{""pid"":35448,""name"":""conhost.exe"",""cpu_percent"":0,""ws_mb"":7.07421875,""private_mb"":1.21875},{""pid"":20652,""name"":""cmd.exe"",""cpu_percent"":0,""ws_mb"":8.6015625,""private_mb"":4.49609375}]"
"2026-10-01T15:58:32.4070496Z","4.9832977","2.42999229205191","591.76953125","406.02734375","155","4605","11","","0","29.9373040752351","1.453125","5380;20652;21168;21240;22712;25380;28136;31824;35448;37148;40276","[{""pid"":22712,""name"":""electron.exe"",""cpu_percent"":0,""ws_mb"":38.95703125,""private_mb"":13},{""pid"":31824,""name"":""electron.exe"",""cpu_percent"":0,""ws_mb"":102.05078125,""private_mb"":74.03125},{""pid"":25380,""name"":""node.exe"",""cpu_percent"":0,""ws_mb"":64.7734375,""private_mb"":70.2734375},{""pid"":21240,""name"":""electron.exe"",""cpu_percent"":0.026128949376902237,""ws_mb"":112.02734375,""private_mb"":78.43359375},{""pid"":5380,""name"":""cmd.exe"",""cpu_percent"":0,""ws_mb"":8.69921875,""private_mb"":4.6015625},{""pid"":40276,""name"":""node.exe"",""cpu_percent"":0,""ws_mb"":35.68359375,""private_mb"":19.453125},{""pid"":21168,""name"":""powershell.exe"",""cpu_percent"":2.4038633426750056,""ws_mb"":119.8359375,""private_mb"":99.7109375},{""pid"":28136,""name"":""conhost.exe"",""cpu_percent"":0,""ws_mb"":8.8203125,""private_mb"":1.67578125},{""pid"":37148,""name"":""electron.exe"",""cpu_percent"":0,""ws_mb"":85.24609375,""private_mb"":39.1328125},{""pid"":35448,""name"":""conhost.exe"",""cpu_percent"":0,""ws_mb"":7.07421875,""private_mb"":1.21875},{""pid"":20652,""name"":""cmd.exe"",""cpu_percent"":0,""ws_mb"":8.6015625,""private_mb"":4.49609375}]"
"2026-10-01T15:58:37.3379093Z","4.9308597","1.53159566339584","596.0234375","410.328125","155","4308","11","","0","26.934248745709","0.90625","5380;20652;21168;21240;22712;25380;28136;31824;35448;37148;40276","[{""pid"":22712,""name"":""electron.exe"",""cpu_percent"":0,""ws_mb"":38.95703125,""private_mb"":13},{""pid"":31824,""name"":""electron.exe"",""cpu_percent"":0,""ws_mb"":102.05078125,""private_mb"":74.03125},{""pid"":25380,""name"":""node.exe"",""cpu_percent"":0,""ws_mb"":64.7734375,""private_mb"":70.2734375},{""pid"":21240,""name"":""electron.exe"",""cpu_percent"":0,""ws_mb"":112.16015625,""private_mb"":78.6015625},{""pid"":5380,""name"":""cmd.exe"",""cpu_percent"":0,""ws_mb"":8.69921875,""private_mb"":4.6015625},{""pid"":40276,""name"":""node.exe"",""cpu_percent"":0,""ws_mb"":35.68359375,""private_mb"":19.453125},{""pid"":21168,""name"":""powershell.exe"",""cpu_percent"":1.5315956633958441,""ws_mb"":123.95703125,""private_mb"":103.84375},{""pid"":28136,""name"":""conhost.exe"",""cpu_percent"":0,""ws_mb"":8.8203125,""private_mb"":1.67578125},{""pid"":37148,""name"":""electron.exe"",""cpu_percent"":0,""ws_mb"":85.24609375,""private_mb"":39.1328125},{""pid"":35448,""name"":""conhost.exe"",""cpu_percent"":0,""ws_mb"":7.07421875,""private_mb"":1.21875},{""pid"":20652,""name"":""cmd.exe"",""cpu_percent"":0,""ws_mb"":8.6015625,""private_mb"":4.49609375}]"
"2026-10-01T15:58:42.6833997Z","5.3454904","2.63072215039428","590.41015625","404.640625","155","4441","11","","0","48.3572645412509","1.6875","5380;20652;21168;21240;22712;25380;28136;31824;35448;37148;40276","[{""pid"":22712,""name"":""electron.exe"",""cpu_percent"":0,""ws_mb"":38.95703125,""private_mb"":13},{""pid"":31824,""name"":""electron.exe"",""cpu_percent"":0,""ws_mb"":102.05078125,""private_mb"":74.03125},{""pid"":25380,""name"":""node.exe"",""cpu_percent"":0,""ws_mb"":64.7734375,""private_mb"":70.2734375},{""pid"":21240,""name"":""electron.exe"",""cpu_percent"":0.0974341537183068,""ws_mb"":112.3671875,""private_mb"":78.77734375},{""pid"":5380,""name"":""cmd.exe"",""cpu_percent"":0,""ws_mb"":8.69921875,""private_mb"":4.6015625},{""pid"":40276,""name"":""node.exe"",""cpu_percent"":0,""ws_mb"":35.68359375,""private_mb"":19.453125},{""pid"":21168,""name"":""powershell.exe"",""cpu_percent"":2.5332879966759769,""ws_mb"":118.13671875,""private_mb"":97.98046875},{""pid"":28136,""name"":""conhost.exe"",""cpu_percent"":0,""ws_mb"":8.8203125,""private_mb"":1.67578125},{""pid"":37148,""name"":""electron.exe"",""cpu_percent"":0,""ws_mb"":85.24609375,""private_mb"":39.1328125},{""pid"":35448,""name"":""conhost.exe"",""cpu_percent"":0,""ws_mb"":7.07421875,""private_mb"":1.21875},{""pid"":20652,""name"":""cmd.exe"",""cpu_percent"":0,""ws_mb"":8.6015625,""private_mb"":4.49609375}]"
"2026-10-01T15:58:47.7633351Z","5.0799354","2.33250177420235","594.67578125","409.0234375","155","4655","11","","0","43.6666666666667","1.421875","5380;20652;21168;21240;22712;25380;28136;31824;35448;37148;40276","[{""pid"":22712,""name"":""electron.exe"",""cpu_percent"":0,""ws_mb"":38.98046875,""private_mb"":12.984375},{""pid"":31824,""name"":""electron.exe"",""cpu_percent"":0,""ws_mb"":102.05078125,""private_mb"":74.03125},{""pid"":25380,""name"":""node.exe"",""cpu_percent"":0,""ws_mb"":64.7734375,""private_mb"":70.2734375},{""pid"":21240,""name"":""electron.exe"",""cpu_percent"":0.051263775257194541,""ws_mb"":112.49609375,""private_mb"":79.04296875},{""pid"":5380,""name"":""cmd.exe"",""cpu_percent"":0,""ws_mb"":8.69921875,""private_mb"":4.6015625},{""pid"":40276,""name"":""node.exe"",""cpu_percent"":0,""ws_mb"":35.68359375,""private_mb"":19.453125},{""pid"":21168,""name"":""powershell.exe"",""cpu_percent"":2.2812379989451572,""ws_mb"":122.24609375,""private_mb"":102.11328125},{""pid"":28136,""name"":""conhost.exe"",""cpu_percent"":0,""ws_mb"":8.8203125,""private_mb"":1.67578125},{""pid"":37148,""name"":""electron.exe"",""cpu_percent"":0,""ws_mb"":85.25,""private_mb"":39.1328125},{""pid"":35448,""name"":""conhost.exe"",""cpu_percent"":0,""ws_mb"":7.07421875,""private_mb"":1.21875},{""pid"":20652,""name"":""cmd.exe"",""cpu_percent"":0,""ws_mb"":8.6015625,""private_mb"":4.49609375}]"
"2026-10-01T15:58:52.8207214Z","5.0573863","1.80223198163315","601.77734375","416.078125","155","4112","11","","0","63.0546955624355","1.09375","5380;20652;21168;21240;22712;25380;28136;31824;35448;37148;40276","[{""pid"":22712,""name"":""electron.exe"",""cpu_percent"":0,""ws_mb"":38.98046875,""private_mb"":12.984375},{""pid"":31824,""name"":""electron.exe"",""cpu_percent"":0,""ws_mb"":102.05078125,""private_mb"":74.03125},{""pid"":25380,""name"":""node.exe"",""cpu_percent"":0,""ws_mb"":64.7734375,""private_mb"":70.2734375},{""pid"":21240,""name"":""electron.exe"",""cpu_percent"":0,""ws_mb"":112.13671875,""private_mb"":78.64453125},{""pid"":5380,""name"":""cmd.exe"",""cpu_percent"":0,""ws_mb"":8.69921875,""private_mb"":4.6015625},{""pid"":40276,""name"":""node.exe"",""cpu_percent"":0,""ws_mb"":35.68359375,""private_mb"":19.453125},{""pid"":21168,""name"":""powershell.exe"",""cpu_percent"":1.8022319816331478,""ws_mb"":129.70703125,""private_mb"":109.56640625},{""pid"":28136,""name"":""conhost.exe"",""cpu_percent"":0,""ws_mb"":8.8203125,""private_mb"":1.67578125},{""pid"":37148,""name"":""electron.exe"",""cpu_percent"":0,""ws_mb"":85.25,""private_mb"":39.1328125},{""pid"":35448,""name"":""conhost.exe"",""cpu_percent"":0,""ws_mb"":7.07421875,""private_mb"":1.21875},{""pid"":20652,""name"":""cmd.exe"",""cpu_percent"":0,""ws_mb"":8.6015625,""private_mb"":4.49609375}]"
"2026-10-01T15:58:57.7735602Z","4.9528388","2.33977767793829","602.3046875","416.68359375","155","4398","11","","0","61.6982124079916","1.390625","5380;20652;21168;21240;22712;25380;28136;31824;35448;37148;40276","[{""pid"":22712,""name"":""electron.exe"",""cpu_percent"":0,""ws_mb"":38.95703125,""private_mb"":12.9609375},{""pid"":31824,""name"":""electron.exe"",""cpu_percent"":0,""ws_mb"":102.05078125,""private_mb"":74.03125},{""pid"":25380,""name"":""node.exe"",""cpu_percent"":0,""ws_mb"":64.7734375,""private_mb"":70.2734375},{""pid"":21240,""name"":""electron.exe"",""cpu_percent"":0,""ws_mb"":112.24609375,""private_mb"":78.7734375},{""pid"":5380,""name"":""cmd.exe"",""cpu_percent"":0,""ws_mb"":8.69921875,""private_mb"":4.6015625},{""pid"":40276,""name"":""node.exe"",""cpu_percent"":0,""ws_mb"":35.68359375,""private_mb"":19.453125},{""pid"":21168,""name"":""powershell.exe"",""cpu_percent"":2.33977767793829,""ws_mb"":130.1484375,""private_mb"":110.06640625},{""pid"":28136,""name"":""conhost.exe"",""cpu_percent"":0,""ws_mb"":8.8203125,""private_mb"":1.67578125},{""pid"":37148,""name"":""electron.exe"",""cpu_percent"":0,""ws_mb"":85.25,""private_mb"":39.1328125},{""pid"":35448,""name"":""conhost.exe"",""cpu_percent"":0,""ws_mb"":7.07421875,""private_mb"":1.21875},{""pid"":20652,""name"":""cmd.exe"",""cpu_percent"":0,""ws_mb"":8.6015625,""private_mb"":4.49609375}]"
"2026-10-01T15:59:02.7184750Z","4.9449148","2.55418118292621","589.56640625","403.68359375","155","4138","11","","0","68.6119873817035","1.515625","5380;20652;21168;21240;22712;25380;28136;31824;35448;37148;40276","[{""pid"":22712,""name"":""electron.exe"",""cpu_percent"":0,""ws_mb"":38.95703125,""private_mb"":12.9609375},{""pid"":31824,""name"":""electron.exe"",""cpu_percent"":0,""ws_mb"":102.05078125,""private_mb"":74.03125},{""pid"":25380,""name"":""node.exe"",""cpu_percent"":0,""ws_mb"":64.7734375,""private_mb"":70.2734375},{""pid"":21240,""name"":""electron.exe"",""cpu_percent"":0.026331764772435179,""ws_mb"":110.2734375,""private_mb"":76.6171875},{""pid"":5380,""name"":""cmd.exe"",""cpu_percent"":0,""ws_mb"":8.69921875,""private_mb"":4.6015625},{""pid"":40276,""name"":""node.exe"",""cpu_percent"":0,""ws_mb"":35.68359375,""private_mb"":19.453125},{""pid"":21168,""name"":""powershell.exe"",""cpu_percent"":2.5278494181537772,""ws_mb"":119.3828125,""private_mb"":99.22265625},{""pid"":28136,""name"":""conhost.exe"",""cpu_percent"":0,""ws_mb"":8.8203125,""private_mb"":1.67578125},{""pid"":37148,""name"":""electron.exe"",""cpu_percent"":0,""ws_mb"":85.25,""private_mb"":39.1328125},{""pid"":35448,""name"":""conhost.exe"",""cpu_percent"":0,""ws_mb"":7.07421875,""private_mb"":1.21875},{""pid"":20652,""name"":""cmd.exe"",""cpu_percent"":0,""ws_mb"":8.6015625,""private_mb"":4.49609375}]"
"2026-10-01T15:59:07.6793896Z","4.9609146","1.94226618347082","593.30078125","407.53125","155","4050","11","","0","69.111461619348","1.15625","5380;20652;21168;21240;22712;25380;28136;31824;35448;37148;40276","[{""pid"":22712,""name"":""electron.exe"",""cpu_percent"":0,""ws_mb"":38.95703125,""private_mb"":12.9609375},{""pid"":31824,""name"":""electron.exe"",""cpu_percent"":0,""ws_mb"":102.05078125,""private_mb"":74.03125},{""pid"":25380,""name"":""node.exe"",""cpu_percent"":0,""ws_mb"":64.7734375,""private_mb"":70.2734375},{""pid"":21240,""name"":""electron.exe"",""cpu_percent"":0,""ws_mb"":111.703125,""private_mb"":78.1484375},{""pid"":5380,""name"":""cmd.exe"",""cpu_percent"":0,""ws_mb"":8.69921875,""private_mb"":4.6015625},{""pid"":40276,""name"":""node.exe"",""cpu_percent"":0,""ws_mb"":35.68359375,""private_mb"":19.453125},{""pid"":21168,""name"":""powershell.exe"",""cpu_percent"":1.9422661834708195,""ws_mb"":121.6875,""private_mb"":101.5390625},{""pid"":28136,""name"":""conhost.exe"",""cpu_percent"":0,""ws_mb"":8.8203125,""private_mb"":1.67578125},{""pid"":37148,""name"":""electron.exe"",""cpu_percent"":0,""ws_mb"":85.25,""private_mb"":39.1328125},{""pid"":35448,""name"":""conhost.exe"",""cpu_percent"":0,""ws_mb"":7.07421875,""private_mb"":1.21875},{""pid"":20652,""name"":""cmd.exe"",""cpu_percent"":0,""ws_mb"":8.6015625,""private_mb"":4.49609375}]"
"2026-10-01T15:59:12.6752036Z","4.995814","2.31965034460183","597.203125","411.3671875","155","3812","11","","0","42.9166666666667","1.390625","5380;20652;21168;21240;22712;25380;28136;31824;35448;37148;40276","[{""pid"":22712,""name"":""electron.exe"",""cpu_percent"":0,""ws_mb"":38.95703125,""private_mb"":12.9609375},{""pid"":31824,""name"":""electron.exe"",""cpu_percent"":0,""ws_mb"":102.05078125,""private_mb"":74.03125},{""pid"":25380,""name"":""node.exe"",""cpu_percent"":0,""ws_mb"":64.7734375,""private_mb"":70.2734375},{""pid"":21240,""name"":""electron.exe"",""cpu_percent"":0.0781904610539944,""ws_mb"":111.64453125,""private_mb"":78.0859375},{""pid"":5380,""name"":""cmd.exe"",""cpu_percent"":0,""ws_mb"":8.69921875,""private_mb"":4.6015625},{""pid"":40276,""name"":""node.exe"",""cpu_percent"":0,""ws_mb"":35.68359375,""private_mb"":19.453125},{""pid"":21168,""name"":""powershell.exe"",""cpu_percent"":2.2414598835478392,""ws_mb"":126.2734375,""private_mb"":106.171875},{""pid"":28136,""name"":""conhost.exe"",""cpu_percent"":0,""ws_mb"":8.8203125,""private_mb"":1.67578125},{""pid"":37148,""name"":""electron.exe"",""cpu_percent"":0,""ws_mb"":84.625,""private_mb"":38.3984375},{""pid"":35448,""name"":""conhost.exe"",""cpu_percent"":0,""ws_mb"":7.07421875,""private_mb"":1.21875},{""pid"":20652,""name"":""cmd.exe"",""cpu_percent"":0,""ws_mb"":8.6015625,""private_mb"":4.49609375}]"
"2026-10-01T15:59:17.7406676Z","5.065464","2.23634498241425","585.62109375","399.84765625","155","4074","11","","0","61.0339506172839","1.359375","5380;20652;21168;21240;22712;25380;28136;31824;35448;37148;40276","[{""pid"":22712,""name"":""electron.exe"",""cpu_percent"":0,""ws_mb"":38.95703125,""private_mb"":12.9609375},{""pid"":31824,""name"":""electron.exe"",""cpu_percent"":0,""ws_mb"":102.05078125,""private_mb"":74.03125},{""pid"":25380,""name"":""node.exe"",""cpu_percent"":0,""ws_mb"":64.7734375,""private_mb"":70.2734375},{""pid"":21240,""name"":""electron.exe"",""cpu_percent"":0.12852557370196821,""ws_mb"":111.88671875,""private_mb"":78.46484375},{""pid"":5380,""name"":""cmd.exe"",""cpu_percent"":0,""ws_mb"":8.69921875,""private_mb"":4.6015625},{""pid"":40276,""name"":""node.exe"",""cpu_percent"":0,""ws_mb"":35.68359375,""private_mb"":19.453125},{""pid"":21168,""name"":""powershell.exe"",""cpu_percent"":2.1078194087122788,""ws_mb"":114.44921875,""private_mb"":94.2734375},{""pid"":28136,""name"":""conhost.exe"",""cpu_percent"":0,""ws_mb"":8.8203125,""private_mb"":1.67578125},{""pid"":37148,""name"":""electron.exe"",""cpu_percent"":0,""ws_mb"":84.625,""private_mb"":38.3984375},{""pid"":35448,""name"":""conhost.exe"",""cpu_percent"":0,""ws_mb"":7.07421875,""private_mb"":1.21875},{""pid"":20652,""name"":""cmd.exe"",""cpu_percent"":0,""ws_mb"":8.6015625,""private_mb"":4.49609375}]"
"2026-10-01T15:59:22.7690788Z","5.0284112","2.48587466355178","594.06640625","408.28125","155","4643","11","","0","55.6159420289855","1.5","5380;20652;21168;21240;22712;25380;28136;31824;35448;37148;40276","[{""pid"":22712,""name"":""electron.exe"",""cpu_percent"":0.02589452774533104,""ws_mb"":38.95703125,""private_mb"":12.9609375},{""pid"":31824,""name"":""electron.exe"",""cpu_percent"":0,""ws_mb"":102.05078125,""private_mb"":74.03125},{""pid"":25380,""name"":""node.exe"",""cpu_percent"":0,""ws_mb"":64.7734375,""private_mb"":70.2734375},{""pid"":21240,""name"":""electron.exe"",""cpu_percent"":0.051789055490662081,""ws_mb"":112.10546875,""private_mb"":78.6328125},{""pid"":5380,""name"":""cmd.exe"",""cpu_percent"":0,""ws_mb"":8.69921875,""private_mb"":4.6015625},{""pid"":40276,""name"":""node.exe"",""cpu_percent"":0,""ws_mb"":35.68359375,""private_mb"":19.453125},{""pid"":21168,""name"":""powershell.exe"",""cpu_percent"":2.4081910803157864,""ws_mb"":122.67578125,""private_mb"":102.5390625},{""pid"":28136,""name"":""conhost.exe"",""cpu_percent"":0,""ws_mb"":8.8203125,""private_mb"":1.67578125},{""pid"":37148,""name"":""electron.exe"",""cpu_percent"":0,""ws_mb"":84.625,""private_mb"":38.3984375},{""pid"":35448,""name"":""conhost.exe"",""cpu_percent"":0,""ws_mb"":7.07421875,""private_mb"":1.21875},{""pid"":20652,""name"":""cmd.exe"",""cpu_percent"":0,""ws_mb"":8.6015625,""private_mb"":4.49609375}]"
"2026-10-01T15:59:27.4063628Z","4.637284","2.30244326923547","598.11328125","412.24609375","155","3909","11","","0","47.2502805836139","1.28125","5380;20652;21168;21240;22712;25380;28136;31824;35448;37148;40276","[{""pid"":22712,""name"":""electron.exe"",""cpu_percent"":0,""ws_mb"":38.95703125,""private_mb"":12.9609375},{""pid"":31824,""name"":""electron.exe"",""cpu_percent"":0,""ws_mb"":102.05078125,""private_mb"":74.03125},{""pid"":25380,""name"":""node.exe"",""cpu_percent"":0,""ws_mb"":64.7734375,""private_mb"":70.2734375},{""pid"":21240,""name"":""electron.exe"",""cpu_percent"":0.056157152908182177,""ws_mb"":111.86328125,""private_mb"":78.27734375},{""pid"":5380,""name"":""cmd.exe"",""cpu_percent"":0,""ws_mb"":8.69921875,""private_mb"":4.6015625},{""pid"":40276,""name"":""node.exe"",""cpu_percent"":0,""ws_mb"":35.68359375,""private_mb"":19.453125},{""pid"":21168,""name"":""powershell.exe"",""cpu_percent"":2.2462861163272869,""ws_mb"":126.96484375,""private_mb"":106.859375},{""pid"":28136,""name"":""conhost.exe"",""cpu_percent"":0,""ws_mb"":8.8203125,""private_mb"":1.67578125},{""pid"":37148,""name"":""electron.exe"",""cpu_percent"":0,""ws_mb"":84.625,""private_mb"":38.3984375},{""pid"":35448,""name"":""conhost.exe"",""cpu_percent"":0,""ws_mb"":7.07421875,""private_mb"":1.21875},{""pid"":20652,""name"":""cmd.exe"",""cpu_percent"":0,""ws_mb"":8.6015625,""private_mb"":4.49609375}]"
"2026-10-01T15:59:32.3748304Z","4.9684676","2.04414133645553","583.28125","397.26953125","155","4150","11","","0","20.440251572327","1.21875","5380;20652;21168;21240;22712;25380;28136;31824;35448;37148;40276","[{""pid"":22712,""name"":""electron.exe"",""cpu_percent"":0,""ws_mb"":38.95703125,""private_mb"":12.9609375},{""pid"":31824,""name"":""electron.exe"",""cpu_percent"":0,""ws_mb"":102.05078125,""private_mb"":74.03125},{""pid"":25380,""name"":""node.exe"",""cpu_percent"":0,""ws_mb"":64.7734375,""private_mb"":70.2734375},{""pid"":21240,""name"":""electron.exe"",""cpu_percent"":0.052413880421936676,""ws_mb"":112.13671875,""private_mb"":78.484375},{""pid"":5380,""name"":""cmd.exe"",""cpu_percent"":0,""ws_mb"":8.69921875,""private_mb"":4.6015625},{""pid"":40276,""name"":""node.exe"",""cpu_percent"":0,""ws_mb"":35.68359375,""private_mb"":19.453125},{""pid"":21168,""name"":""powershell.exe"",""cpu_percent"":1.9917274560335938,""ws_mb"":111.859375,""private_mb"":91.67578125},{""pid"":28136,""name"":""conhost.exe"",""cpu_percent"":0,""ws_mb"":8.8203125,""private_mb"":1.67578125},{""pid"":37148,""name"":""electron.exe"",""cpu_percent"":0,""ws_mb"":84.625,""private_mb"":38.3984375},{""pid"":35448,""name"":""conhost.exe"",""cpu_percent"":0,""ws_mb"":7.07421875,""private_mb"":1.21875},{""pid"":20652,""name"":""cmd.exe"",""cpu_percent"":0,""ws_mb"":8.6015625,""private_mb"":4.49609375}]"
"2026-10-01T15:59:37.3154796Z","4.9406492","1.9765874087964","592.7578125","406.73828125","155","3810","11","","0","28.5073839662447","1.171875","5380;20652;21168;21240;22712;25380;28136;31824;35448;37148;40276","[{""pid"":22712,""name"":""electron.exe"",""cpu_percent"":0,""ws_mb"":38.95703125,""private_mb"":12.9609375},{""pid"":31824,""name"":""electron.exe"",""cpu_percent"":0,""ws_mb"":102.05078125,""private_mb"":74.03125},{""pid"":25380,""name"":""node.exe"",""cpu_percent"":0,""ws_mb"":64.7734375,""private_mb"":70.2734375},{""pid"":21240,""name"":""electron.exe"",""cpu_percent"":0.02635449878395198,""ws_mb"":111.828125,""private_mb"":78.18359375},{""pid"":5380,""name"":""cmd.exe"",""cpu_percent"":0,""ws_mb"":8.69921875,""private_mb"":4.6015625},{""pid"":40276,""name"":""node.exe"",""cpu_percent"":0,""ws_mb"":35.68359375,""private_mb"":19.453125},{""pid"":21168,""name"":""powershell.exe"",""cpu_percent"":1.9502329100124465,""ws_mb"":121.64453125,""private_mb"":101.4453125},{""pid"":28136,""name"":""conhost.exe"",""cpu_percent"":0,""ws_mb"":8.8203125,""private_mb"":1.67578125},{""pid"":37148,""name"":""electron.exe"",""cpu_percent"":0,""ws_mb"":84.625,""private_mb"":38.3984375},{""pid"":35448,""name"":""conhost.exe"",""cpu_percent"":0,""ws_mb"":7.07421875,""private_mb"":1.21875},{""pid"":20652,""name"":""cmd.exe"",""cpu_percent"":0,""ws_mb"":8.6015625,""private_mb"":4.49609375}]"
"2026-10-01T15:59:42.3486770Z","5.0331974","2.121332124453","596.29296875","410.48046875","155","4209","11","","0","28.4420289855072","1.28125","5380;20652;21168;21240;22712;25380;28136;31824;35448;37148;40276","[{""pid"":22712,""name"":""electron.exe"",""cpu_percent"":0,""ws_mb"":38.95703125,""private_mb"":12.9609375},{""pid"":31824,""name"":""electron.exe"",""cpu_percent"":0,""ws_mb"":102.05078125,""private_mb"":74.03125},{""pid"":25380,""name"":""node.exe"",""cpu_percent"":0,""ws_mb"":64.7734375,""private_mb"":70.2734375},{""pid"":21240,""name"":""electron.exe"",""cpu_percent"":0.051739807913487888,""ws_mb"":112.01171875,""private_mb"":78.54296875},{""pid"":5380,""name"":""cmd.exe"",""cpu_percent"":0,""ws_mb"":8.69921875,""private_mb"":4.6015625},{""pid"":40276,""name"":""node.exe"",""cpu_percent"":0,""ws_mb"":35.68359375,""private_mb"":19.453125},{""pid"":21168,""name"":""powershell.exe"",""cpu_percent"":2.0695923165395156,""ws_mb"":124.99609375,""private_mb"":104.828125},{""pid"":28136,""name"":""conhost.exe"",""cpu_percent"":0,""ws_mb"":8.8203125,""private_mb"":1.67578125},{""pid"":37148,""name"":""electron.exe"",""cpu_percent"":0,""ws_mb"":84.625,""private_mb"":38.3984375},{""pid"":35448,""name"":""conhost.exe"",""cpu_percent"":0,""ws_mb"":7.07421875,""private_mb"":1.21875},{""pid"":20652,""name"":""cmd.exe"",""cpu_percent"":0,""ws_mb"":8.6015625,""private_mb"":4.49609375}]"
"2026-10-01T15:59:47.3296451Z","4.9809681","1.85602306239758","590.35546875","404.50390625","155","4202","11","","0","15.7262277951933","1.109375","5380;20652;21168;21240;22712;25380;28136;31824;35448;37148;40276","[{""pid"":22712,""name"":""electron.exe"",""cpu_percent"":0,""ws_mb"":38.95703125,""private_mb"":12.9609375},{""pid"":31824,""name"":""electron.exe"",""cpu_percent"":0,""ws_mb"":102.05078125,""private_mb"":74.03125},{""pid"":25380,""name"":""node.exe"",""cpu_percent"":0,""ws_mb"":64.7734375,""private_mb"":70.2734375},{""pid"":21240,""name"":""electron.exe"",""cpu_percent"":0.078423509678771083,""ws_mb"":111.765625,""private_mb"":78.2890625},{""pid"":5380,""name"":""cmd.exe"",""cpu_percent"":0,""ws_mb"":8.69921875,""private_mb"":4.6015625},{""pid"":40276,""name"":""node.exe"",""cpu_percent"":0,""ws_mb"":35.68359375,""private_mb"":19.453125},{""pid"":21168,""name"":""powershell.exe"",""cpu_percent"":1.7775995527188111,""ws_mb"":119.3046875,""private_mb"":99.10546875},{""pid"":28136,""name"":""conhost.exe"",""cpu_percent"":0,""ws_mb"":8.8203125,""private_mb"":1.67578125},{""pid"":37148,""name"":""electron.exe"",""cpu_percent"":0,""ws_mb"":84.625,""private_mb"":38.3984375},{""pid"":35448,""name"":""conhost.exe"",""cpu_percent"":0,""ws_mb"":7.07421875,""private_mb"":1.21875},{""pid"":20652,""name"":""cmd.exe"",""cpu_percent"":0,""ws_mb"":8.6015625,""private_mb"":4.49609375}]"
"2026-10-01T15:59:52.6040645Z","5.2744194","2.07368795890596","596.12890625","410.3125","155","4343","11","","0","30.2514792899408","1.3125","5380;20652;21168;21240;22712;25380;28136;31824;35448;37148;40276","[{""pid"":22712,""name"":""electron.exe"",""cpu_percent"":0.024686761415547143,""ws_mb"":38.96484375,""private_mb"":12.98828125},{""pid"":31824,""name"":""electron.exe"",""cpu_percent"":0,""ws_mb"":102.05078125,""private_mb"":74.03125},{""pid"":25380,""name"":""node.exe"",""cpu_percent"":0,""ws_mb"":64.7734375,""private_mb"":70.2734375},{""pid"":21240,""name"":""electron.exe"",""cpu_percent"":0.024686761415547143,""ws_mb"":112.03515625,""private_mb"":78.5625},{""pid"":5380,""name"":""cmd.exe"",""cpu_percent"":0,""ws_mb"":8.69921875,""private_mb"":4.6015625},{""pid"":40276,""name"":""node.exe"",""cpu_percent"":0,""ws_mb"":35.68359375,""private_mb"":19.453125},{""pid"":21168,""name"":""powershell.exe"",""cpu_percent"":2.0243144360748659,""ws_mb"":124.80078125,""private_mb"":104.61328125},{""pid"":28136,""name"":""conhost.exe"",""cpu_percent"":0,""ws_mb"":8.8203125,""private_mb"":1.67578125},{""pid"":37148,""name"":""electron.exe"",""cpu_percent"":0,""ws_mb"":84.625,""private_mb"":38.3984375},{""pid"":35448,""name"":""conhost.exe"",""cpu_percent"":0,""ws_mb"":7.07421875,""private_mb"":1.21875},{""pid"":20652,""name"":""cmd.exe"",""cpu_percent"":0,""ws_mb"":8.6015625,""private_mb"":4.49609375}]"
"2026-10-01T15:59:57.6724117Z","5.0683472","2.64612067881485","602.0234375","416.2421875","154","4323","11","","0","47.8137860082305","1.609375","5380;20652;21168;21240;22712;25380;28136;31824;35448;37148;40276","[{""pid"":22712,""name"":""electron.exe"",""cpu_percent"":0,""ws_mb"":38.95703125,""private_mb"":12.9609375},{""pid"":31824,""name"":""electron.exe"",""cpu_percent"":0,""ws_mb"":102.05078125,""private_mb"":74.03125},{""pid"":25380,""name"":""node.exe"",""cpu_percent"":0,""ws_mb"":64.7734375,""private_mb"":70.2734375},{""pid"":21240,""name"":""electron.exe"",""cpu_percent"":0.17983344419130035,""ws_mb"":111.859375,""private_mb"":78.37890625},{""pid"":5380,""name"":""cmd.exe"",""cpu_percent"":0,""ws_mb"":8.69921875,""private_mb"":4.6015625},{""pid"":40276,""name"":""node.exe"",""cpu_percent"":0,""ws_mb"":35.68359375,""private_mb"":19.453125},{""pid"":21168,""name"":""powershell.exe"",""cpu_percent"":2.4405967425962189,""ws_mb"":130.87890625,""private_mb"":110.75390625},{""pid"":28136,""name"":""conhost.exe"",""cpu_percent"":0,""ws_mb"":8.8203125,""private_mb"":1.67578125},{""pid"":37148,""name"":""electron.exe"",""cpu_percent"":0.025690492027328621,""ws_mb"":84.625,""private_mb"":38.3984375},{""pid"":35448,""name"":""conhost.exe"",""cpu_percent"":0,""ws_mb"":7.07421875,""private_mb"":1.21875},{""pid"":20652,""name"":""cmd.exe"",""cpu_percent"":0,""ws_mb"":8.6015625,""private_mb"":4.49609375}]"
"2026-10-01T16:00:02.7825358Z","5.1101241","2.54804640328272","586.49609375","400.41015625","153","4398","11","","0","69.4954128440367","1.5625","5380;20652;21168;21240;22712;25380;28136;31824;35448;37148;40276","[{""pid"":22712,""name"":""electron.exe"",""cpu_percent"":0,""ws_mb"":38.9296875,""private_mb"":12.93359375},{""pid"":31824,""name"":""electron.exe"",""cpu_percent"":0.025480464032827173,""ws_mb"":102.05078125,""private_mb"":74.03125},{""pid"":25380,""name"":""node.exe"",""cpu_percent"":0,""ws_mb"":64.7734375,""private_mb"":70.2734375},{""pid"":21240,""name"":""electron.exe"",""cpu_percent"":0.025480464032827173,""ws_mb"":110.28515625,""private_mb"":76.578125},{""pid"":5380,""name"":""cmd.exe"",""cpu_percent"":0,""ws_mb"":8.69921875,""private_mb"":4.6015625},{""pid"":40276,""name"":""node.exe"",""cpu_percent"":0,""ws_mb"":35.68359375,""private_mb"":19.453125},{""pid"":21168,""name"":""powershell.exe"",""cpu_percent"":2.4716050111842356,""ws_mb"":116.953125,""private_mb"":96.75},{""pid"":28136,""name"":""conhost.exe"",""cpu_percent"":0,""ws_mb"":8.8203125,""private_mb"":1.67578125},{""pid"":37148,""name"":""electron.exe"",""cpu_percent"":0.025480464032827173,""ws_mb"":84.625,""private_mb"":38.3984375},{""pid"":35448,""name"":""conhost.exe"",""cpu_percent"":0,""ws_mb"":7.07421875,""private_mb"":1.21875},{""pid"":20652,""name"":""cmd.exe"",""cpu_percent"":0,""ws_mb"":8.6015625,""private_mb"":4.49609375}]"
"2026-10-01T16:00:07.8106602Z","5.0281244","2.35653643202092","596.09375","410.08203125","153","4477","11","","0","70.9368530020704","1.421875","5380;20652;21168;21240;22712;25380;28136;31824;35448;37148;40276","[{""pid"":22712,""name"":""electron.exe"",""cpu_percent"":0,""ws_mb"":38.9296875,""private_mb"":12.93359375},{""pid"":31824,""name"":""electron.exe"",""cpu_percent"":0,""ws_mb"":102.05078125,""private_mb"":74.03125},{""pid"":25380,""name"":""node.exe"",""cpu_percent"":0,""ws_mb"":64.7734375,""private_mb"":70.2734375},{""pid"":21240,""name"":""electron.exe"",""cpu_percent"":0.025896004747482649,""ws_mb"":110.21875,""private_mb"":76.54296875},{""pid"":5380,""name"":""cmd.exe"",""cpu_percent"":0,""ws_mb"":8.69921875,""private_mb"":4.6015625},{""pid"":40276,""name"":""node.exe"",""cpu_percent"":0,""ws_mb"":35.68359375,""private_mb"":19.453125},{""pid"":21168,""name"":""powershell.exe"",""cpu_percent"":2.3306404272734387,""ws_mb"":126.6171875,""private_mb"":106.45703125},{""pid"":28136,""name"":""conhost.exe"",""cpu_percent"":0,""ws_mb"":8.8203125,""private_mb"":1.67578125},{""pid"":37148,""name"":""electron.exe"",""cpu_percent"":0,""ws_mb"":84.625,""private_mb"":38.3984375},{""pid"":35448,""name"":""conhost.exe"",""cpu_percent"":0,""ws_mb"":7.07421875,""private_mb"":1.21875},{""pid"":20652,""name"":""cmd.exe"",""cpu_percent"":0,""ws_mb"":8.6015625,""private_mb"":4.49609375}]"
"2026-10-01T16:00:12.3313522Z","4.520692","2.56344419541669","596.32421875","410.3125","153","3977","11","","0","64.5328719723183","1.390625","5380;20652;21168;21240;22712;25380;28136;31824;35448;37148;40276","[{""pid"":22712,""name"":""electron.exe"",""cpu_percent"":0,""ws_mb"":38.9296875,""private_mb"":12.93359375},{""pid"":31824,""name"":""electron.exe"",""cpu_percent"":0,""ws_mb"":102.05078125,""private_mb"":74.03125},{""pid"":25380,""name"":""node.exe"",""cpu_percent"":0,""ws_mb"":64.7734375,""private_mb"":70.2734375},{""pid"":21240,""name"":""electron.exe"",""cpu_percent"":0.086408231306180569,""ws_mb"":110.44921875,""private_mb"":76.7734375},{""pid"":5380,""name"":""cmd.exe"",""cpu_percent"":0,""ws_mb"":8.69921875,""private_mb"":4.6015625},{""pid"":40276,""name"":""node.exe"",""cpu_percent"":0,""ws_mb"":35.68359375,""private_mb"":19.453125},{""pid"":21168,""name"":""powershell.exe"",""cpu_percent"":2.47703596411051,""ws_mb"":126.6171875,""private_mb"":106.45703125},{""pid"":28136,""name"":""conhost.exe"",""cpu_percent"":0,""ws_mb"":8.8203125,""private_mb"":1.67578125},{""pid"":37148,""name"":""electron.exe"",""cpu_percent"":0,""ws_mb"":84.625,""private_mb"":38.3984375},{""pid"":35448,""name"":""conhost.exe"",""cpu_percent"":0,""ws_mb"":7.07421875,""private_mb"":1.21875},{""pid"":20652,""name"":""cmd.exe"",""cpu_percent"":0,""ws_mb"":8.6015625,""private_mb"":4.49609375}]"
"2026-10-01T16:00:17.6489315Z","5.3175793","1.86096582204864","599.94140625","413.9609375","151","4033","11","","0","38.8970588235294","1.1875","5380;20652;21168;21240;22712;25380;28136;31824;35448;37148;40276","[{""pid"":22712,""name"":""electron.exe"",""cpu_percent"":0,""ws_mb"":38.9296875,""private_mb"":12.93359375},{""pid"":31824,""name"":""electron.exe"",""cpu_percent"":0,""ws_mb"":102.05078125,""private_mb"":74.03125},{""pid"":25380,""name"":""node.exe"",""cpu_percent"":0,""ws_mb"":64.7734375,""private_mb"":70.2734375},{""pid"":21240,""name"":""electron.exe"",""cpu_percent"":0.024486392395376849,""ws_mb"":111.73046875,""private_mb"":78.11328125},{""pid"":5380,""name"":""cmd.exe"",""cpu_percent"":0,""ws_mb"":8.69921875,""private_mb"":4.6015625},{""pid"":40276,""name"":""node.exe"",""cpu_percent"":0,""ws_mb"":35.68359375,""private_mb"":19.453125},{""pid"":21168,""name"":""powershell.exe"",""cpu_percent"":1.8364794296532636,""ws_mb"":128.953125,""private_mb"":108.765625},{""pid"":28136,""name"":""conhost.exe"",""cpu_percent"":0,""ws_mb"":8.8203125,""private_mb"":1.67578125},{""pid"":37148,""name"":""electron.exe"",""cpu_percent"":0,""ws_mb"":84.625,""private_mb"":38.3984375},{""pid"":35448,""name"":""conhost.exe"",""cpu_percent"":0,""ws_mb"":7.07421875,""private_mb"":1.21875},{""pid"":20652,""name"":""cmd.exe"",""cpu_percent"":0,""ws_mb"":8.6015625,""private_mb"":4.49609375}]"
"2026-10-01T16:00:22.8243285Z","5.175397","2.18884174489416","594.5234375","408.76171875","151","4648","11","","0","65.2610441767068","1.359375","5380;20652;21168;21240;22712;25380;28136;31824;35448;37148;40276","[{""pid"":22712,""name"":""electron.exe"",""cpu_percent"":0,""ws_mb"":38.9296875,""private_mb"":12.93359375},{""pid"":31824,""name"":""electron.exe"",""cpu_percent"":0,""ws_mb"":102.05078125,""private_mb"":74.03125},{""pid"":25380,""name"":""node.exe"",""cpu_percent"":0,""ws_mb"":64.7734375,""private_mb"":70.2734375},{""pid"":21240,""name"":""electron.exe"",""cpu_percent"":0.050318201032049661,""ws_mb"":111.82421875,""private_mb"":78.4375},{""pid"":5380,""name"":""cmd.exe"",""cpu_percent"":0,""ws_mb"":8.69921875,""private_mb"":4.6015625},{""pid"":40276,""name"":""node.exe"",""cpu_percent"":0,""ws_mb"":35.68359375,""private_mb"":19.453125},{""pid"":21168,""name"":""powershell.exe"",""cpu_percent"":2.1385235438621106,""ws_mb"":123.44140625,""private_mb"":103.2421875},{""pid"":28136,""name"":""conhost.exe"",""cpu_percent"":0,""ws_mb"":8.8203125,""private_mb"":1.67578125},{""pid"":37148,""name"":""electron.exe"",""cpu_percent"":0,""ws_mb"":84.625,""private_mb"":38.3984375},{""pid"":35448,""name"":""conhost.exe"",""cpu_percent"":0,""ws_mb"":7.07421875,""private_mb"":1.21875},{""pid"":20652,""name"":""cmd.exe"",""cpu_percent"":0,""ws_mb"":8.6015625,""private_mb"":4.49609375}]"
"2026-10-01T16:00:27.7171671Z","4.8928386","2.15557386258357","595.49609375","409.4140625","151","3981","11","","0","66.4713715046605","1.265625","5380;20652;21168;21240;22712;25380;28136;31824;35448;37148;40276","[{""pid"":22712,""name"":""electron.exe"",""cpu_percent"":0,""ws_mb"":38.9296875,""private_mb"":12.93359375},{""pid"":31824,""name"":""electron.exe"",""cpu_percent"":0,""ws_mb"":102.05078125,""private_mb"":74.03125},{""pid"":25380,""name"":""node.exe"",""cpu_percent"":0,""ws_mb"":64.7734375,""private_mb"":70.2734375},{""pid"":21240,""name"":""electron.exe"",""cpu_percent"":0.026612022994858923,""ws_mb"":110.1953125,""private_mb"":76.51953125},{""pid"":5380,""name"":""cmd.exe"",""cpu_percent"":0,""ws_mb"":8.69921875,""private_mb"":4.6015625},{""pid"":40276,""name"":""node.exe"",""cpu_percent"":0,""ws_mb"":35.68359375,""private_mb"":19.453125},{""pid"":21168,""name"":""powershell.exe"",""cpu_percent"":2.128961839588714,""ws_mb"":126.04296875,""private_mb"":105.8125},{""pid"":28136,""name"":""conhost.exe"",""cpu_percent"":0,""ws_mb"":8.8203125,""private_mb"":1.67578125},{""pid"":37148,""name"":""electron.exe"",""cpu_percent"":0,""ws_mb"":84.625,""private_mb"":38.3984375},{""pid"":35448,""name"":""conhost.exe"",""cpu_percent"":0,""ws_mb"":7.07421875,""private_mb"":1.21875},{""pid"":20652,""name"":""cmd.exe"",""cpu_percent"":0,""ws_mb"":8.6015625,""private_mb"":4.49609375}]"
"2026-10-01T16:00:32.2990046Z","4.5818375","1.47775501277235","595.61328125","409.53125","151","3808","11","","0","34.2337219220927","0.8125","5380;20652;21168;21240;22712;25380;28136;31824;35448;37148;40276","[{""pid"":22712,""name"":""electron.exe"",""cpu_percent"":0,""ws_mb"":38.9296875,""private_mb"":12.93359375},{""pid"":31824,""name"":""electron.exe"",""cpu_percent"":0,""ws_mb"":102.05078125,""private_mb"":74.03125},{""pid"":25380,""name"":""node.exe"",""cpu_percent"":0,""ws_mb"":64.7734375,""private_mb"":70.2734375},{""pid"":21240,""name"":""electron.exe"",""cpu_percent"":0,""ws_mb"":110.3125,""private_mb"":76.63671875},{""pid"":5380,""name"":""cmd.exe"",""cpu_percent"":0,""ws_mb"":8.69921875,""private_mb"":4.6015625},{""pid"":40276,""name"":""node.exe"",""cpu_percent"":0,""ws_mb"":35.68359375,""private_mb"":19.453125},{""pid"":21168,""name"":""powershell.exe"",""cpu_percent"":1.4777550127723502,""ws_mb"":126.04296875,""private_mb"":105.8125},{""pid"":28136,""name"":""conhost.exe"",""cpu_percent"":0,""ws_mb"":8.8203125,""private_mb"":1.67578125},{""pid"":37148,""name"":""electron.exe"",""cpu_percent"":0,""ws_mb"":84.625,""private_mb"":38.3984375},{""pid"":35448,""name"":""conhost.exe"",""cpu_percent"":0,""ws_mb"":7.07421875,""private_mb"":1.21875},{""pid"":20652,""name"":""cmd.exe"",""cpu_percent"":0,""ws_mb"":8.6015625,""private_mb"":4.49609375}]"
"2026-10-01T16:00:37.3672106Z","5.068206","2.08098782882937","590.3359375","404.296875","151","3809","11","","0","26.7746913580247","1.265625","5380;20652;21168;21240;22712;25380;28136;31824;35448;37148;40276","[{""pid"":22712,""name"":""electron.exe"",""cpu_percent"":0,""ws_mb"":38.9296875,""private_mb"":12.93359375},{""pid"":31824,""name"":""electron.exe"",""cpu_percent"":0,""ws_mb"":102.05078125,""private_mb"":74.03125},{""pid"":25380,""name"":""node.exe"",""cpu_percent"":0,""ws_mb"":64.7734375,""private_mb"":70.2734375},{""pid"":21240,""name"":""electron.exe"",""cpu_percent"":0.025691207763325591,""ws_mb"":111.89453125,""private_mb"":78.26171875},{""pid"":5380,""name"":""cmd.exe"",""cpu_percent"":0,""ws_mb"":8.69921875,""private_mb"":4.6015625},{""pid"":40276,""name"":""node.exe"",""cpu_percent"":0,""ws_mb"":35.68359375,""private_mb"":19.453125},{""pid"":21168,""name"":""powershell.exe"",""cpu_percent"":2.0552966210660473,""ws_mb"":119.18359375,""private_mb"":98.953125},{""pid"":28136,""name"":""conhost.exe"",""cpu_percent"":0,""ws_mb"":8.8203125,""private_mb"":1.67578125},{""pid"":37148,""name"":""electron.exe"",""cpu_percent"":0,""ws_mb"":84.625,""private_mb"":38.3984375},{""pid"":35448,""name"":""conhost.exe"",""cpu_percent"":0,""ws_mb"":7.07421875,""private_mb"":1.21875},{""pid"":20652,""name"":""cmd.exe"",""cpu_percent"":0,""ws_mb"":8.6015625,""private_mb"":4.49609375}]"
"2026-10-01T16:00:42.4383536Z","5.071143","2.64466183133336","595.74609375","409.70703125","151","3986","11","","0","28.1025641025641","1.609375","5380;20652;21168;21240;22712;25380;28136;31824;35448;37148;40276","[{""pid"":22712,""name"":""electron.exe"",""cpu_percent"":0,""ws_mb"":38.9296875,""private_mb"":12.93359375},{""pid"":31824,""name"":""electron.exe"",""cpu_percent"":0,""ws_mb"":102.05078125,""private_mb"":74.03125},{""pid"":25380,""name"":""node.exe"",""cpu_percent"":0,""ws_mb"":64.7734375,""private_mb"":70.2734375},{""pid"":21240,""name"":""electron.exe"",""cpu_percent"":0.051352656919094304,""ws_mb"":111.9296875,""private_mb"":78.2890625},{""pid"":5380,""name"":""cmd.exe"",""cpu_percent"":0,""ws_mb"":8.69921875,""private_mb"":4.6015625},{""pid"":40276,""name"":""node.exe"",""cpu_percent"":0,""ws_mb"":35.68359375,""private_mb"":19.453125},{""pid"":21168,""name"":""powershell.exe"",""cpu_percent"":2.5676328459547153,""ws_mb"":124.55859375,""private_mb"":104.3359375},{""pid"":28136,""name"":""conhost.exe"",""cpu_percent"":0,""ws_mb"":8.8203125,""private_mb"":1.67578125},{""pid"":37148,""name"":""electron.exe"",""cpu_percent"":0.025676328459547152,""ws_mb"":84.625,""private_mb"":38.3984375},{""pid"":35448,""name"":""conhost.exe"",""cpu_percent"":0,""ws_mb"":7.07421875,""private_mb"":1.21875},{""pid"":20652,""name"":""cmd.exe"",""cpu_percent"":0,""ws_mb"":8.6015625,""private_mb"":4.49609375}]"
"2026-10-01T16:00:47.2903270Z","4.8519734","1.47598878702289","601.54296875","419.9140625","165","4238","11","","0","16.3978494623656","0.859375","5380;20652;21168;21240;22712;25380;28136;31824;35448;37148;40276","[{""pid"":22712,""name"":""electron.exe"",""cpu_percent"":0,""ws_mb"":38.9296875,""private_mb"":12.93359375},{""pid"":31824,""name"":""electron.exe"",""cpu_percent"":0,""ws_mb"":102.05078125,""private_mb"":74.03125},{""pid"":25380,""name"":""node.exe"",""cpu_percent"":0,""ws_mb"":64.8984375,""private_mb"":70.3671875},{""pid"":21240,""name"":""electron.exe"",""cpu_percent"":0.02683615976405257,""ws_mb"":112.05859375,""private_mb"":78.2109375},{""pid"":5380,""name"":""cmd.exe"",""cpu_percent"":0,""ws_mb"":8.8203125,""private_mb"":6.61328125},{""pid"":40276,""name"":""node.exe"",""cpu_percent"":0,""ws_mb"":35.80078125,""private_mb"":19.51953125},{""pid"":21168,""name"":""powershell.exe"",""cpu_percent"":1.4491526272588386,""ws_mb"":129.58203125,""private_mb"":109.34765625},{""pid"":28136,""name"":""conhost.exe"",""cpu_percent"":0,""ws_mb"":8.96484375,""private_mb"":1.75390625},{""pid"":37148,""name"":""electron.exe"",""cpu_percent"":0,""ws_mb"":84.625,""private_mb"":38.3984375},{""pid"":35448,""name"":""conhost.exe"",""cpu_percent"":0,""ws_mb"":7.07421875,""private_mb"":1.21875},{""pid"":20652,""name"":""cmd.exe"",""cpu_percent"":0,""ws_mb"":8.73828125,""private_mb"":7.51953125}]"
"2026-10-01T16:00:52.3182165Z","5.0278895","1.99408552369074","592.1015625","409.90625","174","4040","11","","0","13.6904761904762","1.203125","5380;20652;21168;21240;22712;25380;28136;31824;35448;37148;40276","[{""pid"":22712,""name"":""electron.exe"",""cpu_percent"":0,""ws_mb"":39.04296875,""private_mb"":12.9765625},{""pid"":31824,""name"":""electron.exe"",""cpu_percent"":0,""ws_mb"":102.25390625,""private_mb"":74.06640625},{""pid"":25380,""name"":""node.exe"",""cpu_percent"":0,""ws_mb"":64.8984375,""private_mb"":70.3671875},{""pid"":21240,""name"":""electron.exe"",""cpu_percent"":0.02589721459338622,""ws_mb"":112.34375,""private_mb"":78.47265625},{""pid"":5380,""name"":""cmd.exe"",""cpu_percent"":0,""ws_mb"":8.8203125,""private_mb"":6.61328125},{""pid"":40276,""name"":""node.exe"",""cpu_percent"":0,""ws_mb"":35.80078125,""private_mb"":19.51953125},{""pid"":21168,""name"":""powershell.exe"",""cpu_percent"":1.9681883090973529,""ws_mb"":119.2265625,""private_mb"":98.8515625},{""pid"":28136,""name"":""conhost.exe"",""cpu_percent"":0,""ws_mb"":8.96484375,""private_mb"":1.75390625},{""pid"":37148,""name"":""electron.exe"",""cpu_percent"":0,""ws_mb"":84.81640625,""private_mb"":38.46875},{""pid"":35448,""name"":""conhost.exe"",""cpu_percent"":0,""ws_mb"":7.1953125,""private_mb"":1.296875},{""pid"":20652,""name"":""cmd.exe"",""cpu_percent"":0,""ws_mb"":8.73828125,""private_mb"":7.51953125}]"
"2026-10-01T16:00:57.3386642Z","5.0204477","1.97110575085432","595.35546875","413.16796875","174","4286","11","","0","22.8815755377041","1.1875","5380;20652;21168;21240;22712;25380;28136;31824;35448;37148;40276","[{""pid"":22712,""name"":""electron.exe"",""cpu_percent"":0,""ws_mb"":39.04296875,""private_mb"":12.9765625},{""pid"":31824,""name"":""electron.exe"",""cpu_percent"":0,""ws_mb"":102.25390625,""private_mb"":74.06640625},{""pid"":25380,""name"":""node.exe"",""cpu_percent"":0,""ws_mb"":64.8984375,""private_mb"":70.3671875},{""pid"":21240,""name"":""electron.exe"",""cpu_percent"":0.07780680595477571,""ws_mb"":112.10546875,""private_mb"":78.23046875},{""pid"":5380,""name"":""cmd.exe"",""cpu_percent"":0,""ws_mb"":8.8203125,""private_mb"":6.61328125},{""pid"":40276,""name"":""node.exe"",""cpu_percent"":0,""ws_mb"":35.80078125,""private_mb"":19.51953125},{""pid"":21168,""name"":""powershell.exe"",""cpu_percent"":1.867363342914617,""ws_mb"":122.71875,""private_mb"":102.35546875},{""pid"":28136,""name"":""conhost.exe"",""cpu_percent"":0,""ws_mb"":8.96484375,""private_mb"":1.75390625},{""pid"":37148,""name"":""electron.exe"",""cpu_percent"":0,""ws_mb"":84.81640625,""private_mb"":38.46875},{""pid"":35448,""name"":""conhost.exe"",""cpu_percent"":0.025935601984925234,""ws_mb"":7.1953125,""private_mb"":1.296875},{""pid"":20652,""name"":""cmd.exe"",""cpu_percent"":0,""ws_mb"":8.73828125,""private_mb"":7.51953125}]"
"2026-10-01T16:01:02.4132798Z","5.0746156","2.15533566719812","585.328125","403.33203125","174","4342","11","","0","32.1089134343694","1.3125","5380;20652;21168;21240;22712;25380;28136;31824;35448;37148;40276","[{""pid"":22712,""name"":""electron.exe"",""cpu_percent"":0,""ws_mb"":39.04296875,""private_mb"":12.9765625},{""pid"":31824,""name"":""electron.exe"",""cpu_percent"":0,""ws_mb"":102.25390625,""private_mb"":74.06640625},{""pid"":25380,""name"":""node.exe"",""cpu_percent"":0,""ws_mb"":64.8984375,""private_mb"":70.3671875},{""pid"":21240,""name"":""electron.exe"",""cpu_percent"":0,""ws_mb"":112.21484375,""private_mb"":78.58203125},{""pid"":5380,""name"":""cmd.exe"",""cpu_percent"":0,""ws_mb"":8.8203125,""private_mb"":6.61328125},{""pid"":40276,""name"":""node.exe"",""cpu_percent"":0,""ws_mb"":35.80078125,""private_mb"":19.51953125},{""pid"":21168,""name"":""powershell.exe"",""cpu_percent"":2.1296769092552879,""ws_mb"":112.58203125,""private_mb"":92.16796875},{""pid"":28136,""name"":""conhost.exe"",""cpu_percent"":0,""ws_mb"":8.96484375,""private_mb"":1.75390625},{""pid"":37148,""name"":""electron.exe"",""cpu_percent"":0,""ws_mb"":84.81640625,""private_mb"":38.46875},{""pid"":35448,""name"":""conhost.exe"",""cpu_percent"":0.025658757942834794,""ws_mb"":7.1953125,""private_mb"":1.296875},{""pid"":20652,""name"":""cmd.exe"",""cpu_percent"":0,""ws_mb"":8.73828125,""private_mb"":7.51953125}]"
"2026-10-01T16:01:07.4504381Z","5.0371583","4.03253159623751","712.10546875","616.765625","175","4527","11","","0","33.7461300309598","2.4375","5380;20652;21168;21240;22712;25380;28136;31824;35448;37148;40276","[{""pid"":22712,""name"":""electron.exe"",""cpu_percent"":0.05169912302868597,""ws_mb"":39.1015625,""private_mb"":13.0234375},{""pid"":31824,""name"":""electron.exe"",""cpu_percent"":0.49114166877251675,""ws_mb"":215.15625,""private_mb"":277.4140625},{""pid"":25380,""name"":""node.exe"",""cpu_percent"":0,""ws_mb"":64.8984375,""private_mb"":70.3671875},{""pid"":21240,""name"":""electron.exe"",""cpu_percent"":0.72378772240160361,""ws_mb"":115.046875,""private_mb"":78.8515625},{""pid"":5380,""name"":""cmd.exe"",""cpu_percent"":0,""ws_mb"":8.8203125,""private_mb"":6.61328125},{""pid"":40276,""name"":""node.exe"",""cpu_percent"":0,""ws_mb"":35.80078125,""private_mb"":19.51953125},{""pid"":21168,""name"":""powershell.exe"",""cpu_percent"":2.274761413262183,""ws_mb"":121.20703125,""private_mb"":100.80859375},{""pid"":28136,""name"":""conhost.exe"",""cpu_percent"":0,""ws_mb"":8.96484375,""private_mb"":1.75390625},{""pid"":37148,""name"":""electron.exe"",""cpu_percent"":0.49114166877251675,""ws_mb"":87.17578125,""private_mb"":39.59765625},{""pid"":35448,""name"":""conhost.exe"",""cpu_percent"":0,""ws_mb"":7.1953125,""private_mb"":1.296875},{""pid"":20652,""name"":""cmd.exe"",""cpu_percent"":0,""ws_mb"":8.73828125,""private_mb"":7.51953125}]"
"2026-10-01T16:01:12.4297050Z","4.9792669","2.27505880433925","709.88671875","577.53125","175","4070","11","","0","40.5136268343816","1.359375","5380;20652;21168;21240;22712;25380;28136;31824;35448;37148;40276","[{""pid"":22712,""name"":""electron.exe"",""cpu_percent"":0.026150101199301716,""ws_mb"":39.07421875,""private_mb"":12.9921875},{""pid"":31824,""name"":""electron.exe"",""cpu_percent"":0.13075050599650856,""ws_mb"":209.44140625,""private_mb"":234.96875},{""pid"":25380,""name"":""node.exe"",""cpu_percent"":0,""ws_mb"":64.8984375,""private_mb"":70.3671875},{""pid"":21240,""name"":""electron.exe"",""cpu_percent"":0.13075050599650856,""ws_mb"":115.28515625,""private_mb"":78.796875},{""pid"":5380,""name"":""cmd.exe"",""cpu_percent"":0,""ws_mb"":8.8203125,""private_mb"":6.61328125},{""pid"":40276,""name"":""node.exe"",""cpu_percent"":0,""ws_mb"":35.80078125,""private_mb"":19.51953125},{""pid"":21168,""name"":""powershell.exe"",""cpu_percent"":1.9351074887483268,""ws_mb"":124.2734375,""private_mb"":103.87890625},{""pid"":28136,""name"":""conhost.exe"",""cpu_percent"":0,""ws_mb"":8.96484375,""private_mb"":1.75390625},{""pid"":37148,""name"":""electron.exe"",""cpu_percent"":0.052300202398603432,""ws_mb"":87.39453125,""private_mb"":39.82421875},{""pid"":35448,""name"":""conhost.exe"",""cpu_percent"":0,""ws_mb"":7.1953125,""private_mb"":1.296875},{""pid"":20652,""name"":""cmd.exe"",""cpu_percent"":0,""ws_mb"":8.73828125,""private_mb"":7.51953125}]"
"2026-10-01T16:01:17.3138868Z","4.8841818","1.97278010140136","690.22265625","554.0859375","175","3818","11","","0","17.5452609158679","1.15625","5380;20652;21168;21240;22712;25380;28136;31824;35448;37148;40276","[{""pid"":22712,""name"":""electron.exe"",""cpu_percent"":0,""ws_mb"":39.07421875,""private_mb"":12.9921875},{""pid"":31824,""name"":""electron.exe"",""cpu_percent"":0,""ws_mb"":197.44140625,""private_mb"":218.921875},{""pid"":25380,""name"":""node.exe"",""cpu_percent"":0,""ws_mb"":64.8984375,""private_mb"":70.3671875},{""pid"":21240,""name"":""electron.exe"",""cpu_percent"":0.026659190559477814,""ws_mb"":115.27734375,""private_mb"":79.0234375},{""pid"":5380,""name"":""cmd.exe"",""cpu_percent"":0,""ws_mb"":8.8203125,""private_mb"":6.61328125},{""pid"":40276,""name"":""node.exe"",""cpu_percent"":0,""ws_mb"":35.80078125,""private_mb"":19.51953125},{""pid"":21168,""name"":""powershell.exe"",""cpu_percent"":1.9461209108418804,""ws_mb"":116.6171875,""private_mb"":96.25390625},{""pid"":28136,""name"":""conhost.exe"",""cpu_percent"":0,""ws_mb"":8.96484375,""private_mb"":1.75390625},{""pid"":37148,""name"":""electron.exe"",""cpu_percent"":0,""ws_mb"":87.39453125,""private_mb"":39.82421875},{""pid"":35448,""name"":""conhost.exe"",""cpu_percent"":0,""ws_mb"":7.1953125,""private_mb"":1.296875},{""pid"":20652,""name"":""cmd.exe"",""cpu_percent"":0,""ws_mb"":8.73828125,""private_mb"":7.51953125}]"
"2026-10-01T16:01:22.3966007Z","5.0827139","1.71639767749535","701.015625","564.8984375","175","4558","11","","0","13.6666666666667","1.046875","5380;20652;21168;21240;22712;25380;28136;31824;35448;37148;40276","[{""pid"":22712,""name"":""electron.exe"",""cpu_percent"":0,""ws_mb"":39.07421875,""private_mb"":12.9921875},{""pid"":31824,""name"":""electron.exe"",""cpu_percent"":0,""ws_mb"":197.44140625,""private_mb"":218.921875},{""pid"":25380,""name"":""node.exe"",""cpu_percent"":0,""ws_mb"":64.8984375,""private_mb"":70.3671875},{""pid"":21240,""name"":""electron.exe"",""cpu_percent"":0.076853627350538065,""ws_mb"":115.453125,""private_mb"":79.21484375},{""pid"":5380,""name"":""cmd.exe"",""cpu_percent"":0,""ws_mb"":8.8203125,""private_mb"":6.61328125},{""pid"":40276,""name"":""node.exe"",""cpu_percent"":0,""ws_mb"":35.80078125,""private_mb"":19.51953125},{""pid"":21168,""name"":""powershell.exe"",""cpu_percent"":1.6395440501448122,""ws_mb"":128.0390625,""private_mb"":107.6484375},{""pid"":28136,""name"":""conhost.exe"",""cpu_percent"":0,""ws_mb"":8.96484375,""private_mb"":1.75390625},{""pid"":37148,""name"":""electron.exe"",""cpu_percent"":0,""ws_mb"":86.58984375,""private_mb"":39.05078125},{""pid"":35448,""name"":""conhost.exe"",""cpu_percent"":0,""ws_mb"":7.1953125,""private_mb"":1.296875},{""pid"":20652,""name"":""cmd.exe"",""cpu_percent"":0,""ws_mb"":8.73828125,""private_mb"":7.51953125}]"
"2026-10-01T16:01:27.3226894Z","4.9260887","1.63880862857111","702.12109375","566.05859375","175","4692","11","","0","22.7248677248677","0.96875","5380;20652;21168;21240;22712;25380;28136;31824;35448;37148;40276","[{""pid"":22712,""name"":""electron.exe"",""cpu_percent"":0,""ws_mb"":39.07421875,""private_mb"":12.9921875},{""pid"":31824,""name"":""electron.exe"",""cpu_percent"":0,""ws_mb"":197.4375,""private_mb"":218.921875},{""pid"":25380,""name"":""node.exe"",""cpu_percent"":0,""ws_mb"":64.8984375,""private_mb"":70.3671875},{""pid"":21240,""name"":""electron.exe"",""cpu_percent"":0.026432397235017984,""ws_mb"":115.546875,""private_mb"":79.30859375},{""pid"":5380,""name"":""cmd.exe"",""cpu_percent"":0,""ws_mb"":8.8203125,""private_mb"":6.61328125},{""pid"":40276,""name"":""node.exe"",""cpu_percent"":0,""ws_mb"":35.80078125,""private_mb"":19.51953125},{""pid"":21168,""name"":""powershell.exe"",""cpu_percent"":1.612376231336097,""ws_mb"":129.0546875,""private_mb"":108.71484375},{""pid"":28136,""name"":""conhost.exe"",""cpu_percent"":0,""ws_mb"":8.96484375,""private_mb"":1.75390625},{""pid"":37148,""name"":""electron.exe"",""cpu_percent"":0,""ws_mb"":86.58984375,""private_mb"":39.05078125},{""pid"":35448,""name"":""conhost.exe"",""cpu_percent"":0,""ws_mb"":7.1953125,""private_mb"":1.296875},{""pid"":20652,""name"":""cmd.exe"",""cpu_percent"":0,""ws_mb"":8.73828125,""private_mb"":7.51953125}]"
"2026-10-01T16:01:32.4639978Z","5.1413084","2.15270267259854","692.71875","556.609375","175","4319","11","","0","32.7272727272727","1.328125","5380;20652;21168;21240;22712;25380;28136;31824;35448;37148;40276","[{""pid"":22712,""name"":""electron.exe"",""cpu_percent"":0,""ws_mb"":39.07421875,""private_mb"":12.9921875},{""pid"":31824,""name"":""electron.exe"",""cpu_percent"":0,""ws_mb"":197.4375,""private_mb"":218.921875},{""pid"":25380,""name"":""node.exe"",""cpu_percent"":0,""ws_mb"":64.8984375,""private_mb"":70.3671875},{""pid"":21240,""name"":""electron.exe"",""cpu_percent"":0.050651827590553929,""ws_mb"":115.2109375,""private_mb"":78.96484375},{""pid"":5380,""name"":""cmd.exe"",""cpu_percent"":0,""ws_mb"":8.8203125,""private_mb"":6.61328125},{""pid"":40276,""name"":""node.exe"",""cpu_percent"":0,""ws_mb"":35.80078125,""private_mb"":19.51953125},{""pid"":21168,""name"":""powershell.exe"",""cpu_percent"":2.1020508450079882,""ws_mb"":119.98828125,""private_mb"":99.609375},{""pid"":28136,""name"":""conhost.exe"",""cpu_percent"":0,""ws_mb"":8.96484375,""private_mb"":1.75390625},{""pid"":37148,""name"":""electron.exe"",""cpu_percent"":0,""ws_mb"":86.58984375,""private_mb"":39.05078125},{""pid"":35448,""name"":""conhost.exe"",""cpu_percent"":0,""ws_mb"":7.1953125,""private_mb"":1.296875},{""pid"":20652,""name"":""cmd.exe"",""cpu_percent"":0,""ws_mb"":8.73828125,""private_mb"":7.51953125}]"
"2026-10-01T16:01:37.4320090Z","4.9680112","2.5423067350036","699.3984375","563.33984375","175","4387","11","","0","49.7108307045216","1.515625","5380;20652;21168;21240;22712;25380;28136;31824;35448;37148;40276","[{""pid"":22712,""name"":""electron.exe"",""cpu_percent"":0,""ws_mb"":39.07421875,""private_mb"":12.9921875},{""pid"":31824,""name"":""electron.exe"",""cpu_percent"":0,""ws_mb"":197.4375,""private_mb"":218.921875},{""pid"":25380,""name"":""node.exe"",""cpu_percent"":0,""ws_mb"":64.8984375,""private_mb"":70.3671875},{""pid"":21240,""name"":""electron.exe"",""cpu_percent"":0.078628043350626911,""ws_mb"":115.8046875,""private_mb"":79.62109375},{""pid"":5380,""name"":""cmd.exe"",""cpu_percent"":0,""ws_mb"":8.8203125,""private_mb"":6.61328125},{""pid"":40276,""name"":""node.exe"",""cpu_percent"":0,""ws_mb"":35.80078125,""private_mb"":19.51953125},{""pid"":21168,""name"":""powershell.exe"",""cpu_percent"":2.4636786916529769,""ws_mb"":126.07421875,""private_mb"":105.68359375},{""pid"":28136,""name"":""conhost.exe"",""cpu_percent"":0,""ws_mb"":8.96484375,""private_mb"":1.75390625},{""pid"":37148,""name"":""electron.exe"",""cpu_percent"":0,""ws_mb"":86.58984375,""private_mb"":39.05078125},{""pid"":35448,""name"":""conhost.exe"",""cpu_percent"":0,""ws_mb"":7.1953125,""private_mb"":1.296875},{""pid"":20652,""name"":""cmd.exe"",""cpu_percent"":0,""ws_mb"":8.73828125,""private_mb"":7.51953125}]"
"2026-10-01T16:01:42.3633531Z","4.9313441","1.45223253297886","707.41015625","571.203125","175","4438","11","","0","27.2943037974684","0.859375","5380;20652;21168;21240;22712;25380;28136;31824;35448;37148;40276","[{""pid"":22712,""name"":""electron.exe"",""cpu_percent"":0,""ws_mb"":39.07421875,""private_mb"":12.9921875},{""pid"":31824,""name"":""electron.exe"",""cpu_percent"":0,""ws_mb"":197.4375,""private_mb"":218.921875},{""pid"":25380,""name"":""node.exe"",""cpu_percent"":0,""ws_mb"":64.8984375,""private_mb"":70.3671875},{""pid"":21240,""name"":""electron.exe"",""cpu_percent"":0,""ws_mb"":115.33203125,""private_mb"":78.96875},{""pid"":5380,""name"":""cmd.exe"",""cpu_percent"":0,""ws_mb"":8.8203125,""private_mb"":6.61328125},{""pid"":40276,""name"":""node.exe"",""cpu_percent"":0,""ws_mb"":35.80078125,""private_mb"":19.51953125},{""pid"":21168,""name"":""powershell.exe"",""cpu_percent"":1.4522325329788555,""ws_mb"":134.55859375,""private_mb"":114.19921875},{""pid"":28136,""name"":""conhost.exe"",""cpu_percent"":0,""ws_mb"":8.96484375,""private_mb"":1.75390625},{""pid"":37148,""name"":""electron.exe"",""cpu_percent"":0,""ws_mb"":86.58984375,""private_mb"":39.05078125},{""pid"":35448,""name"":""conhost.exe"",""cpu_percent"":0,""ws_mb"":7.1953125,""private_mb"":1.296875},{""pid"":20652,""name"":""cmd.exe"",""cpu_percent"":0,""ws_mb"":8.73828125,""private_mb"":7.51953125}]"
"2026-10-01T16:01:47.2422842Z","4.8789311","1.70802439356713","708.68359375","572.48046875","175","4627","11","","0","14.2628205128205","1","5380;20652;21168;21240;22712;25380;28136;31824;35448;37148;40276","[{""pid"":22712,""name"":""electron.exe"",""cpu_percent"":0,""ws_mb"":39.07421875,""private_mb"":12.9921875},{""pid"":31824,""name"":""electron.exe"",""cpu_percent"":0,""ws_mb"":197.4375,""private_mb"":218.921875},{""pid"":25380,""name"":""node.exe"",""cpu_percent"":0,""ws_mb"":64.8984375,""private_mb"":70.3671875},{""pid"":21240,""name"":""electron.exe"",""cpu_percent"":0,""ws_mb"":115.109375,""private_mb"":78.73828125},{""pid"":5380,""name"":""cmd.exe"",""cpu_percent"":0,""ws_mb"":8.8203125,""private_mb"":6.61328125},{""pid"":40276,""name"":""node.exe"",""cpu_percent"":0,""ws_mb"":35.80078125,""private_mb"":19.51953125},{""pid"":21168,""name"":""powershell.exe"",""cpu_percent"":1.7080243935671346,""ws_mb"":136.0546875,""private_mb"":115.70703125},{""pid"":28136,""name"":""conhost.exe"",""cpu_percent"":0,""ws_mb"":8.96484375,""private_mb"":1.75390625},{""pid"":37148,""name"":""electron.exe"",""cpu_percent"":0,""ws_mb"":86.58984375,""private_mb"":39.05078125},{""pid"":35448,""name"":""conhost.exe"",""cpu_percent"":0,""ws_mb"":7.1953125,""private_mb"":1.296875},{""pid"":20652,""name"":""cmd.exe"",""cpu_percent"":0,""ws_mb"":8.73828125,""private_mb"":7.51953125}]"
"2026-10-01T16:01:52.4034666Z","5.1611824","1.8416726239579","698.2578125","561.71484375","175","4317","11","","0","15.1309164149043","1.140625","5380;20652;21168;21240;22712;25380;28136;31824;35448;37148;40276","[{""pid"":22712,""name"":""electron.exe"",""cpu_percent"":0,""ws_mb"":39.08203125,""private_mb"":12.9921875},{""pid"":31824,""name"":""electron.exe"",""cpu_percent"":0,""ws_mb"":197.4375,""private_mb"":218.921875},{""pid"":25380,""name"":""node.exe"",""cpu_percent"":0,""ws_mb"":64.8984375,""private_mb"":70.3671875},{""pid"":21240,""name"":""electron.exe"",""cpu_percent"":0.075685176327037,""ws_mb"":114.4375,""private_mb"":77.80859375},{""pid"":5380,""name"":""cmd.exe"",""cpu_percent"":0,""ws_mb"":8.8203125,""private_mb"":6.61328125},{""pid"":40276,""name"":""node.exe"",""cpu_percent"":0,""ws_mb"":35.80078125,""private_mb"":19.51953125},{""pid"":21168,""name"":""powershell.exe"",""cpu_percent"":1.7659874476308635,""ws_mb"":126.29296875,""private_mb"":105.87109375},{""pid"":28136,""name"":""conhost.exe"",""cpu_percent"":0,""ws_mb"":8.96484375,""private_mb"":1.75390625},{""pid"":37148,""name"":""electron.exe"",""cpu_percent"":0,""ws_mb"":86.58984375,""private_mb"":39.05078125},{""pid"":35448,""name"":""conhost.exe"",""cpu_percent"":0,""ws_mb"":7.1953125,""private_mb"":1.296875},{""pid"":20652,""name"":""cmd.exe"",""cpu_percent"":0,""ws_mb"":8.73828125,""private_mb"":7.51953125}]"
"2026-10-01T16:01:57.3815829Z","4.9781163","1.46474413759009","702.48046875","565.95703125","175","3815","11","","0","22.877358490566","0.875","5380;20652;21168;21240;22712;25380;28136;31824;35448;37148;40276","[{""pid"":22712,""name"":""electron.exe"",""cpu_percent"":0,""ws_mb"":39.08203125,""private_mb"":12.9921875},{""pid"":31824,""name"":""electron.exe"",""cpu_percent"":0,""ws_mb"":197.4375,""private_mb"":218.921875},{""pid"":25380,""name"":""node.exe"",""cpu_percent"":0,""ws_mb"":64.8984375,""private_mb"":70.3671875},{""pid"":21240,""name"":""electron.exe"",""cpu_percent"":0.052312290628217475,""ws_mb"":114.98046875,""private_mb"":78.359375},{""pid"":5380,""name"":""cmd.exe"",""cpu_percent"":0,""ws_mb"":8.8203125,""private_mb"":6.61328125},{""pid"":40276,""name"":""node.exe"",""cpu_percent"":0,""ws_mb"":35.80078125,""private_mb"":19.51953125},{""pid"":21168,""name"":""powershell.exe"",""cpu_percent"":1.412431846961872,""ws_mb"":129.97265625,""private_mb"":109.5625},{""pid"":28136,""name"":""conhost.exe"",""cpu_percent"":0,""ws_mb"":8.96484375,""private_mb"":1.75390625},{""pid"":37148,""name"":""electron.exe"",""cpu_percent"":0,""ws_mb"":86.58984375,""private_mb"":39.05078125},{""pid"":35448,""name"":""conhost.exe"",""cpu_percent"":0,""ws_mb"":7.1953125,""private_mb"":1.296875},{""pid"":20652,""name"":""cmd.exe"",""cpu_percent"":0,""ws_mb"":8.73828125,""private_mb"":7.51953125}]"
"2026-10-01T16:02:02.2375787Z","4.8559958","1.44795224081536","706.54296875","570.01171875","175","3816","11","","0","21.9721329046088","0.84375","5380;20652;21168;21240;22712;25380;28136;31824;35448;37148;40276","[{""pid"":22712,""name"":""electron.exe"",""cpu_percent"":0,""ws_mb"":39.08203125,""private_mb"":12.9921875},{""pid"":31824,""name"":""electron.exe"",""cpu_percent"":0,""ws_mb"":197.4375,""private_mb"":218.921875},{""pid"":25380,""name"":""node.exe"",""cpu_percent"":0,""ws_mb"":64.8984375,""private_mb"":70.3671875},{""pid"":21240,""name"":""electron.exe"",""cpu_percent"":0,""ws_mb"":115.203125,""private_mb"":78.59375},{""pid"":5380,""name"":""cmd.exe"",""cpu_percent"":0,""ws_mb"":8.8203125,""private_mb"":6.61328125},{""pid"":40276,""name"":""node.exe"",""cpu_percent"":0,""ws_mb"":35.80078125,""private_mb"":19.51953125},{""pid"":21168,""name"":""powershell.exe"",""cpu_percent"":1.4479522408153649,""ws_mb"":133.8125,""private_mb"":113.3828125},{""pid"":28136,""name"":""conhost.exe"",""cpu_percent"":0,""ws_mb"":8.96484375,""private_mb"":1.75390625},{""pid"":37148,""name"":""electron.exe"",""cpu_percent"":0,""ws_mb"":86.58984375,""private_mb"":39.05078125},{""pid"":35448,""name"":""conhost.exe"",""cpu_percent"":0,""ws_mb"":7.1953125,""private_mb"":1.296875},{""pid"":20652,""name"":""cmd.exe"",""cpu_percent"":0,""ws_mb"":8.73828125,""private_mb"":7.51953125}]"
"2026-10-01T16:02:07.3652837Z","5.127705","1.82830330527985","696.69140625","560.1875","175","4458","11","","0","11.8140243902439","1.125","5380;20652;21168;21240;22712;25380;28136;31824;35448;37148;40276","[{""pid"":22712,""name"":""electron.exe"",""cpu_percent"":0,""ws_mb"":39.08203125,""private_mb"":12.9921875},{""pid"":31824,""name"":""electron.exe"",""cpu_percent"":0,""ws_mb"":197.4375,""private_mb"":218.921875},{""pid"":25380,""name"":""node.exe"",""cpu_percent"":0,""ws_mb"":64.8984375,""private_mb"":70.3671875},{""pid"":21240,""name"":""electron.exe"",""cpu_percent"":0.050786202924440207,""ws_mb"":114.9453125,""private_mb"":78.35546875},{""pid"":5380,""name"":""cmd.exe"",""cpu_percent"":0,""ws_mb"":8.8203125,""private_mb"":6.61328125},{""pid"":40276,""name"":""node.exe"",""cpu_percent"":0,""ws_mb"":35.80078125,""private_mb"":19.51953125},{""pid"":21168,""name"":""powershell.exe"",""cpu_percent"":1.7775171023554073,""ws_mb"":124.21875,""private_mb"":103.796875},{""pid"":28136,""name"":""conhost.exe"",""cpu_percent"":0,""ws_mb"":8.96484375,""private_mb"":1.75390625},{""pid"":37148,""name"":""electron.exe"",""cpu_percent"":0,""ws_mb"":86.58984375,""private_mb"":39.05078125},{""pid"":35448,""name"":""conhost.exe"",""cpu_percent"":0,""ws_mb"":7.1953125,""private_mb"":1.296875},{""pid"":20652,""name"":""cmd.exe"",""cpu_percent"":0,""ws_mb"":8.73828125,""private_mb"":7.51953125}]"
"2026-10-01T16:02:12.3721936Z","5.0069099","1.8724123635618","699.4609375","563.12109375","175","4632","11","","0","18.5031185031185","1.125","5380;20652;21168;21240;22712;25380;28136;31824;35448;37148;40276","[{""pid"":22712,""name"":""electron.exe"",""cpu_percent"":0,""ws_mb"":39.08203125,""private_mb"":12.9921875},{""pid"":31824,""name"":""electron.exe"",""cpu_percent"":0,""ws_mb"":197.375,""private_mb"":218.859375},{""pid"":25380,""name"":""node.exe"",""cpu_percent"":0,""ws_mb"":64.8984375,""private_mb"":70.3671875},{""pid"":21240,""name"":""electron.exe"",""cpu_percent"":0,""ws_mb"":115.45703125,""private_mb"":79.03515625},{""pid"":5380,""name"":""cmd.exe"",""cpu_percent"":0,""ws_mb"":8.8203125,""private_mb"":6.61328125},{""pid"":40276,""name"":""node.exe"",""cpu_percent"":0,""ws_mb"":35.80078125,""private_mb"":19.51953125},{""pid"":21168,""name"":""powershell.exe"",""cpu_percent"":1.8724123635618048,""ws_mb"":126.5390625,""private_mb"":106.11328125},{""pid"":28136,""name"":""conhost.exe"",""cpu_percent"":0,""ws_mb"":8.96484375,""private_mb"":1.75390625},{""pid"":37148,""name"":""electron.exe"",""cpu_percent"":0,""ws_mb"":86.58984375,""private_mb"":39.05078125},{""pid"":35448,""name"":""conhost.exe"",""cpu_percent"":0,""ws_mb"":7.1953125,""private_mb"":1.296875},{""pid"":20652,""name"":""cmd.exe"",""cpu_percent"":0,""ws_mb"":8.73828125,""private_mb"":7.51953125}]"
"2026-10-01T16:02:17.5264165Z","5.1542229","1.71784706219567","686.09375","549.63671875","175","4344","11","","0","43.2391523713421","1.0625","5380;20652;21168;21240;22712;25380;28136;31824;35448;37148;40276","[{""pid"":22712,""name"":""electron.exe"",""cpu_percent"":0,""ws_mb"":39.08203125,""private_mb"":12.9921875},{""pid"":31824,""name"":""electron.exe"",""cpu_percent"":0,""ws_mb"":197.375,""private_mb"":218.859375},{""pid"":25380,""name"":""node.exe"",""cpu_percent"":0,""ws_mb"":64.8984375,""private_mb"":70.3671875},{""pid"":21240,""name"":""electron.exe"",""cpu_percent"":0.025262456796995209,""ws_mb"":113.46875,""private_mb"":76.84375},{""pid"":5380,""name"":""cmd.exe"",""cpu_percent"":0,""ws_mb"":8.8203125,""private_mb"":6.61328125},{""pid"":40276,""name"":""node.exe"",""cpu_percent"":0,""ws_mb"":35.80078125,""private_mb"":19.51953125},{""pid"":21168,""name"":""powershell.exe"",""cpu_percent"":1.6925846053986788,""ws_mb"":115.54296875,""private_mb"":95.08984375},{""pid"":28136,""name"":""conhost.exe"",""cpu_percent"":0,""ws_mb"":8.96484375,""private_mb"":1.75390625},{""pid"":37148,""name"":""electron.exe"",""cpu_percent"":0,""ws_mb"":86.20703125,""private_mb"":38.78125},{""pid"":35448,""name"":""conhost.exe"",""cpu_percent"":0,""ws_mb"":7.1953125,""private_mb"":1.296875},{""pid"":20652,""name"":""cmd.exe"",""cpu_percent"":0,""ws_mb"":8.73828125,""private_mb"":7.51953125}]"
"2026-10-01T16:02:22.5284732Z","5.0020567","2.78531262283905","694.50390625","558.09375","175","4459","11","","0","82.3958333333333","1.671875","5380;20652;21168;21240;22712;25380;28136;31824;35448;37148;40276","[{""pid"":22712,""name"":""electron.exe"",""cpu_percent"":0,""ws_mb"":39.08203125,""private_mb"":12.9921875},{""pid"":31824,""name"":""electron.exe"",""cpu_percent"":0,""ws_mb"":197.375,""private_mb"":218.859375},{""pid"":25380,""name"":""node.exe"",""cpu_percent"":0,""ws_mb"":64.8984375,""private_mb"":70.3671875},{""pid"":21240,""name"":""electron.exe"",""cpu_percent"":0.026030959091953784,""ws_mb"":114.34765625,""private_mb"":77.78515625},{""pid"":5380,""name"":""cmd.exe"",""cpu_percent"":0,""ws_mb"":8.8203125,""private_mb"":6.61328125},{""pid"":40276,""name"":""node.exe"",""cpu_percent"":0,""ws_mb"":35.80078125,""private_mb"":19.51953125},{""pid"":21168,""name"":""powershell.exe"",""cpu_percent"":2.7592816637471014,""ws_mb"":123.07421875,""private_mb"":102.60546875},{""pid"":28136,""name"":""conhost.exe"",""cpu_percent"":0,""ws_mb"":8.96484375,""private_mb"":1.75390625},{""pid"":37148,""name"":""electron.exe"",""cpu_percent"":0,""ws_mb"":86.20703125,""private_mb"":38.78125},{""pid"":35448,""name"":""conhost.exe"",""cpu_percent"":0,""ws_mb"":7.1953125,""private_mb"":1.296875},{""pid"":20652,""name"":""cmd.exe"",""cpu_percent"":0,""ws_mb"":8.73828125,""private_mb"":7.51953125}]"
"2026-10-01T16:02:27.4050246Z","4.8765514","1.52195155781604","694.76171875","553.23828125","161","3826","11","","0","29.6365579903795","0.890625","5380;20652;21168;21240;22712;25380;28136;31824;35448;37148;40276","[{""pid"":22712,""name"":""electron.exe"",""cpu_percent"":0,""ws_mb"":39.08203125,""private_mb"":12.9921875},{""pid"":31824,""name"":""electron.exe"",""cpu_percent"":0,""ws_mb"":197.375,""private_mb"":218.859375},{""pid"":25380,""name"":""node.exe"",""cpu_percent"":0,""ws_mb"":64.8515625,""private_mb"":70.2734375},{""pid"":21240,""name"":""electron.exe"",""cpu_percent"":0,""ws_mb"":114.125,""private_mb"":77.5078125},{""pid"":5380,""name"":""cmd.exe"",""cpu_percent"":0,""ws_mb"":8.79296875,""private_mb"":4.6015625},{""pid"":40276,""name"":""node.exe"",""cpu_percent"":0.053401809046176918,""ws_mb"":35.765625,""private_mb"":19.453125},{""pid"":21168,""name"":""powershell.exe"",""cpu_percent"":1.4685497487698653,""ws_mb"":123.74609375,""private_mb"":103.29296875},{""pid"":28136,""name"":""conhost.exe"",""cpu_percent"":0,""ws_mb"":8.92578125,""private_mb"":1.67578125},{""pid"":37148,""name"":""electron.exe"",""cpu_percent"":0,""ws_mb"":86.20703125,""private_mb"":38.78125},{""pid"":35448,""name"":""conhost.exe"",""cpu_percent"":0,""ws_mb"":7.1953125,""private_mb"":1.296875},{""pid"":20652,""name"":""cmd.exe"",""cpu_percent"":0,""ws_mb"":8.6953125,""private_mb"":4.50390625}]"
"2026-10-01T16:02:32.2720010Z","4.8669764","1.81923353206863","685.0078125","543.33203125","153","4274","11","","0","15.9882163899304","1.0625","5380;20652;21168;21240;22712;25380;28136;31824;35448;37148;40276","[{""pid"":22712,""name"":""electron.exe"",""cpu_percent"":0,""ws_mb"":39.0625,""private_mb"":12.95703125},{""pid"":31824,""name"":""electron.exe"",""cpu_percent"":0,""ws_mb"":197.34375,""private_mb"":218.79296875},{""pid"":25380,""name"":""node.exe"",""cpu_percent"":0,""ws_mb"":64.8515625,""private_mb"":70.2734375},{""pid"":21240,""name"":""electron.exe"",""cpu_percent"":0,""ws_mb"":114.3671875,""private_mb"":77.75390625},{""pid"":5380,""name"":""cmd.exe"",""cpu_percent"":0,""ws_mb"":8.79296875,""private_mb"":4.6015625},{""pid"":40276,""name"":""node.exe"",""cpu_percent"":0,""ws_mb"":35.765625,""private_mb"":19.453125},{""pid"":21168,""name"":""powershell.exe"",""cpu_percent"":1.8192335320686304,""ws_mb"":113.85546875,""private_mb"":93.38671875},{""pid"":28136,""name"":""conhost.exe"",""cpu_percent"":0,""ws_mb"":8.92578125,""private_mb"":1.67578125},{""pid"":37148,""name"":""electron.exe"",""cpu_percent"":0,""ws_mb"":86.19140625,""private_mb"":38.7109375},{""pid"":35448,""name"":""conhost.exe"",""cpu_percent"":0,""ws_mb"":7.15625,""private_mb"":1.22265625},{""pid"":20652,""name"":""cmd.exe"",""cpu_percent"":0,""ws_mb"":8.6953125,""private_mb"":4.50390625}]"
"2026-10-01T16:02:37.4085643Z","5.1365633","1.52095857555187","695.50390625","554.74609375","154","4397","11","","0","26.0891590678825","0.9375","5380;20652;21168;21240;22712;25380;28136;31824;35448;37148;40276","[{""pid"":22712,""name"":""electron.exe"",""cpu_percent"":0,""ws_mb"":39.0625,""private_mb"":12.95703125},{""pid"":31824,""name"":""electron.exe"",""cpu_percent"":0,""ws_mb"":197.38671875,""private_mb"":219.4140625},{""pid"":25380,""name"":""node.exe"",""cpu_percent"":0,""ws_mb"":64.8515625,""private_mb"":70.2734375},{""pid"":21240,""name"":""electron.exe"",""cpu_percent"":0,""ws_mb"":115.0859375,""private_mb"":78.77734375},{""pid"":5380,""name"":""cmd.exe"",""cpu_percent"":0,""ws_mb"":8.79296875,""private_mb"":4.6015625},{""pid"":40276,""name"":""node.exe"",""cpu_percent"":0,""ws_mb"":35.765625,""private_mb"":19.453125},{""pid"":21168,""name"":""powershell.exe"",""cpu_percent"":1.5209585755518675,""ws_mb"":123.58984375,""private_mb"":103.15625},{""pid"":28136,""name"":""conhost.exe"",""cpu_percent"":0,""ws_mb"":8.92578125,""private_mb"":1.67578125},{""pid"":37148,""name"":""electron.exe"",""cpu_percent"":0,""ws_mb"":86.19140625,""private_mb"":38.7109375},{""pid"":35448,""name"":""conhost.exe"",""cpu_percent"":0,""ws_mb"":7.15625,""private_mb"":1.22265625},{""pid"":20652,""name"":""cmd.exe"",""cpu_percent"":0,""ws_mb"":8.6953125,""private_mb"":4.50390625}]"
"2026-10-01T16:02:42.3557225Z","4.9471582","2.31614451572083","704.31640625","563.53125","154","4218","11","","0","26.9088994207478","1.375","5380;20652;21168;21240;22712;25380;28136;31824;35448;37148;40276","[{""pid"":22712,""name"":""electron.exe"",""cpu_percent"":0.026319824042282162,""ws_mb"":39.0625,""private_mb"":12.95703125},{""pid"":31824,""name"":""electron.exe"",""cpu_percent"":0,""ws_mb"":197.38671875,""private_mb"":219.4140625},{""pid"":25380,""name"":""node.exe"",""cpu_percent"":0,""ws_mb"":64.8515625,""private_mb"":70.2734375},{""pid"":21240,""name"":""electron.exe"",""cpu_percent"":0.052639648084564325,""ws_mb"":115.2890625,""private_mb"":78.984375},{""pid"":5380,""name"":""cmd.exe"",""cpu_percent"":0,""ws_mb"":8.79296875,""private_mb"":4.6015625},{""pid"":40276,""name"":""node.exe"",""cpu_percent"":0,""ws_mb"":35.765625,""private_mb"":19.453125},{""pid"":21168,""name"":""powershell.exe"",""cpu_percent"":2.2371850435939837,""ws_mb"":132.19921875,""private_mb"":111.734375},{""pid"":28136,""name"":""conhost.exe"",""cpu_percent"":0,""ws_mb"":8.92578125,""private_mb"":1.67578125},{""pid"":37148,""name"":""electron.exe"",""cpu_percent"":0,""ws_mb"":86.19140625,""private_mb"":38.7109375},{""pid"":35448,""name"":""conhost.exe"",""cpu_percent"":0,""ws_mb"":7.15625,""private_mb"":1.22265625},{""pid"":20652,""name"":""cmd.exe"",""cpu_percent"":0,""ws_mb"":8.6953125,""private_mb"":4.50390625}]"
"2026-10-01T16:02:47.4013509Z","5.0456284","1.6257885737285","690.4375","549.87109375","154","3808","11","","0","25.6258064516129","0.984375","5380;20652;21168;21240;22712;25380;28136;31824;35448;37148;40276","[{""pid"":22712,""name"":""electron.exe"",""cpu_percent"":0,""ws_mb"":39.0625,""private_mb"":12.95703125},{""pid"":31824,""name"":""electron.exe"",""cpu_percent"":0,""ws_mb"":197.38671875,""private_mb"":219.4140625},{""pid"":25380,""name"":""node.exe"",""cpu_percent"":0,""ws_mb"":64.8515625,""private_mb"":70.2734375},{""pid"":21240,""name"":""electron.exe"",""cpu_percent"":0,""ws_mb"":115.26171875,""private_mb"":78.96484375},{""pid"":5380,""name"":""cmd.exe"",""cpu_percent"":0,""ws_mb"":8.79296875,""private_mb"":4.6015625},{""pid"":40276,""name"":""node.exe"",""cpu_percent"":0,""ws_mb"":35.765625,""private_mb"":19.453125},{""pid"":21168,""name"":""powershell.exe"",""cpu_percent"":1.6257885737284974,""ws_mb"":118.34375,""private_mb"":97.84375},{""pid"":28136,""name"":""conhost.exe"",""cpu_percent"":0,""ws_mb"":8.92578125,""private_mb"":1.67578125},{""pid"":37148,""name"":""electron.exe"",""cpu_percent"":0,""ws_mb"":86.1953125,""private_mb"":38.9609375},{""pid"":35448,""name"":""conhost.exe"",""cpu_percent"":0,""ws_mb"":7.15625,""private_mb"":1.22265625},{""pid"":20652,""name"":""cmd.exe"",""cpu_percent"":0,""ws_mb"":8.6953125,""private_mb"":4.50390625}]"
"2026-10-01T16:02:52.3467888Z","4.9454379","1.79037060937853","694.06640625","553.1171875","154","4099","11","","0","21.1690363349131","1.0625","5380;20652;21168;21240;22712;25380;28136;31824;35448;37148;40276","[{""pid"":22712,""name"":""electron.exe"",""cpu_percent"":0,""ws_mb"":39.0625,""private_mb"":12.95703125},{""pid"":31824,""name"":""electron.exe"",""cpu_percent"":0,""ws_mb"":197.38671875,""private_mb"":219.4140625},{""pid"":25380,""name"":""node.exe"",""cpu_percent"":0,""ws_mb"":64.8515625,""private_mb"":70.2734375},{""pid"":21240,""name"":""electron.exe"",""cpu_percent"":0,""ws_mb"":115.078125,""private_mb"":78.390625},{""pid"":5380,""name"":""cmd.exe"",""cpu_percent"":0,""ws_mb"":8.79296875,""private_mb"":4.6015625},{""pid"":40276,""name"":""node.exe"",""cpu_percent"":0,""ws_mb"":35.765625,""private_mb"":19.453125},{""pid"":21168,""name"":""powershell.exe"",""cpu_percent"":1.7903706093785279,""ws_mb"":122.15625,""private_mb"":101.6640625},{""pid"":28136,""name"":""conhost.exe"",""cpu_percent"":0,""ws_mb"":8.92578125,""private_mb"":1.67578125},{""pid"":37148,""name"":""electron.exe"",""cpu_percent"":0,""ws_mb"":86.1953125,""private_mb"":38.9609375},{""pid"":35448,""name"":""conhost.exe"",""cpu_percent"":0,""ws_mb"":7.15625,""private_mb"":1.22265625},{""pid"":20652,""name"":""cmd.exe"",""cpu_percent"":0,""ws_mb"":8.6953125,""private_mb"":4.50390625}]"
"2026-10-01T16:02:57.3991559Z","5.0523671","1.77825063424231","699.34765625","558.41796875","154","4607","11","","0","22.3626515346918","1.078125","5380;20652;21168;21240;22712;25380;28136;31824;35448;37148;40276","[{""pid"":22712,""name"":""electron.exe"",""cpu_percent"":0,""ws_mb"":39.0625,""private_mb"":12.95703125},{""pid"":31824,""name"":""electron.exe"",""cpu_percent"":0,""ws_mb"":197.38671875,""private_mb"":219.4140625},{""pid"":25380,""name"":""node.exe"",""cpu_percent"":0,""ws_mb"":64.8515625,""private_mb"":70.2734375},{""pid"":21240,""name"":""electron.exe"",""cpu_percent"":0.025771748322352378,""ws_mb"":115.109375,""private_mb"":78.4296875},{""pid"":5380,""name"":""cmd.exe"",""cpu_percent"":0,""ws_mb"":8.79296875,""private_mb"":4.6015625},{""pid"":40276,""name"":""node.exe"",""cpu_percent"":0,""ws_mb"":35.765625,""private_mb"":19.453125},{""pid"":21168,""name"":""powershell.exe"",""cpu_percent"":1.7524788859199616,""ws_mb"":127.40625,""private_mb"":106.92578125},{""pid"":28136,""name"":""conhost.exe"",""cpu_percent"":0,""ws_mb"":8.92578125,""private_mb"":1.67578125},{""pid"":37148,""name"":""electron.exe"",""cpu_percent"":0,""ws_mb"":86.1953125,""private_mb"":38.9609375},{""pid"":35448,""name"":""conhost.exe"",""cpu_percent"":0,""ws_mb"":7.15625,""private_mb"":1.22265625},{""pid"":20652,""name"":""cmd.exe"",""cpu_percent"":0,""ws_mb"":8.6953125,""private_mb"":4.50390625}]"
"2026-10-01T16:03:02.3174899Z","4.918334","1.35017772278174","687.91796875","546.9609375","154","3987","11","","0","19.047619047619","0.796875","5380;20652;21168;21240;22712;25380;28136;31824;35448;37148;40276","[{""pid"":22712,""name"":""electron.exe"",""cpu_percent"":0,""ws_mb"":39.0625,""private_mb"":12.95703125},{""pid"":31824,""name"":""electron.exe"",""cpu_percent"":0,""ws_mb"":197.38671875,""private_mb"":219.4140625},{""pid"":25380,""name"":""node.exe"",""cpu_percent"":0,""ws_mb"":64.8515625,""private_mb"":70.2734375},{""pid"":21240,""name"":""electron.exe"",""cpu_percent"":0,""ws_mb"":115.1640625,""private_mb"":78.484375},{""pid"":5380,""name"":""cmd.exe"",""cpu_percent"":0,""ws_mb"":8.79296875,""private_mb"":4.6015625},{""pid"":40276,""name"":""node.exe"",""cpu_percent"":0,""ws_mb"":35.765625,""private_mb"":19.453125},{""pid"":21168,""name"":""powershell.exe"",""cpu_percent"":1.3501777227817389,""ws_mb"":115.921875,""private_mb"":95.4140625},{""pid"":28136,""name"":""conhost.exe"",""cpu_percent"":0,""ws_mb"":8.92578125,""private_mb"":1.67578125},{""pid"":37148,""name"":""electron.exe"",""cpu_percent"":0,""ws_mb"":86.1953125,""private_mb"":38.9609375},{""pid"":35448,""name"":""conhost.exe"",""cpu_percent"":0,""ws_mb"":7.15625,""private_mb"":1.22265625},{""pid"":20652,""name"":""cmd.exe"",""cpu_percent"":0,""ws_mb"":8.6953125,""private_mb"":4.50390625}]"
"2026-10-01T16:03:07.3999242Z","5.0824343","1.79334995699469","696.46875","556.61328125","154","4206","11","","0","21.4871794871795","1.09375","5380;20652;21168;21240;22712;25380;28136;31824;35448;37148;40276","[{""pid"":22712,""name"":""electron.exe"",""cpu_percent"":0,""ws_mb"":39.0625,""private_mb"":12.95703125},{""pid"":31824,""name"":""electron.exe"",""cpu_percent"":0,""ws_mb"":196.53125,""private_mb"":219.4140625},{""pid"":25380,""name"":""node.exe"",""cpu_percent"":0,""ws_mb"":64.8515625,""private_mb"":70.2734375},{""pid"":21240,""name"":""electron.exe"",""cpu_percent"":0,""ws_mb"":115.49609375,""private_mb"":78.9921875},{""pid"":5380,""name"":""cmd.exe"",""cpu_percent"":0,""ws_mb"":8.79296875,""private_mb"":4.6015625},{""pid"":40276,""name"":""node.exe"",""cpu_percent"":0,""ws_mb"":35.765625,""private_mb"":19.453125},{""pid"":21168,""name"":""powershell.exe"",""cpu_percent"":1.7933499569946891,""ws_mb"":124.99609375,""private_mb"":104.55859375},{""pid"":28136,""name"":""conhost.exe"",""cpu_percent"":0,""ws_mb"":8.92578125,""private_mb"":1.67578125},{""pid"":37148,""name"":""electron.exe"",""cpu_percent"":0,""ws_mb"":86.1953125,""private_mb"":38.9609375},{""pid"":35448,""name"":""conhost.exe"",""cpu_percent"":0,""ws_mb"":7.15625,""private_mb"":1.22265625},{""pid"":20652,""name"":""cmd.exe"",""cpu_percent"":0,""ws_mb"":8.6953125,""private_mb"":4.50390625}]"
"2026-10-01T16:03:12.3382822Z","4.938358","1.68747047770399","697.8125","559.99609375","154","4256","11","","0","27.5580168776371","1","5380;20652;21168;21240;22712;25380;28136;31824;35448;37148;40276","[{""pid"":22712,""name"":""electron.exe"",""cpu_percent"":0,""ws_mb"":39.0625,""private_mb"":12.95703125},{""pid"":31824,""name"":""electron.exe"",""cpu_percent"":0,""ws_mb"":194.44140625,""private_mb"":219.4140625},{""pid"":25380,""name"":""node.exe"",""cpu_percent"":0,""ws_mb"":64.8515625,""private_mb"":70.2734375},{""pid"":21240,""name"":""electron.exe"",""cpu_percent"":0.026366726214124885,""ws_mb"":115.50390625,""private_mb"":78.99609375},{""pid"":5380,""name"":""cmd.exe"",""cpu_percent"":0,""ws_mb"":8.79296875,""private_mb"":4.6015625},{""pid"":40276,""name"":""node.exe"",""cpu_percent"":0,""ws_mb"":35.765625,""private_mb"":19.453125},{""pid"":21168,""name"":""powershell.exe"",""cpu_percent"":1.6611037514898679,""ws_mb"":128.421875,""private_mb"":107.9375},{""pid"":28136,""name"":""conhost.exe"",""cpu_percent"":0,""ws_mb"":8.92578125,""private_mb"":1.67578125},{""pid"":37148,""name"":""electron.exe"",""cpu_percent"":0,""ws_mb"":86.1953125,""private_mb"":38.9609375},{""pid"":35448,""name"":""conhost.exe"",""cpu_percent"":0,""ws_mb"":7.15625,""private_mb"":1.22265625},{""pid"":20652,""name"":""cmd.exe"",""cpu_percent"":0,""ws_mb"":8.6953125,""private_mb"":4.50390625}]"
"2026-10-01T16:03:17.3991633Z","5.0608811","2.23837011306193","684.4140625","547.28515625","154","3985","11","","0","27.8292181069959","1.359375","5380;20652;21168;21240;22712;25380;28136;31824;35448;37148;40276","[{""pid"":22712,""name"":""electron.exe"",""cpu_percent"":0,""ws_mb"":39.0625,""private_mb"":12.95703125},{""pid"":31824,""name"":""electron.exe"",""cpu_percent"":0,""ws_mb"":193.546875,""private_mb"":219.4140625},{""pid"":25380,""name"":""node.exe"",""cpu_percent"":0,""ws_mb"":64.8515625,""private_mb"":70.2734375},{""pid"":21240,""name"":""electron.exe"",""cpu_percent"":0.077185176312480452,""ws_mb"":114.578125,""private_mb"":77.8828125},{""pid"":5380,""name"":""cmd.exe"",""cpu_percent"":0,""ws_mb"":8.79296875,""private_mb"":4.6015625},{""pid"":40276,""name"":""node.exe"",""cpu_percent"":0,""ws_mb"":35.765625,""private_mb"":19.453125},{""pid"":21168,""name"":""powershell.exe"",""cpu_percent"":2.1611849367494527,""ws_mb"":116.84375,""private_mb"":96.33984375},{""pid"":28136,""name"":""conhost.exe"",""cpu_percent"":0,""ws_mb"":8.92578125,""private_mb"":1.67578125},{""pid"":37148,""name"":""electron.exe"",""cpu_percent"":0,""ws_mb"":86.1953125,""private_mb"":38.9609375},{""pid"":35448,""name"":""conhost.exe"",""cpu_percent"":0,""ws_mb"":7.15625,""private_mb"":1.22265625},{""pid"":20652,""name"":""cmd.exe"",""cpu_percent"":0,""ws_mb"":8.6953125,""private_mb"":4.50390625}]"
"2026-10-01T16:03:22.3647555Z","4.9655922","1.57332694376312","693.21484375","556.14453125","154","3808","11","","0","42.1383647798742","0.9375","5380;20652;21168;21240;22712;25380;28136;31824;35448;37148;40276","[{""pid"":22712,""name"":""electron.exe"",""cpu_percent"":0,""ws_mb"":39.0625,""private_mb"":12.95703125},{""pid"":31824,""name"":""electron.exe"",""cpu_percent"":0,""ws_mb"":193.546875,""private_mb"":219.4140625},{""pid"":25380,""name"":""node.exe"",""cpu_percent"":0,""ws_mb"":64.8515625,""private_mb"":70.2734375},{""pid"":21240,""name"":""electron.exe"",""cpu_percent"":0,""ws_mb"":114.47265625,""private_mb"":77.78515625},{""pid"":5380,""name"":""cmd.exe"",""cpu_percent"":0,""ws_mb"":8.79296875,""private_mb"":4.6015625},{""pid"":40276,""name"":""node.exe"",""cpu_percent"":0,""ws_mb"":35.765625,""private_mb"":19.453125},{""pid"":21168,""name"":""powershell.exe"",""cpu_percent"":1.5733269437631228,""ws_mb"":125.75,""private_mb"":105.296875},{""pid"":28136,""name"":""conhost.exe"",""cpu_percent"":0,""ws_mb"":8.92578125,""private_mb"":1.67578125},{""pid"":37148,""name"":""electron.exe"",""cpu_percent"":0,""ws_mb"":86.1953125,""private_mb"":38.9609375},{""pid"":35448,""name"":""conhost.exe"",""cpu_percent"":0,""ws_mb"":7.15625,""private_mb"":1.22265625},{""pid"":20652,""name"":""cmd.exe"",""cpu_percent"":0,""ws_mb"":8.6953125,""private_mb"":4.50390625}]"
"2026-10-01T16:03:27.6189794Z","5.2542239","2.18078512667367","684.16796875","555.34765625","154","4215","11","","0","77.6537698412698","1.375","5380;20652;21168;21240;22712;25380;28136;31824;35448;37148;40276","[{""pid"":22712,""name"":""electron.exe"",""cpu_percent"":0,""ws_mb"":38.57421875,""private_mb"":12.95703125},{""pid"":31824,""name"":""electron.exe"",""cpu_percent"":0,""ws_mb"":190.71484375,""private_mb"":219.4140625},{""pid"":25380,""name"":""node.exe"",""cpu_percent"":0,""ws_mb"":64.765625,""private_mb"":70.2734375},{""pid"":21240,""name"":""electron.exe"",""cpu_percent"":0.049563298333492545,""ws_mb"":113.66015625,""private_mb"":76.98828125},{""pid"":5380,""name"":""cmd.exe"",""cpu_percent"":0,""ws_mb"":8.79296875,""private_mb"":4.6015625},{""pid"":40276,""name"":""node.exe"",""cpu_percent"":0,""ws_mb"":31.37109375,""private_mb"":19.453125},{""pid"":21168,""name"":""powershell.exe"",""cpu_percent"":2.1312218283401791,""ws_mb"":125.75,""private_mb"":105.296875},{""pid"":28136,""name"":""conhost.exe"",""cpu_percent"":0,""ws_mb"":8.609375,""private_mb"":1.67578125},{""pid"":37148,""name"":""electron.exe"",""cpu_percent"":0,""ws_mb"":86.12109375,""private_mb"":38.9609375},{""pid"":35448,""name"":""conhost.exe"",""cpu_percent"":0,""ws_mb"":7.11328125,""private_mb"":1.22265625},{""pid"":20652,""name"":""cmd.exe"",""cpu_percent"":0,""ws_mb"":8.6953125,""private_mb"":4.50390625}]"
"2026-10-01T16:03:32.4459109Z","4.8269315","2.18500614728011","688.97265625","560.13671875","154","4593","11","","0","51.4832793959008","1.265625","5380;20652;21168;21240;22712;25380;28136;31824;35448;37148;40276","[{""pid"":22712,""name"":""electron.exe"",""cpu_percent"":0,""ws_mb"":38.57421875,""private_mb"":12.95703125},{""pid"":31824,""name"":""electron.exe"",""cpu_percent"":0,""ws_mb"":190.71484375,""private_mb"":219.4140625},{""pid"":25380,""name"":""node.exe"",""cpu_percent"":0,""ws_mb"":64.765625,""private_mb"":70.2734375},{""pid"":21240,""name"":""electron.exe"",""cpu_percent"":0.053950769068644683,""ws_mb"":113.62109375,""private_mb"":76.95703125},{""pid"":5380,""name"":""cmd.exe"",""cpu_percent"":0,""ws_mb"":8.79296875,""private_mb"":4.6015625},{""pid"":40276,""name"":""node.exe"",""cpu_percent"":0,""ws_mb"":31.37109375,""private_mb"":19.453125},{""pid"":21168,""name"":""powershell.exe"",""cpu_percent"":2.1310553782114652,""ws_mb"":130.59375,""private_mb"":110.1171875},{""pid"":28136,""name"":""conhost.exe"",""cpu_percent"":0,""ws_mb"":8.609375,""private_mb"":1.67578125},{""pid"":37148,""name"":""electron.exe"",""cpu_percent"":0,""ws_mb"":86.12109375,""private_mb"":38.9609375},{""pid"":35448,""name"":""conhost.exe"",""cpu_percent"":0,""ws_mb"":7.11328125,""private_mb"":1.22265625},{""pid"":20652,""name"":""cmd.exe"",""cpu_percent"":0,""ws_mb"":8.6953125,""private_mb"":4.50390625}]"
"2026-10-01T16:09:31.0498328Z","358.6039219","0.0305002241527353","677.58203125","548.62109375","165","4451","11","","0","2.30010674528542","1.3125","5380;20652;21168;21240;22712;25380;28136;31824;35448;37148;40276","[{""pid"":22712,""name"":""electron.exe"",""cpu_percent"":0,""ws_mb"":38.67578125,""private_mb"":12.984375},{""pid"":31824,""name"":""electron.exe"",""cpu_percent"":0.00072619581316036533,""ws_mb"":190.8046875,""private_mb"":219.44921875},{""pid"":25380,""name"":""node.exe"",""cpu_percent"":0,""ws_mb"":64.8125,""private_mb"":70.3359375},{""pid"":21240,""name"":""electron.exe"",""cpu_percent"":0.0014523916263207307,""ws_mb"":113.49609375,""private_mb"":76.80859375},{""pid"":5380,""name"":""cmd.exe"",""cpu_percent"":0,""ws_mb"":8.79296875,""private_mb"":4.6015625},{""pid"":40276,""name"":""node.exe"",""cpu_percent"":0,""ws_mb"":31.4453125,""private_mb"":19.515625},{""pid"":21168,""name"":""powershell.exe"",""cpu_percent"":0.027958538806674066,""ws_mb"":118.94921875,""private_mb"":98.5},{""pid"":28136,""name"":""conhost.exe"",""cpu_percent"":0,""ws_mb"":8.609375,""private_mb"":1.67578125},{""pid"":37148,""name"":""electron.exe"",""cpu_percent"":0.00036309790658018267,""ws_mb"":86.1875,""private_mb"":39.0234375},{""pid"":35448,""name"":""conhost.exe"",""cpu_percent"":0,""ws_mb"":7.11328125,""private_mb"":1.22265625},{""pid"":20652,""name"":""cmd.exe"",""cpu_percent"":0,""ws_mb"":8.6953125,""private_mb"":4.50390625}]"
"2026-10-01T16:09:55.1158715Z","24.0660387","0.0324627584015312","727.6953125","548.62109375","165","4508","11","","0","18.5381700054142","0.09375","5380;20652;21168;21240;22712;25380;28136;31824;35448;37148;40276","[{""pid"":22712,""name"":""electron.exe"",""cpu_percent"":0,""ws_mb"":38.734375,""private_mb"":12.984375},{""pid"":31824,""name"":""electron.exe"",""cpu_percent"":0.0054104597335885339,""ws_mb"":240.75390625,""private_mb"":219.44921875},{""pid"":25380,""name"":""node.exe"",""cpu_percent"":0,""ws_mb"":64.8125,""private_mb"":70.3359375},{""pid"":21240,""name"":""electron.exe"",""cpu_percent"":0,""ws_mb"":113.5078125,""private_mb"":76.80859375},{""pid"":5380,""name"":""cmd.exe"",""cpu_percent"":0,""ws_mb"":8.79296875,""private_mb"":4.6015625},{""pid"":40276,""name"":""node.exe"",""cpu_percent"":0.0054104597335885339,""ws_mb"":31.5234375,""private_mb"":19.515625},{""pid"":21168,""name"":""powershell.exe"",""cpu_percent"":0.021641838934354136,""ws_mb"":118.95703125,""private_mb"":98.5},{""pid"":28136,""name"":""conhost.exe"",""cpu_percent"":0,""ws_mb"":8.6171875,""private_mb"":1.67578125},{""pid"":37148,""name"":""electron.exe"",""cpu_percent"":0,""ws_mb"":86.1875,""private_mb"":39.0234375},{""pid"":35448,""name"":""conhost.exe"",""cpu_percent"":0,""ws_mb"":7.11328125,""private_mb"":1.22265625},{""pid"":20652,""name"":""cmd.exe"",""cpu_percent"":0,""ws_mb"":8.6953125,""private_mb"":4.50390625}]"
"2026-10-01T16:09:56.1648690Z","1.0489975","1.48951737253902","727.7578125","548.6640625","166","4648","11","","0","100","0.1875","5380;20652;21168;21240;22712;25380;28136;31824;35448;37148;40276","[{""pid"":22712,""name"":""electron.exe"",""cpu_percent"":0,""ws_mb"":38.765625,""private_mb"":13.01953125},{""pid"":31824,""name"":""electron.exe"",""cpu_percent"":0,""ws_mb"":240.75390625,""private_mb"":219.44921875},{""pid"":25380,""name"":""node.exe"",""cpu_percent"":0,""ws_mb"":64.8125,""private_mb"":70.3359375},{""pid"":21240,""name"":""electron.exe"",""cpu_percent"":0.12412644771158494,""ws_mb"":113.515625,""private_mb"":76.81640625},{""pid"":5380,""name"":""cmd.exe"",""cpu_percent"":0,""ws_mb"":8.79296875,""private_mb"":4.6015625},{""pid"":40276,""name"":""node.exe"",""cpu_percent"":0,""ws_mb"":31.5234375,""private_mb"":19.515625},{""pid"":21168,""name"":""powershell.exe"",""cpu_percent"":1.3653909248274345,""ws_mb"":118.95703125,""private_mb"":98.5},{""pid"":28136,""name"":""conhost.exe"",""cpu_percent"":0,""ws_mb"":8.6171875,""private_mb"":1.67578125},{""pid"":37148,""name"":""electron.exe"",""cpu_percent"":0,""ws_mb"":86.2109375,""private_mb"":39.0234375},{""pid"":35448,""name"":""conhost.exe"",""cpu_percent"":0,""ws_mb"":7.11328125,""private_mb"":1.22265625},{""pid"":20652,""name"":""cmd.exe"",""cpu_percent"":0,""ws_mb"":8.6953125,""private_mb"":4.50390625}]"
"2026-10-01T16:09:56.8687125Z","0.7038435","0.924980718961909","729.0703125","549.96875","166","3801","11","","0","100","0.078125","5380;20652;21168;21240;22712;25380;28136;31824;35448;37148;40276","[{""pid"":22712,""name"":""electron.exe"",""cpu_percent"":0,""ws_mb"":38.765625,""private_mb"":13.01953125},{""pid"":31824,""name"":""electron.exe"",""cpu_percent"":0,""ws_mb"":240.75390625,""private_mb"":219.44921875},{""pid"":25380,""name"":""node.exe"",""cpu_percent"":0,""ws_mb"":64.8125,""private_mb"":70.3359375},{""pid"":21240,""name"":""electron.exe"",""cpu_percent"":0,""ws_mb"":113.75390625,""private_mb"":77.05859375},{""pid"":5380,""name"":""cmd.exe"",""cpu_percent"":0,""ws_mb"":8.79296875,""private_mb"":4.6015625},{""pid"":40276,""name"":""node.exe"",""cpu_percent"":0,""ws_mb"":31.5234375,""private_mb"":19.515625},{""pid"":21168,""name"":""powershell.exe"",""cpu_percent"":0.92498071896190948,""ws_mb"":120.03125,""private_mb"":99.5625},{""pid"":28136,""name"":""conhost.exe"",""cpu_percent"":0,""ws_mb"":8.6171875,""private_mb"":1.67578125},{""pid"":37148,""name"":""electron.exe"",""cpu_percent"":0,""ws_mb"":86.2109375,""private_mb"":39.0234375},{""pid"":35448,""name"":""conhost.exe"",""cpu_percent"":0,""ws_mb"":7.11328125,""private_mb"":1.22265625},{""pid"":20652,""name"":""cmd.exe"",""cpu_percent"":0,""ws_mb"":8.6953125,""private_mb"":4.50390625}]"
"2026-10-01T16:09:57.6124786Z","0.7437661","0.175066238342045","729.07421875","549.96875","166","3801","11","","0","100","0.015625","5380;20652;21168;21240;22712;25380;28136;31824;35448;37148;40276","[{""pid"":22712,""name"":""electron.exe"",""cpu_percent"":0,""ws_mb"":38.765625,""private_mb"":13.01953125},{""pid"":31824,""name"":""electron.exe"",""cpu_percent"":0,""ws_mb"":240.75390625,""private_mb"":219.44921875},{""pid"":25380,""name"":""node.exe"",""cpu_percent"":0,""ws_mb"":64.8125,""private_mb"":70.3359375},{""pid"":21240,""name"":""electron.exe"",""cpu_percent"":0,""ws_mb"":113.7578125,""private_mb"":77.05859375},{""pid"":5380,""name"":""cmd.exe"",""cpu_percent"":0,""ws_mb"":8.79296875,""private_mb"":4.6015625},{""pid"":40276,""name"":""node.exe"",""cpu_percent"":0,""ws_mb"":31.5234375,""private_mb"":19.515625},{""pid"":21168,""name"":""powershell.exe"",""cpu_percent"":0.1750662383420451,""ws_mb"":120.03125,""private_mb"":99.5625},{""pid"":28136,""name"":""conhost.exe"",""cpu_percent"":0,""ws_mb"":8.6171875,""private_mb"":1.67578125},{""pid"":37148,""name"":""electron.exe"",""cpu_percent"":0,""ws_mb"":86.2109375,""private_mb"":39.0234375},{""pid"":35448,""name"":""conhost.exe"",""cpu_percent"":0,""ws_mb"":7.11328125,""private_mb"":1.22265625},{""pid"":20652,""name"":""cmd.exe"",""cpu_percent"":0,""ws_mb"":8.6953125,""private_mb"":4.50390625}]"
"2026-10-01T16:09:58.2744929Z","0.6620143","3.14696122626556","728.890625","549.7578125","166","4314","11","","0","94.6428571428571","0.25","5380;20652;21168;21240;22712;25380;28136;31824;35448;37148;40276","[{""pid"":22712,""name"":""electron.exe"",""cpu_percent"":0,""ws_mb"":38.765625,""private_mb"":13.01953125},{""pid"":31824,""name"":""electron.exe"",""cpu_percent"":0,""ws_mb"":240.75390625,""private_mb"":219.44921875},{""pid"":25380,""name"":""node.exe"",""cpu_percent"":0,""ws_mb"":64.8125,""private_mb"":70.3359375},{""pid"":21240,""name"":""electron.exe"",""cpu_percent"":0,""ws_mb"":113.55859375,""private_mb"":76.84765625},{""pid"":5380,""name"":""cmd.exe"",""cpu_percent"":0,""ws_mb"":8.79296875,""private_mb"":4.6015625},{""pid"":40276,""name"":""node.exe"",""cpu_percent"":0,""ws_mb"":31.5234375,""private_mb"":19.515625},{""pid"":21168,""name"":""powershell.exe"",""cpu_percent"":3.1469612262655557,""ws_mb"":120.046875,""private_mb"":99.5625},{""pid"":28136,""name"":""conhost.exe"",""cpu_percent"":0,""ws_mb"":8.6171875,""private_mb"":1.67578125},{""pid"":37148,""name"":""electron.exe"",""cpu_percent"":0,""ws_mb"":86.2109375,""private_mb"":39.0234375},{""pid"":35448,""name"":""conhost.exe"",""cpu_percent"":0,""ws_mb"":7.11328125,""private_mb"":1.22265625},{""pid"":20652,""name"":""cmd.exe"",""cpu_percent"":0,""ws_mb"":8.6953125,""private_mb"":4.50390625}]"
"2026-10-01T16:09:58.9528598Z","0.6783669","2.49526964439647","729.1328125","550.00390625","166","4425","11","","0","90.3409090909091","0.203125","5380;20652;21168;21240;22712;25380;28136;31824;35448;37148;40276","[{""pid"":22712,""name"":""electron.exe"",""cpu_percent"":0,""ws_mb"":38.765625,""private_mb"":13.01953125},{""pid"":31824,""name"":""electron.exe"",""cpu_percent"":0,""ws_mb"":240.75390625,""private_mb"":219.44921875},{""pid"":25380,""name"":""node.exe"",""cpu_percent"":0,""ws_mb"":64.8125,""private_mb"":70.3359375},{""pid"":21240,""name"":""electron.exe"",""cpu_percent"":0,""ws_mb"":113.80078125,""private_mb"":77.09375},{""pid"":5380,""name"":""cmd.exe"",""cpu_percent"":0,""ws_mb"":8.79296875,""private_mb"":4.6015625},{""pid"":40276,""name"":""node.exe"",""cpu_percent"":0,""ws_mb"":31.5234375,""private_mb"":19.515625},{""pid"":21168,""name"":""powershell.exe"",""cpu_percent"":2.4952696443964664,""ws_mb"":120.046875,""private_mb"":99.5625},{""pid"":28136,""name"":""conhost.exe"",""cpu_percent"":0,""ws_mb"":8.6171875,""private_mb"":1.67578125},{""pid"":37148,""name"":""electron.exe"",""cpu_percent"":0,""ws_mb"":86.2109375,""private_mb"":39.0234375},{""pid"":35448,""name"":""conhost.exe"",""cpu_percent"":0,""ws_mb"":7.11328125,""private_mb"":1.22265625},{""pid"":20652,""name"":""cmd.exe"",""cpu_percent"":0,""ws_mb"":8.6953125,""private_mb"":4.50390625}]"
"2026-10-01T16:09:59.5685736Z","0.6157138","0","729.78125","550.63671875","166","4425","11","","0","75.6410256410256","0","5380;20652;21168;21240;22712;25380;28136;31824;35448;37148;40276","[{""pid"":22712,""name"":""electron.exe"",""cpu_percent"":0,""ws_mb"":38.765625,""private_mb"":13.01953125},{""pid"":31824,""name"":""electron.exe"",""cpu_percent"":0,""ws_mb"":240.75390625,""private_mb"":219.44921875},{""pid"":25380,""name"":""node.exe"",""cpu_percent"":0,""ws_mb"":64.8125,""private_mb"":70.3359375},{""pid"":21240,""name"":""electron.exe"",""cpu_percent"":0,""ws_mb"":113.8046875,""private_mb"":77.1015625},{""pid"":5380,""name"":""cmd.exe"",""cpu_percent"":0,""ws_mb"":8.79296875,""private_mb"":4.6015625},{""pid"":40276,""name"":""node.exe"",""cpu_percent"":0,""ws_mb"":31.5234375,""private_mb"":19.515625},{""pid"":21168,""name"":""powershell.exe"",""cpu_percent"":0,""ws_mb"":120.69140625,""private_mb"":100.1875},{""pid"":28136,""name"":""conhost.exe"",""cpu_percent"":0,""ws_mb"":8.6171875,""private_mb"":1.67578125},{""pid"":37148,""name"":""electron.exe"",""cpu_percent"":0,""ws_mb"":86.2109375,""private_mb"":39.0234375},{""pid"":35448,""name"":""conhost.exe"",""cpu_percent"":0,""ws_mb"":7.11328125,""private_mb"":1.22265625},{""pid"":20652,""name"":""cmd.exe"",""cpu_percent"":0,""ws_mb"":8.6953125,""private_mb"":4.50390625}]"
"2026-10-01T16:10:00.1711777Z","0.6026041","5.40190206693471","730.34765625","551.203125","166","4104","11","","0","69.2307692307692","0.390625","5380;20652;21168;21240;22712;25380;28136;31824;35448;37148;40276","[{""pid"":22712,""name"":""electron.exe"",""cpu_percent"":0,""ws_mb"":38.765625,""private_mb"":13.01953125},{""pid"":31824,""name"":""electron.exe"",""cpu_percent"":0,""ws_mb"":240.75390625,""private_mb"":219.44921875},{""pid"":25380,""name"":""node.exe"",""cpu_percent"":0,""ws_mb"":64.8125,""private_mb"":70.3359375},{""pid"":21240,""name"":""electron.exe"",""cpu_percent"":0,""ws_mb"":113.8046875,""private_mb"":77.1015625},{""pid"":5380,""name"":""cmd.exe"",""cpu_percent"":0,""ws_mb"":8.79296875,""private_mb"":4.6015625},{""pid"":40276,""name"":""node.exe"",""cpu_percent"":0,""ws_mb"":31.5234375,""private_mb"":19.515625},{""pid"":21168,""name"":""powershell.exe"",""cpu_percent"":5.4019020669347144,""ws_mb"":121.2578125,""private_mb"":100.75390625},{""pid"":28136,""name"":""conhost.exe"",""cpu_percent"":0,""ws_mb"":8.6171875,""private_mb"":1.67578125},{""pid"":37148,""name"":""electron.exe"",""cpu_percent"":0,""ws_mb"":86.2109375,""private_mb"":39.0234375},{""pid"":35448,""name"":""conhost.exe"",""cpu_percent"":0,""ws_mb"":7.11328125,""private_mb"":1.22265625},{""pid"":20652,""name"":""cmd.exe"",""cpu_percent"":0,""ws_mb"":8.6953125,""private_mb"":4.50390625}]"
"2026-10-01T16:10:00.9675190Z","0.7963413","0.654032803941392","731.0546875","550.98828125","166","4104","11","","0","92.8104575163399","0.0625","5380;20652;21168;21240;22712;25380;28136;31824;35448;37148;40276","[{""pid"":22712,""name"":""electron.exe"",""cpu_percent"":0,""ws_mb"":38.765625,""private_mb"":13.0234375},{""pid"":31824,""name"":""electron.exe"",""cpu_percent"":0,""ws_mb"":241.66796875,""private_mb"":219.44921875},{""pid"":25380,""name"":""node.exe"",""cpu_percent"":0,""ws_mb"":64.8125,""private_mb"":70.3359375},{""pid"":21240,""name"":""electron.exe"",""cpu_percent"":0.32701640197069609,""ws_mb"":113.59765625,""private_mb"":76.8828125},{""pid"":5380,""name"":""cmd.exe"",""cpu_percent"":0,""ws_mb"":8.79296875,""private_mb"":4.6015625},{""pid"":40276,""name"":""node.exe"",""cpu_percent"":0,""ws_mb"":31.5234375,""private_mb"":19.515625},{""pid"":21168,""name"":""powershell.exe"",""cpu_percent"":0.32701640197069609,""ws_mb"":121.2578125,""private_mb"":100.75390625},{""pid"":28136,""name"":""conhost.exe"",""cpu_percent"":0,""ws_mb"":8.6171875,""private_mb"":1.67578125},{""pid"":37148,""name"":""electron.exe"",""cpu_percent"":0,""ws_mb"":86.2109375,""private_mb"":39.0234375},{""pid"":35448,""name"":""conhost.exe"",""cpu_percent"":0,""ws_mb"":7.11328125,""private_mb"":1.22265625},{""pid"":20652,""name"":""cmd.exe"",""cpu_percent"":0,""ws_mb"":8.6953125,""private_mb"":4.50390625}]"
"2026-10-01T16:10:01.5594914Z","0.5919724","3.0793946925003","732.4765625","552.39453125","166","4346","11","","0","69.7424892703863","0.21875","5380;20652;21168;21240;22712;25380;28136;31824;35448;37148;40276","[{""pid"":22712,""name"":""electron.exe"",""cpu_percent"":0,""ws_mb"":38.765625,""private_mb"":13.0234375},{""pid"":31824,""name"":""electron.exe"",""cpu_percent"":0,""ws_mb"":241.66796875,""private_mb"":219.44921875},{""pid"":25380,""name"":""node.exe"",""cpu_percent"":0,""ws_mb"":64.8125,""private_mb"":70.3359375},{""pid"":21240,""name"":""electron.exe"",""cpu_percent"":0,""ws_mb"":113.74609375,""private_mb"":77.0390625},{""pid"":5380,""name"":""cmd.exe"",""cpu_percent"":0,""ws_mb"":8.79296875,""private_mb"":4.6015625},{""pid"":40276,""name"":""node.exe"",""cpu_percent"":0,""ws_mb"":31.5234375,""private_mb"":19.515625},{""pid"":21168,""name"":""powershell.exe"",""cpu_percent"":3.079394692500304,""ws_mb"":122.53125,""private_mb"":102.00390625},{""pid"":28136,""name"":""conhost.exe"",""cpu_percent"":0,""ws_mb"":8.6171875,""private_mb"":1.67578125},{""pid"":37148,""name"":""electron.exe"",""cpu_percent"":0,""ws_mb"":86.2109375,""private_mb"":39.0234375},{""pid"":35448,""name"":""conhost.exe"",""cpu_percent"":0,""ws_mb"":7.11328125,""private_mb"":1.22265625},{""pid"":20652,""name"":""cmd.exe"",""cpu_percent"":0,""ws_mb"":8.6953125,""private_mb"":4.50390625}]"
"2026-10-01T16:10:02.3962563Z","0.8367649","1.40048297914982","732.41015625","552.3359375","166","4503","11","","0","98.7220447284345","0.140625","5380;20652;21168;21240;22712;25380;28136;31824;35448;37148;40276","[{""pid"":22712,""name"":""electron.exe"",""cpu_percent"":0,""ws_mb"":38.765625,""private_mb"":13.0234375},{""pid"":31824,""name"":""electron.exe"",""cpu_percent"":0,""ws_mb"":241.66796875,""private_mb"":219.44921875},{""pid"":25380,""name"":""node.exe"",""cpu_percent"":0,""ws_mb"":64.8125,""private_mb"":70.3359375},{""pid"":21240,""name"":""electron.exe"",""cpu_percent"":0,""ws_mb"":113.6796875,""private_mb"":76.98046875},{""pid"":5380,""name"":""cmd.exe"",""cpu_percent"":0,""ws_mb"":8.79296875,""private_mb"":4.6015625},{""pid"":40276,""name"":""node.exe"",""cpu_percent"":0,""ws_mb"":31.5234375,""private_mb"":19.515625},{""pid"":21168,""name"":""powershell.exe"",""cpu_percent"":1.4004829791498188,""ws_mb"":122.53125,""private_mb"":102.00390625},{""pid"":28136,""name"":""conhost.exe"",""cpu_percent"":0,""ws_mb"":8.6171875,""private_mb"":1.67578125},{""pid"":37148,""name"":""electron.exe"",""cpu_percent"":0,""ws_mb"":86.2109375,""private_mb"":39.0234375},{""pid"":35448,""name"":""conhost.exe"",""cpu_percent"":0,""ws_mb"":7.11328125,""private_mb"":1.22265625},{""pid"":20652,""name"":""cmd.exe"",""cpu_percent"":0,""ws_mb"":8.6953125,""private_mb"":4.50390625}]"
"2026-10-01T16:10:03.0012721Z","0.6050158","1.72171812152123","733.31640625","553.2734375","166","4512","11","","0","62.1794871794872","0.125","5380;20652;21168;21240;22712;25380;28136;31824;35448;37148;40276","[{""pid"":22712,""name"":""electron.exe"",""cpu_percent"":0,""ws_mb"":38.765625,""private_mb"":13.0234375},{""pid"":31824,""name"":""electron.exe"",""cpu_percent"":0,""ws_mb"":241.66796875,""private_mb"":219.44921875},{""pid"":25380,""name"":""node.exe"",""cpu_percent"":0,""ws_mb"":64.8125,""private_mb"":70.3359375},{""pid"":21240,""name"":""electron.exe"",""cpu_percent"":0,""ws_mb"":113.7890625,""private_mb"":77.1015625},{""pid"":5380,""name"":""cmd.exe"",""cpu_percent"":0,""ws_mb"":8.79296875,""private_mb"":4.6015625},{""pid"":40276,""name"":""node.exe"",""cpu_percent"":0,""ws_mb"":31.5234375,""private_mb"":19.515625},{""pid"":21168,""name"":""powershell.exe"",""cpu_percent"":1.721718121521234,""ws_mb"":123.328125,""private_mb"":102.8203125},{""pid"":28136,""name"":""conhost.exe"",""cpu_percent"":0,""ws_mb"":8.6171875,""private_mb"":1.67578125},{""pid"":37148,""name"":""electron.exe"",""cpu_percent"":0,""ws_mb"":86.2109375,""private_mb"":39.0234375},{""pid"":35448,""name"":""conhost.exe"",""cpu_percent"":0,""ws_mb"":7.11328125,""private_mb"":1.22265625},{""pid"":20652,""name"":""cmd.exe"",""cpu_percent"":0,""ws_mb"":8.6953125,""private_mb"":4.50390625}]"
"2026-10-01T16:10:03.5186243Z","0.5173522","0","733.73828125","553.734375","166","3803","11","","0","50.2525252525253","0","5380;20652;21168;21240;22712;25380;28136;31824;35448;37148;40276","[{""pid"":22712,""name"":""electron.exe"",""cpu_percent"":0,""ws_mb"":38.765625,""private_mb"":13.0234375},{""pid"":31824,""name"":""electron.exe"",""cpu_percent"":0,""ws_mb"":241.66796875,""private_mb"":219.44921875},{""pid"":25380,""name"":""node.exe"",""cpu_percent"":0,""ws_mb"":64.8125,""private_mb"":70.3359375},{""pid"":21240,""name"":""electron.exe"",""cpu_percent"":0,""ws_mb"":113.80859375,""private_mb"":77.125},{""pid"":5380,""name"":""cmd.exe"",""cpu_percent"":0,""ws_mb"":8.79296875,""private_mb"":4.6015625},{""pid"":40276,""name"":""node.exe"",""cpu_percent"":0,""ws_mb"":31.5234375,""private_mb"":19.515625},{""pid"":21168,""name"":""powershell.exe"",""cpu_percent"":0,""ws_mb"":123.73046875,""private_mb"":103.2578125},{""pid"":28136,""name"":""conhost.exe"",""cpu_percent"":0,""ws_mb"":8.6171875,""private_mb"":1.67578125},{""pid"":37148,""name"":""electron.exe"",""cpu_percent"":0,""ws_mb"":86.2109375,""private_mb"":39.0234375},{""pid"":35448,""name"":""conhost.exe"",""cpu_percent"":0,""ws_mb"":7.11328125,""private_mb"":1.22265625},{""pid"":20652,""name"":""cmd.exe"",""cpu_percent"":0,""ws_mb"":8.6953125,""private_mb"":4.50390625}]"
"2026-10-01T16:10:04.1406600Z","0.6220357","5.23315355265515","733.73828125","553.734375","166","4095","11","","0","80.8333333333333","0.390625","5380;20652;21168;21240;22712;25380;28136;31824;35448;37148;40276","[{""pid"":22712,""name"":""electron.exe"",""cpu_percent"":0,""ws_mb"":38.765625,""private_mb"":13.0234375},{""pid"":31824,""name"":""electron.exe"",""cpu_percent"":0,""ws_mb"":241.66796875,""private_mb"":219.44921875},{""pid"":25380,""name"":""node.exe"",""cpu_percent"":0,""ws_mb"":64.8125,""private_mb"":70.3359375},{""pid"":21240,""name"":""electron.exe"",""cpu_percent"":0,""ws_mb"":113.80859375,""private_mb"":77.125},{""pid"":5380,""name"":""cmd.exe"",""cpu_percent"":0,""ws_mb"":8.79296875,""private_mb"":4.6015625},{""pid"":40276,""name"":""node.exe"",""cpu_percent"":0,""ws_mb"":31.5234375,""private_mb"":19.515625},{""pid"":21168,""name"":""powershell.exe"",""cpu_percent"":5.2331535526551507,""ws_mb"":123.73046875,""private_mb"":103.2578125},{""pid"":28136,""name"":""conhost.exe"",""cpu_percent"":0,""ws_mb"":8.6171875,""private_mb"":1.67578125},{""pid"":37148,""name"":""electron.exe"",""cpu_percent"":0,""ws_mb"":86.2109375,""private_mb"":39.0234375},{""pid"":35448,""name"":""conhost.exe"",""cpu_percent"":0,""ws_mb"":7.11328125,""private_mb"":1.22265625},{""pid"":20652,""name"":""cmd.exe"",""cpu_percent"":0,""ws_mb"":8.6953125,""private_mb"":4.50390625}]"
"2026-10-01T16:10:04.6677267Z","0.5270667","0.74113010744181","733.73828125","553.73046875","166","4100","11","","0","49.7549019607843","0.046875","5380;20652;21168;21240;22712;25380;28136;31824;35448;37148;40276","[{""pid"":22712,""name"":""electron.exe"",""cpu_percent"":0,""ws_mb"":38.765625,""private_mb"":13.0234375},{""pid"":31824,""name"":""electron.exe"",""cpu_percent"":0,""ws_mb"":241.66796875,""private_mb"":219.44921875},{""pid"":25380,""name"":""node.exe"",""cpu_percent"":0,""ws_mb"":64.8125,""private_mb"":70.3359375},{""pid"":21240,""name"":""electron.exe"",""cpu_percent"":0,""ws_mb"":113.80859375,""private_mb"":77.12109375},{""pid"":5380,""name"":""cmd.exe"",""cpu_percent"":0,""ws_mb"":8.79296875,""private_mb"":4.6015625},{""pid"":40276,""name"":""node.exe"",""cpu_percent"":0,""ws_mb"":31.5234375,""private_mb"":19.515625},{""pid"":21168,""name"":""powershell.exe"",""cpu_percent"":0.74113010744180952,""ws_mb"":123.73046875,""private_mb"":103.2578125},{""pid"":28136,""name"":""conhost.exe"",""cpu_percent"":0,""ws_mb"":8.6171875,""private_mb"":1.67578125},{""pid"":37148,""name"":""electron.exe"",""cpu_percent"":0,""ws_mb"":86.2109375,""private_mb"":39.0234375},{""pid"":35448,""name"":""conhost.exe"",""cpu_percent"":0,""ws_mb"":7.11328125,""private_mb"":1.22265625},{""pid"":20652,""name"":""cmd.exe"",""cpu_percent"":0,""ws_mb"":8.6953125,""private_mb"":4.50390625}]"
"2026-10-01T16:10:05.2178331Z","0.5501064","0","733.96875","553.96875","166","4100","11","","0","50.7142857142857","0","5380;20652;21168;21240;22712;25380;28136;31824;35448;37148;40276","[{""pid"":22712,""name"":""electron.exe"",""cpu_percent"":0,""ws_mb"":38.765625,""private_mb"":13.0234375},{""pid"":31824,""name"":""electron.exe"",""cpu_percent"":0,""ws_mb"":241.66796875,""private_mb"":219.44921875},{""pid"":25380,""name"":""node.exe"",""cpu_percent"":0,""ws_mb"":64.8125,""private_mb"":70.3359375},{""pid"":21240,""name"":""electron.exe"",""cpu_percent"":0,""ws_mb"":114.0390625,""private_mb"":77.359375},{""pid"":5380,""name"":""cmd.exe"",""cpu_percent"":0,""ws_mb"":8.79296875,""private_mb"":4.6015625},{""pid"":40276,""name"":""node.exe"",""cpu_percent"":0,""ws_mb"":31.5234375,""private_mb"":19.515625},{""pid"":21168,""name"":""powershell.exe"",""cpu_percent"":0,""ws_mb"":123.73046875,""private_mb"":103.2578125},{""pid"":28136,""name"":""conhost.exe"",""cpu_percent"":0,""ws_mb"":8.6171875,""private_mb"":1.67578125},{""pid"":37148,""name"":""electron.exe"",""cpu_percent"":0,""ws_mb"":86.2109375,""private_mb"":39.0234375},{""pid"":35448,""name"":""conhost.exe"",""cpu_percent"":0,""ws_mb"":7.11328125,""private_mb"":1.22265625},{""pid"":20652,""name"":""cmd.exe"",""cpu_percent"":0,""ws_mb"":8.6953125,""private_mb"":4.50390625}]"
"2026-10-01T16:10:05.7413407Z","0.5235076","4.4770123681108","734.75","554.71875","166","4495","11","","0","52.020202020202","0.28125","5380;20652;21168;21240;22712;25380;28136;31824;35448;37148;40276","[{""pid"":22712,""name"":""electron.exe"",""cpu_percent"":0,""ws_mb"":38.765625,""private_mb"":13.0234375},{""pid"":31824,""name"":""electron.exe"",""cpu_percent"":0,""ws_mb"":241.66796875,""private_mb"":219.44921875},{""pid"":25380,""name"":""node.exe"",""cpu_percent"":0,""ws_mb"":64.8125,""private_mb"":70.3359375},{""pid"":21240,""name"":""electron.exe"",""cpu_percent"":0,""ws_mb"":113.57421875,""private_mb"":76.85546875},{""pid"":5380,""name"":""cmd.exe"",""cpu_percent"":0,""ws_mb"":8.79296875,""private_mb"":4.6015625},{""pid"":40276,""name"":""node.exe"",""cpu_percent"":0,""ws_mb"":31.5234375,""private_mb"":19.515625},{""pid"":21168,""name"":""powershell.exe"",""cpu_percent"":4.4770123681107972,""ws_mb"":124.9765625,""private_mb"":104.51171875},{""pid"":28136,""name"":""conhost.exe"",""cpu_percent"":0,""ws_mb"":8.6171875,""private_mb"":1.67578125},{""pid"":37148,""name"":""electron.exe"",""cpu_percent"":0,""ws_mb"":86.2109375,""private_mb"":39.0234375},{""pid"":35448,""name"":""conhost.exe"",""cpu_percent"":0,""ws_mb"":7.11328125,""private_mb"":1.22265625},{""pid"":20652,""name"":""cmd.exe"",""cpu_percent"":0,""ws_mb"":8.6953125,""private_mb"":4.50390625}]"
"2026-10-01T16:10:06.2045461Z","0.4632054","0.281102796585129","735.51171875","555.46484375","166","4495","11","","0","32.7777777777778","0.015625","5380;20652;21168;21240;22712;25380;28136;31824;35448;37148;40276","[{""pid"":22712,""name"":""electron.exe"",""cpu_percent"":0,""ws_mb"":38.765625,""private_mb"":13.0234375},{""pid"":31824,""name"":""electron.exe"",""cpu_percent"":0,""ws_mb"":241.66796875,""private_mb"":219.44921875},{""pid"":25380,""name"":""node.exe"",""cpu_percent"":0,""ws_mb"":64.8125,""private_mb"":70.3359375},{""pid"":21240,""name"":""electron.exe"",""cpu_percent"":0,""ws_mb"":113.8125,""private_mb"":77.1015625},{""pid"":5380,""name"":""cmd.exe"",""cpu_percent"":0,""ws_mb"":8.79296875,""private_mb"":4.6015625},{""pid"":40276,""name"":""node.exe"",""cpu_percent"":0,""ws_mb"":31.5234375,""private_mb"":19.515625},{""pid"":21168,""name"":""powershell.exe"",""cpu_percent"":0.2811027965851291,""ws_mb"":125.5,""private_mb"":105.01171875},{""pid"":28136,""name"":""conhost.exe"",""cpu_percent"":0,""ws_mb"":8.6171875,""private_mb"":1.67578125},{""pid"":37148,""name"":""electron.exe"",""cpu_percent"":0,""ws_mb"":86.2109375,""private_mb"":39.0234375},{""pid"":35448,""name"":""conhost.exe"",""cpu_percent"":0,""ws_mb"":7.11328125,""private_mb"":1.22265625},{""pid"":20652,""name"":""cmd.exe"",""cpu_percent"":0,""ws_mb"":8.6953125,""private_mb"":4.50390625}]"
"2026-10-01T16:10:06.6461710Z","0.4416249","0.294839202529869","736.015625","555.984375","166","3804","11","","0","20.8333333333333","0.015625","5380;20652;21168;21240;22712;25380;28136;31824;35448;37148;40276","[{""pid"":22712,""name"":""electron.exe"",""cpu_percent"":0,""ws_mb"":38.765625,""private_mb"":13.0234375},{""pid"":31824,""name"":""electron.exe"",""cpu_percent"":0,""ws_mb"":241.66796875,""private_mb"":219.44921875},{""pid"":25380,""name"":""node.exe"",""cpu_percent"":0,""ws_mb"":64.8125,""private_mb"":70.3359375},{""pid"":21240,""name"":""electron.exe"",""cpu_percent"":0.29483920252986939,""ws_mb"":113.70703125,""private_mb"":76.99609375},{""pid"":5380,""name"":""cmd.exe"",""cpu_percent"":0,""ws_mb"":8.79296875,""private_mb"":4.6015625},{""pid"":40276,""name"":""node.exe"",""cpu_percent"":0,""ws_mb"":31.5234375,""private_mb"":19.515625},{""pid"":21168,""name"":""powershell.exe"",""cpu_percent"":0,""ws_mb"":126.109375,""private_mb"":105.63671875},{""pid"":28136,""name"":""conhost.exe"",""cpu_percent"":0,""ws_mb"":8.6171875,""private_mb"":1.67578125},{""pid"":37148,""name"":""electron.exe"",""cpu_percent"":0,""ws_mb"":86.2109375,""private_mb"":39.0234375},{""pid"":35448,""name"":""conhost.exe"",""cpu_percent"":0,""ws_mb"":7.11328125,""private_mb"":1.22265625},{""pid"":20652,""name"":""cmd.exe"",""cpu_percent"":0,""ws_mb"":8.6953125,""private_mb"":4.50390625}]"
"2026-10-01T16:10:07.1322228Z","0.4860518","6.42935588346757","722.98828125","542.88671875","166","4051","11","","0","40.3225806451613","0.375","5380;20652;21168;21240;22712;25380;28136;31824;35448;37148;40276","[{""pid"":22712,""name"":""electron.exe"",""cpu_percent"":0,""ws_mb"":38.765625,""private_mb"":13.0234375},{""pid"":31824,""name"":""electron.exe"",""cpu_percent"":0,""ws_mb"":241.66796875,""private_mb"":219.44921875},{""pid"":25380,""name"":""node.exe"",""cpu_percent"":0,""ws_mb"":64.8125,""private_mb"":70.3359375},{""pid"":21240,""name"":""electron.exe"",""cpu_percent"":0.26788982847781523,""ws_mb"":113.70703125,""private_mb"":76.99609375},{""pid"":5380,""name"":""cmd.exe"",""cpu_percent"":0,""ws_mb"":8.79296875,""private_mb"":4.6015625},{""pid"":40276,""name"":""node.exe"",""cpu_percent"":0,""ws_mb"":31.5234375,""private_mb"":19.515625},{""pid"":21168,""name"":""powershell.exe"",""cpu_percent"":6.1614660549897495,""ws_mb"":113.08203125,""private_mb"":92.5390625},{""pid"":28136,""name"":""conhost.exe"",""cpu_percent"":0,""ws_mb"":8.6171875,""private_mb"":1.67578125},{""pid"":37148,""name"":""electron.exe"",""cpu_percent"":0,""ws_mb"":86.2109375,""private_mb"":39.0234375},{""pid"":35448,""name"":""conhost.exe"",""cpu_percent"":0,""ws_mb"":7.11328125,""private_mb"":1.22265625},{""pid"":20652,""name"":""cmd.exe"",""cpu_percent"":0,""ws_mb"":8.6953125,""private_mb"":4.50390625}]"
"2026-10-01T16:10:07.5620658Z","0.429843","0.302920678790473","722.859375","542.76171875","167","4052","11","","0","25.8928571428571","0.015625","5380;20652;21168;21240;22712;25380;28136;31824;35448;37148;40276","[{""pid"":22712,""name"":""electron.exe"",""cpu_percent"":0,""ws_mb"":38.765625,""private_mb"":13.0234375},{""pid"":31824,""name"":""electron.exe"",""cpu_percent"":0,""ws_mb"":241.66796875,""private_mb"":219.44921875},{""pid"":25380,""name"":""node.exe"",""cpu_percent"":0,""ws_mb"":64.8125,""private_mb"":70.3359375},{""pid"":21240,""name"":""electron.exe"",""cpu_percent"":0.30292067879047313,""ws_mb"":113.5625,""private_mb"":76.84375},{""pid"":5380,""name"":""cmd.exe"",""cpu_percent"":0,""ws_mb"":8.79296875,""private_mb"":4.6015625},{""pid"":40276,""name"":""node.exe"",""cpu_percent"":0,""ws_mb"":31.5234375,""private_mb"":19.515625},{""pid"":21168,""name"":""powershell.exe"",""cpu_percent"":0,""ws_mb"":113.09765625,""private_mb"":92.56640625},{""pid"":28136,""name"":""conhost.exe"",""cpu_percent"":0,""ws_mb"":8.6171875,""private_mb"":1.67578125},{""pid"":37148,""name"":""electron.exe"",""cpu_percent"":0,""ws_mb"":86.2109375,""private_mb"":39.0234375},{""pid"":35448,""name"":""conhost.exe"",""cpu_percent"":0,""ws_mb"":7.11328125,""private_mb"":1.22265625},{""pid"":20652,""name"":""cmd.exe"",""cpu_percent"":0,""ws_mb"":8.6953125,""private_mb"":4.50390625}]"
"2026-10-01T16:10:07.9946940Z","0.4326282","0.300970517717831","723.09375","543","167","4052","11","","0","22.8395061728395","0.015625","5380;20652;21168;21240;22712;25380;28136;31824;35448;37148;40276","[{""pid"":22712,""name"":""electron.exe"",""cpu_percent"":0,""ws_mb"":38.765625,""private_mb"":13.0234375},{""pid"":31824,""name"":""electron.exe"",""cpu_percent"":0,""ws_mb"":241.66796875,""private_mb"":219.44921875},{""pid"":25380,""name"":""node.exe"",""cpu_percent"":0,""ws_mb"":64.8125,""private_mb"":70.3359375},{""pid"":21240,""name"":""electron.exe"",""cpu_percent"":0,""ws_mb"":113.796875,""private_mb"":77.08203125},{""pid"":5380,""name"":""cmd.exe"",""cpu_percent"":0,""ws_mb"":8.79296875,""private_mb"":4.6015625},{""pid"":40276,""name"":""node.exe"",""cpu_percent"":0,""ws_mb"":31.5234375,""private_mb"":19.515625},{""pid"":21168,""name"":""powershell.exe"",""cpu_percent"":0.300970517717831,""ws_mb"":113.09765625,""private_mb"":92.56640625},{""pid"":28136,""name"":""conhost.exe"",""cpu_percent"":0,""ws_mb"":8.6171875,""private_mb"":1.67578125},{""pid"":37148,""name"":""electron.exe"",""cpu_percent"":0,""ws_mb"":86.2109375,""private_mb"":39.0234375},{""pid"":35448,""name"":""conhost.exe"",""cpu_percent"":0,""ws_mb"":7.11328125,""private_mb"":1.22265625},{""pid"":20652,""name"":""cmd.exe"",""cpu_percent"":0,""ws_mb"":8.6953125,""private_mb"":4.50390625}]"
"2026-10-01T16:10:08.4698809Z","0.4751869","4.38423982928261","726.34765625","546.3046875","167","4699","11","","0","24.7311827956989","0.25","5380;20652;21168;21240;22712;25380;28136;31824;35448;37148;40276","[{""pid"":22712,""name"":""electron.exe"",""cpu_percent"":0,""ws_mb"":38.765625,""private_mb"":13.0234375},{""pid"":31824,""name"":""electron.exe"",""cpu_percent"":0,""ws_mb"":241.66796875,""private_mb"":219.44921875},{""pid"":25380,""name"":""node.exe"",""cpu_percent"":0,""ws_mb"":64.8125,""private_mb"":70.3359375},{""pid"":21240,""name"":""electron.exe"",""cpu_percent"":0,""ws_mb"":113.59765625,""private_mb"":76.87890625},{""pid"":5380,""name"":""cmd.exe"",""cpu_percent"":0,""ws_mb"":8.79296875,""private_mb"":4.6015625},{""pid"":40276,""name"":""node.exe"",""cpu_percent"":0,""ws_mb"":31.5234375,""private_mb"":19.515625},{""pid"":21168,""name"":""powershell.exe"",""cpu_percent"":4.3842398292826115,""ws_mb"":116.55078125,""private_mb"":96.07421875},{""pid"":28136,""name"":""conhost.exe"",""cpu_percent"":0,""ws_mb"":8.6171875,""private_mb"":1.67578125},{""pid"":37148,""name"":""electron.exe"",""cpu_percent"":0,""ws_mb"":86.2109375,""private_mb"":39.0234375},{""pid"":35448,""name"":""conhost.exe"",""cpu_percent"":0,""ws_mb"":7.11328125,""private_mb"":1.22265625},{""pid"":20652,""name"":""cmd.exe"",""cpu_percent"":0,""ws_mb"":8.6953125,""private_mb"":4.50390625}]"
"2026-10-01T16:10:08.8779215Z","0.4080406","0.957318953064965","729.8671875","549.8203125","166","4704","11","","0","23.0769230769231","0.046875","5380;20652;21168;21240;22712;25380;28136;31824;35448;37148;40276","[{""pid"":22712,""name"":""electron.exe"",""cpu_percent"":0,""ws_mb"":38.765625,""private_mb"":13.0234375},{""pid"":31824,""name"":""electron.exe"",""cpu_percent"":0,""ws_mb"":241.66796875,""private_mb"":219.44921875},{""pid"":25380,""name"":""node.exe"",""cpu_percent"":0,""ws_mb"":64.8125,""private_mb"":70.3359375},{""pid"":21240,""name"":""electron.exe"",""cpu_percent"":0,""ws_mb"":113.8203125,""private_mb"":77.10546875},{""pid"":5380,""name"":""cmd.exe"",""cpu_percent"":0,""ws_mb"":8.79296875,""private_mb"":4.6015625},{""pid"":40276,""name"":""node.exe"",""cpu_percent"":0,""ws_mb"":31.5234375,""private_mb"":19.515625},{""pid"":21168,""name"":""powershell.exe"",""cpu_percent"":0.95731895306496473,""ws_mb"":119.84765625,""private_mb"":99.36328125},{""pid"":28136,""name"":""conhost.exe"",""cpu_percent"":0,""ws_mb"":8.6171875,""private_mb"":1.67578125},{""pid"":37148,""name"":""electron.exe"",""cpu_percent"":0,""ws_mb"":86.2109375,""private_mb"":39.0234375},{""pid"":35448,""name"":""conhost.exe"",""cpu_percent"":0,""ws_mb"":7.11328125,""private_mb"":1.22265625},{""pid"":20652,""name"":""cmd.exe"",""cpu_percent"":0,""ws_mb"":8.6953125,""private_mb"":4.50390625}]"
"2026-10-01T16:10:09.2676994Z","0.3897779","0","730.734375","550.69140625","166","4704","11","","0","19.3333333333333","0","5380;20652;21168;21240;22712;25380;28136;31824;35448;37148;40276","[{""pid"":22712,""name"":""electron.exe"",""cpu_percent"":0,""ws_mb"":38.765625,""private_mb"":13.0234375},{""pid"":31824,""name"":""electron.exe"",""cpu_percent"":0,""ws_mb"":241.66796875,""private_mb"":219.44921875},{""pid"":25380,""name"":""node.exe"",""cpu_percent"":0,""ws_mb"":64.8125,""private_mb"":70.3359375},{""pid"":21240,""name"":""electron.exe"",""cpu_percent"":0,""ws_mb"":113.75,""private_mb"":77.03515625},{""pid"":5380,""name"":""cmd.exe"",""cpu_percent"":0,""ws_mb"":8.79296875,""private_mb"":4.6015625},{""pid"":40276,""name"":""node.exe"",""cpu_percent"":0,""ws_mb"":31.5234375,""private_mb"":19.515625},{""pid"":21168,""name"":""powershell.exe"",""cpu_percent"":0,""ws_mb"":120.78515625,""private_mb"":100.3046875},{""pid"":28136,""name"":""conhost.exe"",""cpu_percent"":0,""ws_mb"":8.6171875,""private_mb"":1.67578125},{""pid"":37148,""name"":""electron.exe"",""cpu_percent"":0,""ws_mb"":86.2109375,""private_mb"":39.0234375},{""pid"":35448,""name"":""conhost.exe"",""cpu_percent"":0,""ws_mb"":7.11328125,""private_mb"":1.22265625},{""pid"":20652,""name"":""cmd.exe"",""cpu_percent"":0,""ws_mb"":8.6953125,""private_mb"":4.50390625}]"
"2026-10-01T16:10:09.6564746Z","0.3887752","1.33967735939261","732.90234375","552.84765625","166","4012","11","","0","25.3333333333333","0.0625","5380;20652;21168;21240;22712;25380;28136;31824;35448;37148;40276","[{""pid"":22712,""name"":""electron.exe"",""cpu_percent"":0,""ws_mb"":38.765625,""private_mb"":13.0234375},{""pid"":31824,""name"":""electron.exe"",""cpu_percent"":0,""ws_mb"":241.66796875,""private_mb"":219.44921875},{""pid"":25380,""name"":""node.exe"",""cpu_percent"":0,""ws_mb"":64.8125,""private_mb"":70.3359375},{""pid"":21240,""name"":""electron.exe"",""cpu_percent"":0.3349193398481522,""ws_mb"":113.765625,""private_mb"":77.0625},{""pid"":5380,""name"":""cmd.exe"",""cpu_percent"":0,""ws_mb"":8.79296875,""private_mb"":4.6015625},{""pid"":40276,""name"":""node.exe"",""cpu_percent"":0,""ws_mb"":31.5234375,""private_mb"":19.515625},{""pid"":21168,""name"":""powershell.exe"",""cpu_percent"":1.0047580195444565,""ws_mb"":122.9375,""private_mb"":102.43359375},{""pid"":28136,""name"":""conhost.exe"",""cpu_percent"":0,""ws_mb"":8.6171875,""private_mb"":1.67578125},{""pid"":37148,""name"":""electron.exe"",""cpu_percent"":0,""ws_mb"":86.2109375,""private_mb"":39.0234375},{""pid"":35448,""name"":""conhost.exe"",""cpu_percent"":0,""ws_mb"":7.11328125,""private_mb"":1.22265625},{""pid"":20652,""name"":""cmd.exe"",""cpu_percent"":0,""ws_mb"":8.6953125,""private_mb"":4.50390625}]"
"2026-10-01T16:10:10.2343519Z","0.5778773","0.901287060996051","732.90234375","552.84765625","166","4445","11","","0","59.4594594594595","0.0625","5380;20652;21168;21240;22712;25380;28136;31824;35448;37148;40276","[{""pid"":22712,""name"":""electron.exe"",""cpu_percent"":0,""ws_mb"":38.765625,""private_mb"":13.0234375},{""pid"":31824,""name"":""electron.exe"",""cpu_percent"":0,""ws_mb"":241.66796875,""private_mb"":219.44921875},{""pid"":25380,""name"":""node.exe"",""cpu_percent"":0,""ws_mb"":64.8125,""private_mb"":70.3359375},{""pid"":21240,""name"":""electron.exe"",""cpu_percent"":0,""ws_mb"":113.765625,""private_mb"":77.0625},{""pid"":5380,""name"":""cmd.exe"",""cpu_percent"":0,""ws_mb"":8.79296875,""private_mb"":4.6015625},{""pid"":40276,""name"":""node.exe"",""cpu_percent"":0,""ws_mb"":31.5234375,""private_mb"":19.515625},{""pid"":21168,""name"":""powershell.exe"",""cpu_percent"":0.90128706099605127,""ws_mb"":122.9375,""private_mb"":102.43359375},{""pid"":28136,""name"":""conhost.exe"",""cpu_percent"":0,""ws_mb"":8.6171875,""private_mb"":1.67578125},{""pid"":37148,""name"":""electron.exe"",""cpu_percent"":0,""ws_mb"":86.2109375,""private_mb"":39.0234375},{""pid"":35448,""name"":""conhost.exe"",""cpu_percent"":0,""ws_mb"":7.11328125,""private_mb"":1.22265625},{""pid"":20652,""name"":""cmd.exe"",""cpu_percent"":0,""ws_mb"":8.6953125,""private_mb"":4.50390625}]"
"2026-10-01T16:10:10.7336188Z","0.4992669","2.86878955257532","732.90234375","552.84765625","166","3886","11","","0","40.625","0.171875","5380;20652;21168;21240;22712;25380;28136;31824;35448;37148;40276","[{""pid"":22712,""name"":""electron.exe"",""cpu_percent"":0,""ws_mb"":38.765625,""private_mb"":13.0234375},{""pid"":31824,""name"":""electron.exe"",""cpu_percent"":0,""ws_mb"":241.66796875,""private_mb"":219.44921875},{""pid"":25380,""name"":""node.exe"",""cpu_percent"":0,""ws_mb"":64.8125,""private_mb"":70.3359375},{""pid"":21240,""name"":""electron.exe"",""cpu_percent"":0,""ws_mb"":113.765625,""private_mb"":77.0625},{""pid"":5380,""name"":""cmd.exe"",""cpu_percent"":0,""ws_mb"":8.79296875,""private_mb"":4.6015625},{""pid"":40276,""name"":""node.exe"",""cpu_percent"":0,""ws_mb"":31.5234375,""private_mb"":19.515625},{""pid"":21168,""name"":""powershell.exe"",""cpu_percent"":2.8687895525753193,""ws_mb"":122.9375,""private_mb"":102.43359375},{""pid"":28136,""name"":""conhost.exe"",""cpu_percent"":0,""ws_mb"":8.6171875,""private_mb"":1.67578125},{""pid"":37148,""name"":""electron.exe"",""cpu_percent"":0,""ws_mb"":86.2109375,""private_mb"":39.0234375},{""pid"":35448,""name"":""conhost.exe"",""cpu_percent"":0,""ws_mb"":7.11328125,""private_mb"":1.22265625},{""pid"":20652,""name"":""cmd.exe"",""cpu_percent"":0,""ws_mb"":8.6953125,""private_mb"":4.50390625}]"
