"timestamp","interval_seconds","tree_cpu_percent","working_set_mb","private_mb","threads","handles","process_count","new_pids","spawn_count","machine_cpu_percent","tree_cpu_delta_seconds","tree_pids","per_process_json"
"2026-10-01T19:46:20.5691882Z","7.7657492","3.202497405745046","705.5546875","503.203125","224","4915","13","","0","100","2.984375","22776;31144;37108;39656;43264;44696;45388;45764;46504;46944;47448;48576;48788","[{""pid"":22776,""name"":""powershell.exe"",""cpu_percent"":1.1066221402050944,""ws_mb"":93.90234375,""private_mb"":68.7734375},{""pid"":45388,""name"":""electron.exe"",""cpu_percent"":0.1341360169945569,""ws_mb"":118.46875,""private_mb"":80.5234375},{""pid"":48576,""name"":""conhost.exe"",""cpu_percent"":0.0,""ws_mb"":7.6953125,""private_mb"":1.25390625},{""pid"":44696,""name"":""cmd.exe"",""cpu_percent"":0.0,""ws_mb"":8.55859375,""private_mb"":4.3515625},{""pid"":43264,""name"":""conhost.exe"",""cpu_percent"":0.0,""ws_mb"":7.7109375,""private_mb"":1.2890625},{""pid"":31144,""name"":""conhost.exe"",""cpu_percent"":0.0,""ws_mb"":10.03125,""private_mb"":1.71484375},{""pid"":46944,""name"":""electron.exe"",""cpu_percent"":0.033534004248639226,""ws_mb"":43,""private_mb"":13.76953125},{""pid"":47448,""name"":""node.exe"",""cpu_percent"":0.016767002124319613,""ws_mb"":36.86328125,""private_mb"":19.671875},{""pid"":45764,""name"":""cmd.exe"",""cpu_percent"":0.0,""ws_mb"":8.90234375,""private_mb"":6.76953125},{""pid"":39656,""name"":""electron.exe"",""cpu_percent"":0.3185730403620727,""ws_mb"":87.42578125,""private_mb"":42.796875},{""pid"":37108,""name"":""electron.exe"",""cpu_percent"":0.08383501062159807,""ws_mb"":123.5625,""private_mb"":118.48828125},{""pid"":46504,""name"":""powershell.exe"",""cpu_percent"":1.5090301911887651,""ws_mb"":94.5546875,""private_mb"":74.01953125},{""pid"":48788,""name"":""node.exe"",""cpu_percent"":0.0,""ws_mb"":64.87890625,""private_mb"":69.78125}]"
"2026-10-01T19:46:25.4468878Z","4.8776996","4.431306785135627","703.91015625","501.0390625","223","5801","13","","0","84.13461538461539","2.59375","22776;31144;37108;39656;43264;44696;45388;45764;46504;46944;47448;48576;48788","[{""pid"":22776,""name"":""powershell.exe"",""cpu_percent"":1.6016771512538412,""ws_mb"":94.19921875,""private_mb"":69.16015625},{""pid"":45388,""name"":""electron.exe"",""cpu_percent"":0.08008385756269205,""ws_mb"":121.41796875,""private_mb"":83.69140625},{""pid"":48576,""name"":""conhost.exe"",""cpu_percent"":0.0,""ws_mb"":7.6953125,""private_mb"":1.25390625},{""pid"":44696,""name"":""cmd.exe"",""cpu_percent"":0.0,""ws_mb"":8.55859375,""private_mb"":4.3515625},{""pid"":43264,""name"":""conhost.exe"",""cpu_percent"":0.0,""ws_mb"":7.7109375,""private_mb"":1.2890625},{""pid"":31144,""name"":""conhost.exe"",""cpu_percent"":0.0,""ws_mb"":10.03125,""private_mb"":1.71484375},{""pid"":46944,""name"":""electron.exe"",""cpu_percent"":0.08008385756269205,""ws_mb"":43,""private_mb"":13.76953125},{""pid"":47448,""name"":""node.exe"",""cpu_percent"":0.0,""ws_mb"":36.86328125,""private_mb"":19.671875},{""pid"":45764,""name"":""cmd.exe"",""cpu_percent"":0.0,""ws_mb"":8.90234375,""private_mb"":6.76953125},{""pid"":39656,""name"":""electron.exe"",""cpu_percent"":0.08008385756269205,""ws_mb"":88.07421875,""private_mb"":43.140625},{""pid"":37108,""name"":""electron.exe"",""cpu_percent"":0.18686233431294813,""ws_mb"":107.46484375,""private_mb"":102.33203125},{""pid"":46504,""name"":""powershell.exe"",""cpu_percent"":2.4025157268807615,""ws_mb"":105.11328125,""private_mb"":84.11328125},{""pid"":48788,""name"":""node.exe"",""cpu_percent"":0.0,""ws_mb"":64.87890625,""private_mb"":69.78125}]"
"2026-10-01T19:46:30.3777585Z","4.9308707","2.957557441798937","616.05859375","444.37109375","188","4749","11","","0","93.85548523206751","1.75","31144;37108;39656;43264;44696;45388;45764;46504;46944;47448;48788","[{""pid"":44696,""name"":""cmd.exe"",""cpu_percent"":0.0,""ws_mb"":8.55859375,""private_mb"":4.3515625},{""pid"":45764,""name"":""cmd.exe"",""cpu_percent"":0.0,""ws_mb"":8.90234375,""private_mb"":6.76953125},{""pid"":47448,""name"":""node.exe"",""cpu_percent"":0.0,""ws_mb"":36.84765625,""private_mb"":19.640625},{""pid"":39656,""name"":""electron.exe"",""cpu_percent"":0.21125410298563835,""ws_mb"":88.73828125,""private_mb"":43.6796875},{""pid"":37108,""name"":""electron.exe"",""cpu_percent"":0.21125410298563835,""ws_mb"":107.48046875,""private_mb"":102.33984375},{""pid"":46944,""name"":""electron.exe"",""cpu_percent"":0.0,""ws_mb"":43.00390625,""private_mb"":13.7734375},{""pid"":48788,""name"":""node.exe"",""cpu_percent"":0.0,""ws_mb"":64.87890625,""private_mb"":69.78125},{""pid"":31144,""name"":""conhost.exe"",""cpu_percent"":0.0,""ws_mb"":10.03125,""private_mb"":1.71484375},{""pid"":45388,""name"":""electron.exe"",""cpu_percent"":0.13203381436602396,""ws_mb"":125.14453125,""private_mb"":87.703125},{""pid"":46504,""name"":""powershell.exe"",""cpu_percent"":2.403015421461636,""ws_mb"":114.76171875,""private_mb"":93.328125},{""pid"":43264,""name"":""conhost.exe"",""cpu_percent"":0.0,""ws_mb"":7.7109375,""private_mb"":1.2890625}]"
"2026-10-01T19:46:36.0415152Z","5.6637567","2.4599029239138512","596.28125","421.9296875","191","4183","11","","0","83.22610294117646","1.671875","31144;37108;39656;43264;44696;45388;45764;46504;46944;47448;48788","[{""pid"":44696,""name"":""cmd.exe"",""cpu_percent"":0.0,""ws_mb"":8.55859375,""private_mb"":4.3515625},{""pid"":45764,""name"":""cmd.exe"",""cpu_percent"":0.0,""ws_mb"":8.90234375,""private_mb"":6.76953125},{""pid"":47448,""name"":""node.exe"",""cpu_percent"":0.0,""ws_mb"":36.84765625,""private_mb"":19.640625},{""pid"":39656,""name"":""electron.exe"",""cpu_percent"":0.3218564573345226,""ws_mb"":88.65234375,""private_mb"":42.2265625},{""pid"":37108,""name"":""electron.exe"",""cpu_percent"":0.2528872164771249,""ws_mb"":108.49609375,""private_mb"":103.34375},{""pid"":46944,""name"":""electron.exe"",""cpu_percent"":0.0459794939049318,""ws_mb"":43.08203125,""private_mb"":13.77734375},{""pid"":48788,""name"":""node.exe"",""cpu_percent"":0.0,""ws_mb"":64.87890625,""private_mb"":69.78125},{""pid"":31144,""name"":""conhost.exe"",""cpu_percent"":0.0,""ws_mb"":10.03125,""private_mb"":1.71484375},{""pid"":45388,""name"":""electron.exe"",""cpu_percent"":0.1839179756197272,""ws_mb"":116.3203125,""private_mb"":77.45703125},{""pid"":46504,""name"":""powershell.exe"",""cpu_percent"":1.655261780577545,""ws_mb"":102.80078125,""private_mb"":81.578125},{""pid"":43264,""name"":""conhost.exe"",""cpu_percent"":0.0,""ws_mb"":7.7109375,""private_mb"":1.2890625}]"
"2026-10-01T19:46:41.1412137Z","5.0996985","2.400060186564624","606.2734375","431.60546875","188","4177","11","","0","99.79570990806945","1.46875","31144;37108;39656;43264;44696;45388;45764;46504;46944;47448;48788","[{""pid"":44696,""name"":""cmd.exe"",""cpu_percent"":0.0,""ws_mb"":8.55859375,""private_mb"":4.3515625},{""pid"":45764,""name"":""cmd.exe"",""cpu_percent"":0.0,""ws_mb"":8.90234375,""private_mb"":6.76953125},{""pid"":47448,""name"":""node.exe"",""cpu_percent"":0.0,""ws_mb"":36.84765625,""private_mb"":19.640625},{""pid"":39656,""name"":""electron.exe"",""cpu_percent"":0.30639066211463284,""ws_mb"":88.68359375,""private_mb"":42.26171875},{""pid"":37108,""name"":""electron.exe"",""cpu_percent"":0.22979299658597463,""ws_mb"":109.46484375,""private_mb"":104.33203125},{""pid"":46944,""name"":""electron.exe"",""cpu_percent"":0.0,""ws_mb"":43.0859375,""private_mb"":13.77734375},{""pid"":48788,""name"":""node.exe"",""cpu_percent"":0.0,""ws_mb"":64.87890625,""private_mb"":69.78125},{""pid"":31144,""name"":""conhost.exe"",""cpu_percent"":0.0,""ws_mb"":10.03125,""private_mb"":1.71484375},{""pid"":45388,""name"":""electron.exe"",""cpu_percent"":0.025532555176219406,""ws_mb"":115.96484375,""private_mb"":76.828125},{""pid"":46504,""name"":""powershell.exe"",""cpu_percent"":1.838343972687797,""ws_mb"":112.14453125,""private_mb"":90.859375},{""pid"":43264,""name"":""conhost.exe"",""cpu_percent"":0.0,""ws_mb"":7.7109375,""private_mb"":1.2890625}]"
"2026-10-01T19:46:45.2768135Z","4.1355998","2.676203904771766","606.07421875","431.046875","185","4147","11","","0","88.30188679245283","1.328125","31144;37108;39656;43264;44696;45388;45764;46504;46944;47448;48788","[{""pid"":44696,""name"":""cmd.exe"",""cpu_percent"":0.0,""ws_mb"":8.55859375,""private_mb"":4.3515625},{""pid"":45764,""name"":""cmd.exe"",""cpu_percent"":0.0,""ws_mb"":8.90234375,""private_mb"":6.76953125},{""pid"":47448,""name"":""node.exe"",""cpu_percent"":0.0,""ws_mb"":36.84765625,""private_mb"":19.640625},{""pid"":39656,""name"":""electron.exe"",""cpu_percent"":0.2833627663875988,""ws_mb"":87.98828125,""private_mb"":41.31640625},{""pid"":37108,""name"":""electron.exe"",""cpu_percent"":0.25187801456675446,""ws_mb"":108.42578125,""private_mb"":103.29296875},{""pid"":46944,""name"":""electron.exe"",""cpu_percent"":0.06296950364168862,""ws_mb"":43.0703125,""private_mb"":13.65625},{""pid"":48788,""name"":""node.exe"",""cpu_percent"":0.0,""ws_mb"":64.8515625,""private_mb"":69.71875},{""pid"":31144,""name"":""conhost.exe"",""cpu_percent"":0.0,""ws_mb"":10.01171875,""private_mb"":1.6796875},{""pid"":45388,""name"":""electron.exe"",""cpu_percent"":0.06296950364168862,""ws_mb"":115.86328125,""private_mb"":76.734375},{""pid"":46504,""name"":""powershell.exe"",""cpu_percent"":2.0150241165340357,""ws_mb"":113.84375,""private_mb"":92.59765625},{""pid"":43264,""name"":""conhost.exe"",""cpu_percent"":0.0,""ws_mb"":7.7109375,""private_mb"":1.2890625}]"
"2026-10-01T19:46:50.3554640Z","5.0786505","2.3843686428117077","610.40234375","435.3828125","183","4061","11","","0","75.8974358974359","1.453125","31144;37108;39656;43264;44696;45388;45764;46504;46944;47448;48788","[{""pid"":44696,""name"":""cmd.exe"",""cpu_percent"":0.0,""ws_mb"":8.55859375,""private_mb"":4.3515625},{""pid"":45764,""name"":""cmd.exe"",""cpu_percent"":0.0,""ws_mb"":8.90234375,""private_mb"":6.76953125},{""pid"":47448,""name"":""node.exe"",""cpu_percent"":0.0,""ws_mb"":36.84765625,""private_mb"":19.640625},{""pid"":39656,""name"":""electron.exe"",""cpu_percent"":0.20510698002681355,""ws_mb"":88.13671875,""private_mb"":41.37109375},{""pid"":37108,""name"":""electron.exe"",""cpu_percent"":0.051276745006703386,""ws_mb"":108.4296875,""private_mb"":103.29296875},{""pid"":46944,""name"":""electron.exe"",""cpu_percent"":0.051276745006703386,""ws_mb"":43.0703125,""private_mb"":13.65625},{""pid"":48788,""name"":""node.exe"",""cpu_percent"":0.0,""ws_mb"":64.8515625,""private_mb"":69.71875},{""pid"":31144,""name"":""conhost.exe"",""cpu_percent"":0.0,""ws_mb"":10.01171875,""private_mb"":1.6796875},{""pid"":45388,""name"":""electron.exe"",""cpu_percent"":0.051276745006703386,""ws_mb"":117.48828125,""private_mb"":78.55859375},{""pid"":46504,""name"":""powershell.exe"",""cpu_percent"":2.025431427764784,""ws_mb"":116.39453125,""private_mb"":95.0546875},{""pid"":43264,""name"":""conhost.exe"",""cpu_percent"":0.0,""ws_mb"":7.7109375,""private_mb"":1.2890625}]"
"2026-10-01T19:46:55.3853202Z","5.0298562","2.640483042040049","621.75390625","446.4296875","179","4630","11","","0","77.20664589823468","1.59375","31144;37108;39656;43264;44696;45388;45764;46504;46944;47448;48788","[{""pid"":44696,""name"":""cmd.exe"",""cpu_percent"":0.0,""ws_mb"":8.55859375,""private_mb"":4.3515625},{""pid"":45764,""name"":""cmd.exe"",""cpu_percent"":0.0,""ws_mb"":8.90234375,""private_mb"":6.76953125},{""pid"":47448,""name"":""node.exe"",""cpu_percent"":0.0,""ws_mb"":36.84765625,""private_mb"":19.640625},{""pid"":39656,""name"":""electron.exe"",""cpu_percent"":0.15532253188470876,""ws_mb"":88.30078125,""private_mb"":41.515625},{""pid"":37108,""name"":""electron.exe"",""cpu_percent"":0.15532253188470876,""ws_mb"":108.43359375,""private_mb"":103.29296875},{""pid"":46944,""name"":""electron.exe"",""cpu_percent"":0.05177417729490292,""ws_mb"":43.0703125,""private_mb"":13.65625},{""pid"":48788,""name"":""node.exe"",""cpu_percent"":0.0,""ws_mb"":64.8515625,""private_mb"":69.71875},{""pid"":31144,""name"":""conhost.exe"",""cpu_percent"":0.0,""ws_mb"":10.01171875,""private_mb"":1.6796875},{""pid"":45388,""name"":""electron.exe"",""cpu_percent"":0.10354835458980584,""ws_mb"":115.96875,""private_mb"":76.80859375},{""pid"":46504,""name"":""powershell.exe"",""cpu_percent"":2.1745154463859224,""ws_mb"":129.09765625,""private_mb"":107.70703125},{""pid"":43264,""name"":""conhost.exe"",""cpu_percent"":0.0,""ws_mb"":7.7109375,""private_mb"":1.2890625}]"
"2026-10-01T19:47:00.2933103Z","4.9079901","2.0958596337293613","620.75","443.3046875","175","4217","11","","0","75.15873015873017","1.234375","31144;37108;39656;43264;44696;45388;45764;46504;46944;47448;48788","[{""pid"":44696,""name"":""cmd.exe"",""cpu_percent"":0.0,""ws_mb"":8.55859375,""private_mb"":4.3515625},{""pid"":45764,""name"":""cmd.exe"",""cpu_percent"":0.0,""ws_mb"":8.875,""private_mb"":4.7578125},{""pid"":47448,""name"":""node.exe"",""cpu_percent"":0.0,""ws_mb"":36.8203125,""private_mb"":19.58203125},{""pid"":39656,""name"":""electron.exe"",""cpu_percent"":0.26529868781384325,""ws_mb"":88.50390625,""private_mb"":41.66796875},{""pid"":37108,""name"":""electron.exe"",""cpu_percent"":0.13264934390692162,""ws_mb"":108.44140625,""private_mb"":103.296875},{""pid"":46944,""name"":""electron.exe"",""cpu_percent"":0.0,""ws_mb"":43.06640625,""private_mb"":13.65234375},{""pid"":48788,""name"":""node.exe"",""cpu_percent"":0.0,""ws_mb"":64.8515625,""private_mb"":69.71875},{""pid"":31144,""name"":""conhost.exe"",""cpu_percent"":0.0,""ws_mb"":10.01171875,""private_mb"":1.6796875},{""pid"":45388,""name"":""electron.exe"",""cpu_percent"":0.05305973756276865,""ws_mb"":116.78125,""private_mb"":77.578125},{""pid"":46504,""name"":""powershell.exe"",""cpu_percent"":1.644851864445828,""ws_mb"":127.12890625,""private_mb"":105.73046875},{""pid"":43264,""name"":""conhost.exe"",""cpu_percent"":0.0,""ws_mb"":7.7109375,""private_mb"":1.2890625}]"
"2026-10-01T19:47:05.3549927Z","5.0616824","3.164091251556992","618.76171875","441.17578125","166","4090","11","","0","73.91975308641975","1.921875","31144;37108;39656;43264;44696;45388;45764;46504;46944;47448;48788","[{""pid"":44696,""name"":""cmd.exe"",""cpu_percent"":0.0,""ws_mb"":8.55859375,""private_mb"":4.3515625},{""pid"":45764,""name"":""cmd.exe"",""cpu_percent"":0.0,""ws_mb"":8.875,""private_mb"":4.7578125},{""pid"":47448,""name"":""node.exe"",""cpu_percent"":0.0,""ws_mb"":36.8203125,""private_mb"":19.58203125},{""pid"":39656,""name"":""electron.exe"",""cpu_percent"":0.2572431911834953,""ws_mb"":86.50390625,""private_mb"":39.65234375},{""pid"":37108,""name"":""electron.exe"",""cpu_percent"":0.2572431911834953,""ws_mb"":107.14453125,""private_mb"":102.08203125},{""pid"":46944,""name"":""electron.exe"",""cpu_percent"":0.0,""ws_mb"":42.8515625,""private_mb"":13.359375},{""pid"":48788,""name"":""node.exe"",""cpu_percent"":0.0,""ws_mb"":64.8515625,""private_mb"":69.71875},{""pid"":31144,""name"":""conhost.exe"",""cpu_percent"":0.0,""ws_mb"":10.01171875,""private_mb"":1.6796875},{""pid"":45388,""name"":""electron.exe"",""cpu_percent"":0.07717295735504859,""ws_mb"":115.390625,""private_mb"":76.1015625},{""pid"":46504,""name"":""powershell.exe"",""cpu_percent"":2.5724319118349532,""ws_mb"":130.078125,""private_mb"":108.671875},{""pid"":43264,""name"":""conhost.exe"",""cpu_percent"":0.0,""ws_mb"":7.67578125,""private_mb"":1.21875}]"
"2026-10-01T19:47:10.2770222Z","4.9220295","3.280320309606705","622.296875","444.66015625","165","4965","11","","0","74.84126984126983","1.9375","31144;37108;39656;43264;44696;45388;45764;46504;46944;47448;48788","[{""pid"":44696,""name"":""cmd.exe"",""cpu_percent"":0.0,""ws_mb"":8.55859375,""private_mb"":4.3515625},{""pid"":45764,""name"":""cmd.exe"",""cpu_percent"":0.0,""ws_mb"":8.875,""private_mb"":4.7578125},{""pid"":47448,""name"":""node.exe"",""cpu_percent"":0.0,""ws_mb"":36.8203125,""private_mb"":19.58203125},{""pid"":39656,""name"":""electron.exe"",""cpu_percent"":0.44972133276866116,""ws_mb"":86.546875,""private_mb"":39.65234375},{""pid"":37108,""name"":""electron.exe"",""cpu_percent"":0.2116335683617229,""ws_mb"":107.12109375,""private_mb"":102.06640625},{""pid"":46944,""name"":""electron.exe"",""cpu_percent"":0.026454196045215362,""ws_mb"":42.82421875,""private_mb"":13.33203125},{""pid"":48788,""name"":""node.exe"",""cpu_percent"":0.0,""ws_mb"":64.8515625,""private_mb"":69.71875},{""pid"":31144,""name"":""conhost.exe"",""cpu_percent"":0.0,""ws_mb"":10.01171875,""private_mb"":1.6796875},{""pid"":45388,""name"":""electron.exe"",""cpu_percent"":0.15872517627129218,""ws_mb"":116.62109375,""private_mb"":77.34375},{""pid"":46504,""name"":""powershell.exe"",""cpu_percent"":2.4337860361598134,""ws_mb"":132.390625,""private_mb"":110.95703125},{""pid"":43264,""name"":""conhost.exe"",""cpu_percent"":0.0,""ws_mb"":7.67578125,""private_mb"":1.21875}]"
"2026-10-01T19:47:15.4639896Z","5.1869674","3.112769386854703","622.9375","445.27734375","165","4524","11","","0","77.59919638372678","1.9375","31144;37108;39656;43264;44696;45388;45764;46504;46944;47448;48788","[{""pid"":44696,""name"":""cmd.exe"",""cpu_percent"":0.0,""ws_mb"":8.55859375,""private_mb"":4.3515625},{""pid"":45764,""name"":""cmd.exe"",""cpu_percent"":0.0,""ws_mb"":8.875,""private_mb"":4.7578125},{""pid"":47448,""name"":""node.exe"",""cpu_percent"":0.0,""ws_mb"":36.8203125,""private_mb"":19.58203125},{""pid"":39656,""name"":""electron.exe"",""cpu_percent"":0.40164766281996167,""ws_mb"":86.83984375,""private_mb"":39.9609375},{""pid"":37108,""name"":""electron.exe"",""cpu_percent"":0.15061787355748563,""ws_mb"":107.05859375,""private_mb"":102.0078125},{""pid"":46944,""name"":""electron.exe"",""cpu_percent"":0.0,""ws_mb"":42.83984375,""private_mb"":13.3125},{""pid"":48788,""name"":""node.exe"",""cpu_percent"":0.0,""ws_mb"":64.8515625,""private_mb"":69.71875},{""pid"":31144,""name"":""conhost.exe"",""cpu_percent"":0.0,""ws_mb"":10.01171875,""private_mb"":1.6796875},{""pid"":45388,""name"":""electron.exe"",""cpu_percent"":0.20082383140998084,""ws_mb"":114.5859375,""private_mb"":75.28515625},{""pid"":46504,""name"":""powershell.exe"",""cpu_percent"":2.359680019067275,""ws_mb"":134.8203125,""private_mb"":113.40234375},{""pid"":43264,""name"":""conhost.exe"",""cpu_percent"":0.0,""ws_mb"":7.67578125,""private_mb"":1.21875}]"
"2026-10-01T19:47:20.3632928Z","4.8993032","2.6045370424648686","625.9453125","448.2265625","166","4360","11","","0","82.83661522086216","1.53125","31144;37108;39656;43264;44696;45388;45764;46504;46944;47448;48788","[{""pid"":44696,""name"":""cmd.exe"",""cpu_percent"":0.0,""ws_mb"":8.55859375,""private_mb"":4.3515625},{""pid"":45764,""name"":""cmd.exe"",""cpu_percent"":0.0,""ws_mb"":8.875,""private_mb"":4.7578125},{""pid"":47448,""name"":""node.exe"",""cpu_percent"":0.0,""ws_mb"":36.8203125,""private_mb"":19.58203125},{""pid"":39656,""name"":""electron.exe"",""cpu_percent"":0.3986536289487044,""ws_mb"":87.25,""private_mb"":40.2578125},{""pid"":37108,""name"":""electron.exe"",""cpu_percent"":0.2657690859658029,""ws_mb"":107.0703125,""private_mb"":102.01953125},{""pid"":46944,""name"":""electron.exe"",""cpu_percent"":0.026576908596580292,""ws_mb"":42.83984375,""private_mb"":13.3125},{""pid"":48788,""name"":""node.exe"",""cpu_percent"":0.0,""ws_mb"":64.8515625,""private_mb"":69.71875},{""pid"":31144,""name"":""conhost.exe"",""cpu_percent"":0.0,""ws_mb"":10.01171875,""private_mb"":1.6796875},{""pid"":45388,""name"":""electron.exe"",""cpu_percent"":0.0,""ws_mb"":115.49609375,""private_mb"":76.25390625},{""pid"":46504,""name"":""powershell.exe"",""cpu_percent"":1.9135374189537808,""ws_mb"":136.49609375,""private_mb"":115.07421875},{""pid"":43264,""name"":""conhost.exe"",""cpu_percent"":0.0,""ws_mb"":7.67578125,""private_mb"":1.21875}]"
"2026-10-01T19:47:25.3323571Z","4.9690643","3.144455184449917","609.05859375","431.56640625","165","4089","11","","0","86.29454926624737","1.875","31144;37108;39656;43264;44696;45388;45764;46504;46944;47448;48788","[{""pid"":44696,""name"":""cmd.exe"",""cpu_percent"":0.0,""ws_mb"":8.55859375,""private_mb"":4.3515625},{""pid"":45764,""name"":""cmd.exe"",""cpu_percent"":0.0,""ws_mb"":8.875,""private_mb"":4.7578125},{""pid"":47448,""name"":""node.exe"",""cpu_percent"":0.0,""ws_mb"":36.8203125,""private_mb"":19.58203125},{""pid"":39656,""name"":""electron.exe"",""cpu_percent"":0.3930568980562396,""ws_mb"":87.66796875,""private_mb"":40.98828125},{""pid"":37108,""name"":""electron.exe"",""cpu_percent"":0.10481517281499723,""ws_mb"":107.05859375,""private_mb"":102.0078125},{""pid"":46944,""name"":""electron.exe"",""cpu_percent"":0.0,""ws_mb"":42.83984375,""private_mb"":13.3125},{""pid"":48788,""name"":""node.exe"",""cpu_percent"":0.0,""ws_mb"":64.8515625,""private_mb"":69.71875},{""pid"":31144,""name"":""conhost.exe"",""cpu_percent"":0.0,""ws_mb"":10.01171875,""private_mb"":1.6796875},{""pid"":45388,""name"":""electron.exe"",""cpu_percent"":0.02620379320374931,""ws_mb"":115.4296875,""private_mb"":76.16796875},{""pid"":46504,""name"":""powershell.exe"",""cpu_percent"":2.620379320374931,""ws_mb"":119.26953125,""private_mb"":97.78125},{""pid"":43264,""name"":""conhost.exe"",""cpu_percent"":0.0,""ws_mb"":7.67578125,""private_mb"":1.21875}]"
"2026-10-01T19:47:30.3773677Z","5.0450106","3.148738015865946","619.87890625","442.2734375","165","4571","11","","0","81.37254901960785","1.90625","31144;37108;39656;43264;44696;45388;45764;46504;46944;47448;48788","[{""pid"":44696,""name"":""cmd.exe"",""cpu_percent"":0.0,""ws_mb"":8.55859375,""private_mb"":4.3515625},{""pid"":45764,""name"":""cmd.exe"",""cpu_percent"":0.0,""ws_mb"":8.875,""private_mb"":4.7578125},{""pid"":47448,""name"":""node.exe"",""cpu_percent"":0.0,""ws_mb"":36.8203125,""private_mb"":19.58203125},{""pid"":39656,""name"":""electron.exe"",""cpu_percent"":0.41294924798241917,""ws_mb"":88.3203125,""private_mb"":41.53515625},{""pid"":37108,""name"":""electron.exe"",""cpu_percent"":0.20647462399120958,""ws_mb"":108.14453125,""private_mb"":103.078125},{""pid"":46944,""name"":""electron.exe"",""cpu_percent"":0.051618655997802396,""ws_mb"":42.83984375,""private_mb"":13.3125},{""pid"":48788,""name"":""node.exe"",""cpu_percent"":0.0,""ws_mb"":64.8515625,""private_mb"":69.71875},{""pid"":31144,""name"":""conhost.exe"",""cpu_percent"":0.0,""ws_mb"":10.01171875,""private_mb"":1.6796875},{""pid"":45388,""name"":""electron.exe"",""cpu_percent"":0.10323731199560479,""ws_mb"":114.8203125,""private_mb"":75.4921875},{""pid"":46504,""name"":""powershell.exe"",""cpu_percent"":2.3744581758989103,""ws_mb"":128.9609375,""private_mb"":107.546875},{""pid"":43264,""name"":""conhost.exe"",""cpu_percent"":0.0,""ws_mb"":7.67578125,""private_mb"":1.21875}]"
"2026-10-01T19:47:35.2901515Z","4.9127838","3.04795792832026","625.3359375","447.8046875","166","4902","11","","0","62.4203821656051","1.796875","31144;37108;39656;43264;44696;45388;45764;46504;46944;47448;48788","[{""pid"":44696,""name"":""cmd.exe"",""cpu_percent"":0.0,""ws_mb"":8.55859375,""private_mb"":4.3515625},{""pid"":45764,""name"":""cmd.exe"",""cpu_percent"":0.0,""ws_mb"":8.875,""private_mb"":4.7578125},{""pid"":47448,""name"":""node.exe"",""cpu_percent"":0.0,""ws_mb"":36.8203125,""private_mb"":19.58203125},{""pid"":39656,""name"":""electron.exe"",""cpu_percent"":0.47707167573708414,""ws_mb"":88.953125,""private_mb"":42.25390625},{""pid"":37108,""name"":""electron.exe"",""cpu_percent"":0.31804778382472276,""ws_mb"":107.109375,""private_mb"":102.04296875},{""pid"":46944,""name"":""electron.exe"",""cpu_percent"":0.026503981985393565,""ws_mb"":42.83984375,""private_mb"":13.3125},{""pid"":48788,""name"":""node.exe"",""cpu_percent"":0.0,""ws_mb"":64.8515625,""private_mb"":69.71875},{""pid"":31144,""name"":""conhost.exe"",""cpu_percent"":0.0,""ws_mb"":10.01171875,""private_mb"":1.6796875},{""pid"":45388,""name"":""electron.exe"",""cpu_percent"":0.13251990992696783,""ws_mb"":114.625,""private_mb"":75.31640625},{""pid"":46504,""name"":""powershell.exe"",""cpu_percent"":2.0938145768460914,""ws_mb"":135.015625,""private_mb"":113.5703125},{""pid"":43264,""name"":""conhost.exe"",""cpu_percent"":0.0,""ws_mb"":7.67578125,""private_mb"":1.21875}]"
"2026-10-01T19:47:40.2875000Z","4.9973485","2.1104941950716465","629.859375","452.17578125","165","4512","11","","0","80.98958333333333","1.265625","31144;37108;39656;43264;44696;45388;45764;46504;46944;47448;48788","[{""pid"":44696,""name"":""cmd.exe"",""cpu_percent"":0.0,""ws_mb"":8.55859375,""private_mb"":4.3515625},{""pid"":45764,""name"":""cmd.exe"",""cpu_percent"":0.0,""ws_mb"":8.875,""private_mb"":4.7578125},{""pid"":47448,""name"":""node.exe"",""cpu_percent"":0.0,""ws_mb"":36.8203125,""private_mb"":19.58203125},{""pid"":39656,""name"":""electron.exe"",""cpu_percent"":0.20844387111818732,""ws_mb"":89.609375,""private_mb"":42.73828125},{""pid"":37108,""name"":""electron.exe"",""cpu_percent"":0.15633290333864047,""ws_mb"":107.12109375,""private_mb"":102.0546875},{""pid"":46944,""name"":""electron.exe"",""cpu_percent"":0.026055483889773415,""ws_mb"":42.83984375,""private_mb"":13.3125},{""pid"":48788,""name"":""node.exe"",""cpu_percent"":0.0,""ws_mb"":64.8515625,""private_mb"":69.71875},{""pid"":31144,""name"":""conhost.exe"",""cpu_percent"":0.0,""ws_mb"":10.01171875,""private_mb"":1.6796875},{""pid"":45388,""name"":""electron.exe"",""cpu_percent"":0.13027741944886706,""ws_mb"":115.0546875,""private_mb"":75.7734375},{""pid"":46504,""name"":""powershell.exe"",""cpu_percent"":1.5893845172761782,""ws_mb"":138.44140625,""private_mb"":116.98828125},{""pid"":43264,""name"":""conhost.exe"",""cpu_percent"":0.0,""ws_mb"":7.67578125,""private_mb"":1.21875}]"
"2026-10-01T19:47:45.3311199Z","5.0436199","2.736543119225406","629.92578125","452.55859375","165","3882","11","","0","91.51186790505676","1.65625","31144;37108;39656;43264;44696;45388;45764;46504;46944;47448;48788","[{""pid"":44696,""name"":""cmd.exe"",""cpu_percent"":0.0,""ws_mb"":8.55859375,""private_mb"":4.3515625},{""pid"":45764,""name"":""cmd.exe"",""cpu_percent"":0.0,""ws_mb"":8.875,""private_mb"":4.7578125},{""pid"":47448,""name"":""node.exe"",""cpu_percent"":0.0,""ws_mb"":36.8203125,""private_mb"":19.58203125},{""pid"":39656,""name"":""electron.exe"",""cpu_percent"":0.41306311233591037,""ws_mb"":90.19140625,""private_mb"":43.69921875},{""pid"":37108,""name"":""electron.exe"",""cpu_percent"":0.20653155616795518,""ws_mb"":107.125,""private_mb"":102.0546875},{""pid"":46944,""name"":""electron.exe"",""cpu_percent"":0.0,""ws_mb"":42.859375,""private_mb"":13.33203125},{""pid"":48788,""name"":""node.exe"",""cpu_percent"":0.0,""ws_mb"":64.8515625,""private_mb"":69.71875},{""pid"":31144,""name"":""conhost.exe"",""cpu_percent"":0.0,""ws_mb"":10.01171875,""private_mb"":1.6796875},{""pid"":45388,""name"":""electron.exe"",""cpu_percent"":0.051632889041988796,""ws_mb"":114.515625,""private_mb"":75.17578125},{""pid"":46504,""name"":""powershell.exe"",""cpu_percent"":2.0653155616795518,""ws_mb"":138.44140625,""private_mb"":116.98828125},{""pid"":43264,""name"":""conhost.exe"",""cpu_percent"":0.0,""ws_mb"":7.67578125,""private_mb"":1.21875}]"
"2026-10-01T19:47:50.5003371Z","5.1692172","3.1738364563206978","638.26171875","460.796875","166","3889","11","","0","82.07452165156093","1.96875","31144;37108;39656;43264;44696;45388;45764;46504;46944;47448;48788","[{""pid"":44696,""name"":""cmd.exe"",""cpu_percent"":0.0,""ws_mb"":8.55859375,""private_mb"":4.3515625},{""pid"":45764,""name"":""cmd.exe"",""cpu_percent"":0.0,""ws_mb"":8.875,""private_mb"":4.7578125},{""pid"":47448,""name"":""node.exe"",""cpu_percent"":0.0,""ws_mb"":36.8203125,""private_mb"":19.58203125},{""pid"":39656,""name"":""electron.exe"",""cpu_percent"":0.4282160298210465,""ws_mb"":90.84765625,""private_mb"":44.18359375},{""pid"":37108,""name"":""electron.exe"",""cpu_percent"":0.25189178224767445,""ws_mb"":107.12109375,""private_mb"":102.0546875},{""pid"":46944,""name"":""electron.exe"",""cpu_percent"":0.02518917822476744,""ws_mb"":42.84375,""private_mb"":13.3125},{""pid"":48788,""name"":""node.exe"",""cpu_percent"":0.0,""ws_mb"":64.8515625,""private_mb"":69.71875},{""pid"":31144,""name"":""conhost.exe"",""cpu_percent"":0.0,""ws_mb"":10.01171875,""private_mb"":1.6796875},{""pid"":45388,""name"":""electron.exe"",""cpu_percent"":0.07556753467430233,""ws_mb"":115.3203125,""private_mb"":76.015625},{""pid"":46504,""name"":""powershell.exe"",""cpu_percent"":2.392971931352907,""ws_mb"":145.3359375,""private_mb"":123.921875},{""pid"":43264,""name"":""conhost.exe"",""cpu_percent"":0.0,""ws_mb"":7.67578125,""private_mb"":1.21875}]"
"2026-10-01T19:47:55.4813658Z","4.9810287","2.143549852128604","613.30078125","435.95703125","165","4082","11","","0","96.9435736677116","1.28125","31144;37108;39656;43264;44696;45388;45764;46504;46944;47448;48788","[{""pid"":44696,""name"":""cmd.exe"",""cpu_percent"":0.0,""ws_mb"":8.55859375,""private_mb"":4.3515625},{""pid"":45764,""name"":""cmd.exe"",""cpu_percent"":0.0,""ws_mb"":8.875,""private_mb"":4.7578125},{""pid"":47448,""name"":""node.exe"",""cpu_percent"":0.0,""ws_mb"":36.8203125,""private_mb"":19.58203125},{""pid"":39656,""name"":""electron.exe"",""cpu_percent"":0.15684511113136126,""ws_mb"":91.17578125,""private_mb"":44.703125},{""pid"":37108,""name"":""electron.exe"",""cpu_percent"":0.2875493704074956,""ws_mb"":107.29296875,""private_mb"":102.23046875},{""pid"":46944,""name"":""electron.exe"",""cpu_percent"":0.05228170371045375,""ws_mb"":42.84375,""private_mb"":13.3125},{""pid"":48788,""name"":""node.exe"",""cpu_percent"":0.0,""ws_mb"":64.8515625,""private_mb"":69.71875},{""pid"":31144,""name"":""conhost.exe"",""cpu_percent"":0.0,""ws_mb"":10.01171875,""private_mb"":1.6796875},{""pid"":45388,""name"":""electron.exe"",""cpu_percent"":0.15684511113136126,""ws_mb"":114.8359375,""private_mb"":75.5234375},{""pid"":46504,""name"":""powershell.exe"",""cpu_percent"":1.490028555747932,""ws_mb"":120.359375,""private_mb"":98.87890625},{""pid"":43264,""name"":""conhost.exe"",""cpu_percent"":0.0,""ws_mb"":7.67578125,""private_mb"":1.21875}]"
"2026-10-01T19:48:00.3977475Z","4.9163817","3.204634891008022","621.25390625","443.80078125","164","3881","11","","0","96.07218683651804","1.890625","31144;37108;39656;43264;44696;45388;45764;46504;46944;47448;48788","[{""pid"":44696,""name"":""cmd.exe"",""cpu_percent"":0.0,""ws_mb"":8.55859375,""private_mb"":4.3515625},{""pid"":45764,""name"":""cmd.exe"",""cpu_percent"":0.0,""ws_mb"":8.875,""private_mb"":4.7578125},{""pid"":47448,""name"":""node.exe"",""cpu_percent"":0.0,""ws_mb"":36.8203125,""private_mb"":19.58203125},{""pid"":39656,""name"":""electron.exe"",""cpu_percent"":0.21187668700879483,""ws_mb"":91.73828125,""private_mb"":45.140625},{""pid"":37108,""name"":""electron.exe"",""cpu_percent"":0.34429961638929163,""ws_mb"":107.171875,""private_mb"":102.0859375},{""pid"":46944,""name"":""electron.exe"",""cpu_percent"":0.0,""ws_mb"":42.84375,""private_mb"":13.3125},{""pid"":48788,""name"":""node.exe"",""cpu_percent"":0.0,""ws_mb"":64.83984375,""private_mb"":69.6875},{""pid"":31144,""name"":""conhost.exe"",""cpu_percent"":0.0,""ws_mb"":10.01171875,""private_mb"":1.6796875},{""pid"":45388,""name"":""electron.exe"",""cpu_percent"":0.05296917175219871,""ws_mb"":114.796875,""private_mb"":75.46875},{""pid"":46504,""name"":""powershell.exe"",""cpu_percent"":2.595489415857737,""ws_mb"":127.921875,""private_mb"":106.515625},{""pid"":43264,""name"":""conhost.exe"",""cpu_percent"":0.0,""ws_mb"":7.67578125,""private_mb"":1.21875}]"
"2026-10-01T19:48:05.4143398Z","5.0165923","2.439820220856563","623.859375","445.8671875","164","4072","11","","0","68.61370716510903","1.46875","31144;37108;39656;43264;44696;45388;45764;46504;46944;47448;48788","[{""pid"":44696,""name"":""cmd.exe"",""cpu_percent"":0.0,""ws_mb"":8.55859375,""private_mb"":4.3515625},{""pid"":45764,""name"":""cmd.exe"",""cpu_percent"":0.0,""ws_mb"":8.875,""private_mb"":4.7578125},{""pid"":47448,""name"":""node.exe"",""cpu_percent"":0.0,""ws_mb"":36.8203125,""private_mb"":19.58203125},{""pid"":39656,""name"":""electron.exe"",""cpu_percent"":0.3893330139664728,""ws_mb"":90.55078125,""private_mb"":43.6328125},{""pid"":37108,""name"":""electron.exe"",""cpu_percent"":0.46719961675976734,""ws_mb"":107.32421875,""private_mb"":102.09765625},{""pid"":46944,""name"":""electron.exe"",""cpu_percent"":0.0,""ws_mb"":42.859375,""private_mb"":13.2890625},{""pid"":48788,""name"":""node.exe"",""cpu_percent"":0.0,""ws_mb"":64.83984375,""private_mb"":69.6875},{""pid"":31144,""name"":""conhost.exe"",""cpu_percent"":0.0,""ws_mb"":10.01171875,""private_mb"":1.6796875},{""pid"":45388,""name"":""electron.exe"",""cpu_percent"":0.07786660279329456,""ws_mb"":115.6796875,""private_mb"":76.328125},{""pid"":46504,""name"":""powershell.exe"",""cpu_percent"":1.5054209873370281,""ws_mb"":130.6640625,""private_mb"":109.2421875},{""pid"":43264,""name"":""conhost.exe"",""cpu_percent"":0.0,""ws_mb"":7.67578125,""private_mb"":1.21875}]"
"2026-10-01T19:48:10.5306711Z","5.1163313","2.9012487912969984","601.43359375","423.1328125","162","4077","11","","0","93.64837398373983","1.78125","31144;37108;39656;43264;44696;45388;45764;46504;46944;47448;48788","[{""pid"":44696,""name"":""cmd.exe"",""cpu_percent"":0.0,""ws_mb"":8.55859375,""private_mb"":4.3515625},{""pid"":45764,""name"":""cmd.exe"",""cpu_percent"":0.0,""ws_mb"":8.875,""private_mb"":4.7578125},{""pid"":47448,""name"":""node.exe"",""cpu_percent"":0.0,""ws_mb"":36.8359375,""private_mb"":19.55078125},{""pid"":39656,""name"":""electron.exe"",""cpu_percent"":0.2799450588093595,""ws_mb"":90.640625,""private_mb"":43.65234375},{""pid"":37108,""name"":""electron.exe"",""cpu_percent"":0.2035964064068069,""ws_mb"":107.26953125,""private_mb"":102.0390625},{""pid"":46944,""name"":""electron.exe"",""cpu_percent"":0.050899101601701725,""ws_mb"":42.7890625,""private_mb"":13.21875},{""pid"":48788,""name"":""node.exe"",""cpu_percent"":0.0,""ws_mb"":64.83984375,""private_mb"":69.6875},{""pid"":31144,""name"":""conhost.exe"",""cpu_percent"":0.0,""ws_mb"":10.01171875,""private_mb"":1.6796875},{""pid"":45388,""name"":""electron.exe"",""cpu_percent"":0.025449550800850863,""ws_mb"":115.56640625,""private_mb"":76.12890625},{""pid"":46504,""name"":""powershell.exe"",""cpu_percent"":2.3413586736782794,""ws_mb"":108.37109375,""private_mb"":86.84765625},{""pid"":43264,""name"":""conhost.exe"",""cpu_percent"":0.0,""ws_mb"":7.67578125,""private_mb"":1.21875}]"
"2026-10-01T19:48:15.5076081Z","4.976937","2.1714744765036538","583.17578125","413.53125","160","3942","11","","0","97.32704402515724","1.296875","31144;37108;39656;43264;44696;45388;45764;46504;46944;47448;48788","[{""pid"":44696,""name"":""cmd.exe"",""cpu_percent"":0.0,""ws_mb"":8.55859375,""private_mb"":4.3515625},{""pid"":45764,""name"":""cmd.exe"",""cpu_percent"":0.0,""ws_mb"":8.875,""private_mb"":4.7578125},{""pid"":47448,""name"":""node.exe"",""cpu_percent"":0.0,""ws_mb"":36.8359375,""private_mb"":19.55078125},{""pid"":39656,""name"":""electron.exe"",""cpu_percent"":0.23546108781364922,""ws_mb"":90.45703125,""private_mb"":43.43359375},{""pid"":37108,""name"":""electron.exe"",""cpu_percent"":0.1569740585424328,""ws_mb"":102.68359375,""private_mb"":102.01953125},{""pid"":46944,""name"":""electron.exe"",""cpu_percent"":0.0,""ws_mb"":38.609375,""private_mb"":13.21875},{""pid"":48788,""name"":""node.exe"",""cpu_percent"":0.0,""ws_mb"":64.83984375,""private_mb"":69.6875},{""pid"":31144,""name"":""conhost.exe"",""cpu_percent"":0.0,""ws_mb"":10.01171875,""private_mb"":1.6796875},{""pid"":45388,""name"":""electron.exe"",""cpu_percent"":0.1569740585424328,""ws_mb"":115.37890625,""private_mb"":75.90625},{""pid"":46504,""name"":""powershell.exe"",""cpu_percent"":1.622065271605139,""ws_mb"":99.25,""private_mb"":77.70703125},{""pid"":43264,""name"":""conhost.exe"",""cpu_percent"":0.0,""ws_mb"":7.67578125,""private_mb"":1.21875}]"
"2026-10-01T19:48:20.4330667Z","4.9254586","2.273476964493553","584.31640625","423.08203125","157","3957","11","","0","94.04008438818565","1.34375","31144;37108;39656;43264;44696;45388;45764;46504;46944;47448;48788","[{""pid"":44696,""name"":""cmd.exe"",""cpu_percent"":0.0,""ws_mb"":8.55859375,""private_mb"":4.3515625},{""pid"":45764,""name"":""cmd.exe"",""cpu_percent"":0.0,""ws_mb"":8.875,""private_mb"":4.7578125},{""pid"":47448,""name"":""node.exe"",""cpu_percent"":0.0,""ws_mb"":36.35546875,""private_mb"":19.55078125},{""pid"":39656,""name"":""electron.exe"",""cpu_percent"":0.2643577865690178,""ws_mb"":84.4921875,""private_mb"":43.48046875},{""pid"":37108,""name"":""electron.exe"",""cpu_percent"":0.07930733597070534,""ws_mb"":102.98828125,""private_mb"":102.12109375},{""pid"":46944,""name"":""electron.exe"",""cpu_percent"":0.0,""ws_mb"":38.59765625,""private_mb"":13.1875},{""pid"":48788,""name"":""node.exe"",""cpu_percent"":0.0,""ws_mb"":64.1953125,""private_mb"":69.6875},{""pid"":31144,""name"":""conhost.exe"",""cpu_percent"":0.0,""ws_mb"":9.9765625,""private_mb"":1.6796875},{""pid"":45388,""name"":""electron.exe"",""cpu_percent"":0.18505045059831246,""ws_mb"":113.57421875,""private_mb"":75.50390625},{""pid"":46504,""name"":""powershell.exe"",""cpu_percent"":1.7447613913555176,""ws_mb"":109.05078125,""private_mb"":87.54296875},{""pid"":43264,""name"":""conhost.exe"",""cpu_percent"":0.0,""ws_mb"":7.65234375,""private_mb"":1.21875}]"
"2026-10-01T19:48:25.4166297Z","4.983563","2.4821180482050025","580.78125","426.125","156","4219","11","","0","98.37696335078535","1.484375","31144;37108;39656;43264;44696;45388;45764;46504;46944;47448;48788","[{""pid"":44696,""name"":""cmd.exe"",""cpu_percent"":0.0,""ws_mb"":8.0078125,""private_mb"":4.3515625},{""pid"":45764,""name"":""cmd.exe"",""cpu_percent"":0.0,""ws_mb"":8.140625,""private_mb"":4.7578125},{""pid"":47448,""name"":""node.exe"",""cpu_percent"":0.0,""ws_mb"":36.35546875,""private_mb"":19.55078125},{""pid"":39656,""name"":""electron.exe"",""cpu_percent"":0.3919133760323688,""ws_mb"":84.921875,""private_mb"":43.77734375},{""pid"":37108,""name"":""electron.exe"",""cpu_percent"":0.05225511680431584,""ws_mb"":98.30078125,""private_mb"":102.00390625},{""pid"":46944,""name"":""electron.exe"",""cpu_percent"":0.02612755840215792,""ws_mb"":38.49609375,""private_mb"":13.19140625},{""pid"":48788,""name"":""node.exe"",""cpu_percent"":0.0,""ws_mb"":64.1953125,""private_mb"":69.6875},{""pid"":31144,""name"":""conhost.exe"",""cpu_percent"":0.0,""ws_mb"":9.9765625,""private_mb"":1.6796875},{""pid"":45388,""name"":""electron.exe"",""cpu_percent"":0.1306377920107896,""ws_mb"":114.13671875,""private_mb"":76.1171875},{""pid"":46504,""name"":""powershell.exe"",""cpu_percent"":1.8811842049553702,""ws_mb"":110.59765625,""private_mb"":89.7890625},{""pid"":43264,""name"":""conhost.exe"",""cpu_percent"":0.0,""ws_mb"":7.65234375,""private_mb"":1.21875}]"
"2026-10-01T19:48:30.3213992Z","4.9047695","2.7078234767199563","591.234375","436.15234375","156","3866","11","","0","89.37300743889479","1.59375","31144;37108;39656;43264;44696;45388;45764;46504;46944;47448;48788","[{""pid"":44696,""name"":""cmd.exe"",""cpu_percent"":0.0,""ws_mb"":8.0078125,""private_mb"":4.3515625},{""pid"":45764,""name"":""cmd.exe"",""cpu_percent"":0.0,""ws_mb"":8.140625,""private_mb"":4.7578125},{""pid"":47448,""name"":""node.exe"",""cpu_percent"":0.0,""ws_mb"":36.35546875,""private_mb"":19.55078125},{""pid"":39656,""name"":""electron.exe"",""cpu_percent"":0.2654728898745055,""ws_mb"":85.4296875,""private_mb"":43.82421875},{""pid"":37108,""name"":""electron.exe"",""cpu_percent"":0.026547288987450554,""ws_mb"":98.30078125,""private_mb"":102.00390625},{""pid"":46944,""name"":""electron.exe"",""cpu_percent"":0.0,""ws_mb"":38.5,""private_mb"":13.1953125},{""pid"":48788,""name"":""node.exe"",""cpu_percent"":0.0,""ws_mb"":64.1953125,""private_mb"":69.6875},{""pid"":31144,""name"":""conhost.exe"",""cpu_percent"":0.0,""ws_mb"":9.9765625,""private_mb"":1.6796875},{""pid"":45388,""name"":""electron.exe"",""cpu_percent"":0.05309457797490111,""ws_mb"":114.34375,""private_mb"":76.328125},{""pid"":46504,""name"":""powershell.exe"",""cpu_percent"":2.3627087198830994,""ws_mb"":120.33203125,""private_mb"":99.5546875},{""pid"":43264,""name"":""conhost.exe"",""cpu_percent"":0.0,""ws_mb"":7.65234375,""private_mb"":1.21875}]"
"2026-10-01T19:48:35.3581447Z","5.0367455","3.050498249977755","594.296875","438.44921875","159","3875","11","","0","86.63570691434468","1.84375","31144;37108;39656;43264;44696;45388;45764;46504;46944;47448;48788","[{""pid"":44696,""name"":""cmd.exe"",""cpu_percent"":0.0,""ws_mb"":8.0078125,""private_mb"":4.3515625},{""pid"":45764,""name"":""cmd.exe"",""cpu_percent"":0.0,""ws_mb"":8.140625,""private_mb"":4.7578125},{""pid"":47448,""name"":""node.exe"",""cpu_percent"":0.0,""ws_mb"":36.35546875,""private_mb"":19.55078125},{""pid"":39656,""name"":""electron.exe"",""cpu_percent"":0.25851680084557244,""ws_mb"":86.03125,""private_mb"":43.8671875},{""pid"":37108,""name"":""electron.exe"",""cpu_percent"":0.10340672033822898,""ws_mb"":98.421875,""private_mb"":102.0234375},{""pid"":46944,""name"":""electron.exe"",""cpu_percent"":0.05170336016911449,""ws_mb"":38.5,""private_mb"":13.1953125},{""pid"":48788,""name"":""node.exe"",""cpu_percent"":0.0,""ws_mb"":64.1953125,""private_mb"":69.6875},{""pid"":31144,""name"":""conhost.exe"",""cpu_percent"":0.0,""ws_mb"":9.9765625,""private_mb"":1.6796875},{""pid"":45388,""name"":""electron.exe"",""cpu_percent"":0.05170336016911449,""ws_mb"":113.39453125,""private_mb"":75.26953125},{""pid"":46504,""name"":""powershell.exe"",""cpu_percent"":2.5851680084557245,""ws_mb"":123.62109375,""private_mb"":102.84765625},{""pid"":43264,""name"":""conhost.exe"",""cpu_percent"":0.0,""ws_mb"":7.65234375,""private_mb"":1.21875}]"
"2026-10-01T19:48:40.2261365Z","4.8679918","2.0595847484103538","586.62890625","430.125","159","4058","11","","0","72.9903536977492","1.203125","31144;37108;39656;43264;44696;45388;45764;46504;46944;47448;48788","[{""pid"":44696,""name"":""cmd.exe"",""cpu_percent"":0.0,""ws_mb"":8.0078125,""private_mb"":4.3515625},{""pid"":45764,""name"":""cmd.exe"",""cpu_percent"":0.0,""ws_mb"":8.140625,""private_mb"":4.7578125},{""pid"":47448,""name"":""node.exe"",""cpu_percent"":0.0,""ws_mb"":36.35546875,""private_mb"":19.55078125},{""pid"":39656,""name"":""electron.exe"",""cpu_percent"":0.29422639263005057,""ws_mb"":86.49609375,""private_mb"":43.9140625},{""pid"":37108,""name"":""electron.exe"",""cpu_percent"":0.16048712325275485,""ws_mb"":98.46484375,""private_mb"":102.0234375},{""pid"":46944,""name"":""electron.exe"",""cpu_percent"":0.0,""ws_mb"":38.50390625,""private_mb"":13.19921875},{""pid"":48788,""name"":""node.exe"",""cpu_percent"":0.0,""ws_mb"":64.1953125,""private_mb"":69.6875},{""pid"":31144,""name"":""conhost.exe"",""cpu_percent"":0.0,""ws_mb"":9.9765625,""private_mb"":1.6796875},{""pid"":45388,""name"":""electron.exe"",""cpu_percent"":0.16048712325275485,""ws_mb"":113.62109375,""private_mb"":75.48046875},{""pid"":46504,""name"":""powershell.exe"",""cpu_percent"":1.4443841092747935,""ws_mb"":115.21484375,""private_mb"":94.26171875},{""pid"":43264,""name"":""conhost.exe"",""cpu_percent"":0.0,""ws_mb"":7.65234375,""private_mb"":1.21875}]"
"2026-10-01T19:48:45.7540427Z","5.5279062","3.0621147901050367","594.17578125","437.328125","159","4074","11","","0","85.32800376205032","2.03125","31144;37108;39656;43264;44696;45388;45764;46504;46944;47448;48788","[{""pid"":44696,""name"":""cmd.exe"",""cpu_percent"":0.0,""ws_mb"":8.0078125,""private_mb"":4.3515625},{""pid"":45764,""name"":""cmd.exe"",""cpu_percent"":0.0,""ws_mb"":8.140625,""private_mb"":4.7578125},{""pid"":47448,""name"":""node.exe"",""cpu_percent"":0.0,""ws_mb"":36.35546875,""private_mb"":19.55078125},{""pid"":39656,""name"":""electron.exe"",""cpu_percent"":0.2591020207011954,""ws_mb"":87.19140625,""private_mb"":44.23046875},{""pid"":37108,""name"":""electron.exe"",""cpu_percent"":0.16488310408257892,""ws_mb"":98.50390625,""private_mb"":102.05078125},{""pid"":46944,""name"":""electron.exe"",""cpu_percent"":0.02355472915465413,""ws_mb"":38.51171875,""private_mb"":13.203125},{""pid"":48788,""name"":""node.exe"",""cpu_percent"":0.0,""ws_mb"":64.1953125,""private_mb"":69.6875},{""pid"":31144,""name"":""conhost.exe"",""cpu_percent"":0.0,""ws_mb"":9.9765625,""private_mb"":1.6796875},{""pid"":45388,""name"":""electron.exe"",""cpu_percent"":0.09421891661861652,""ws_mb"":113.35546875,""private_mb"":75.1953125},{""pid"":46504,""name"":""powershell.exe"",""cpu_percent"":2.520356019547992,""ws_mb"":122.28515625,""private_mb"":101.40234375},{""pid"":43264,""name"":""conhost.exe"",""cpu_percent"":0.0,""ws_mb"":7.65234375,""private_mb"":1.21875}]"
"2026-10-01T19:48:51.3160736Z","5.5620309","2.294200966533046","595.46484375","437.9296875","159","4047","11","","0","95.82845090227326","1.53125","31144;37108;39656;43264;44696;45388;45764;46504;46944;47448;48788","[{""pid"":44696,""name"":""cmd.exe"",""cpu_percent"":0.0,""ws_mb"":8.0078125,""private_mb"":4.3515625},{""pid"":45764,""name"":""cmd.exe"",""cpu_percent"":0.0,""ws_mb"":8.140625,""private_mb"":4.7578125},{""pid"":47448,""name"":""node.exe"",""cpu_percent"":0.0,""ws_mb"":36.35546875,""private_mb"":19.55078125},{""pid"":39656,""name"":""electron.exe"",""cpu_percent"":0.280922567330577,""ws_mb"":87.8046875,""private_mb"":44.28125},{""pid"":37108,""name"":""electron.exe"",""cpu_percent"":0.1404612836652885,""ws_mb"":98.5703125,""private_mb"":102.0390625},{""pid"":46944,""name"":""electron.exe"",""cpu_percent"":0.0,""ws_mb"":38.5,""private_mb"":13.1875},{""pid"":48788,""name"":""node.exe"",""cpu_percent"":0.0,""ws_mb"":64.1953125,""private_mb"":69.6875},{""pid"":31144,""name"":""conhost.exe"",""cpu_percent"":0.0,""ws_mb"":9.9765625,""private_mb"":1.6796875},{""pid"":45388,""name"":""electron.exe"",""cpu_percent"":0.09364085577685902,""ws_mb"":113.30078125,""private_mb"":75.13671875},{""pid"":46504,""name"":""powershell.exe"",""cpu_percent"":1.7791762597603213,""ws_mb"":122.9609375,""private_mb"":102.0390625},{""pid"":43264,""name"":""conhost.exe"",""cpu_percent"":0.0,""ws_mb"":7.65234375,""private_mb"":1.21875}]"
"2026-10-01T19:48:55.6247575Z","4.3086839","2.7500180120740194","598.05078125","439.98046875","159","4457","11","","0","90.64009661835749","1.421875","31144;37108;39656;43264;44696;45388;45764;46504;46944;47448;48788","[{""pid"":44696,""name"":""cmd.exe"",""cpu_percent"":0.0,""ws_mb"":8.0078125,""private_mb"":4.3515625},{""pid"":45764,""name"":""cmd.exe"",""cpu_percent"":0.0,""ws_mb"":8.140625,""private_mb"":4.7578125},{""pid"":47448,""name"":""node.exe"",""cpu_percent"":0.0,""ws_mb"":36.35546875,""private_mb"":19.55078125},{""pid"":39656,""name"":""electron.exe"",""cpu_percent"":0.24175982523727643,""ws_mb"":88.3828125,""private_mb"":44.359375},{""pid"":37108,""name"":""electron.exe"",""cpu_percent"":0.030219978154659554,""ws_mb"":98.8359375,""private_mb"":102.2421875},{""pid"":46944,""name"":""electron.exe"",""cpu_percent"":0.030219978154659554,""ws_mb"":38.5,""private_mb"":13.1875},{""pid"":48788,""name"":""node.exe"",""cpu_percent"":0.0,""ws_mb"":64.1953125,""private_mb"":69.6875},{""pid"":31144,""name"":""conhost.exe"",""cpu_percent"":0.0,""ws_mb"":9.9765625,""private_mb"":1.6796875},{""pid"":45388,""name"":""electron.exe"",""cpu_percent"":0.18131986892795732,""ws_mb"":113.421875,""private_mb"":75.25},{""pid"":46504,""name"":""powershell.exe"",""cpu_percent"":2.2664983615994667,""ws_mb"":124.58203125,""private_mb"":103.6953125},{""pid"":43264,""name"":""conhost.exe"",""cpu_percent"":0.0,""ws_mb"":7.65234375,""private_mb"":1.21875}]"
"2026-10-01T19:49:00.2326818Z","4.6079243","1.9215087076553468","604.65234375","446.15234375","159","3871","11","","0","59.887005649717516","1.0625","31144;37108;39656;43264;44696;45388;45764;46504;46944;47448;48788","[{""pid"":44696,""name"":""cmd.exe"",""cpu_percent"":0.0,""ws_mb"":8.0078125,""private_mb"":4.3515625},{""pid"":45764,""name"":""cmd.exe"",""cpu_percent"":0.0,""ws_mb"":8.140625,""private_mb"":4.7578125},{""pid"":47448,""name"":""node.exe"",""cpu_percent"":0.0,""ws_mb"":36.35546875,""private_mb"":19.55078125},{""pid"":39656,""name"":""electron.exe"",""cpu_percent"":0.22605984795945255,""ws_mb"":88.82421875,""private_mb"":44.4375},{""pid"":37108,""name"":""electron.exe"",""cpu_percent"":0.02825748099493157,""ws_mb"":98.88671875,""private_mb"":102.2421875},{""pid"":46944,""name"":""electron.exe"",""cpu_percent"":0.05651496198986314,""ws_mb"":38.5,""private_mb"":13.1875},{""pid"":48788,""name"":""node.exe"",""cpu_percent"":0.0,""ws_mb"":64.1953125,""private_mb"":69.6875},{""pid"":31144,""name"":""conhost.exe"",""cpu_percent"":0.0,""ws_mb"":9.9765625,""private_mb"":1.6796875},{""pid"":45388,""name"":""electron.exe"",""cpu_percent"":0.02825748099493157,""ws_mb"":113.4765625,""private_mb"":75.30859375},{""pid"":46504,""name"":""powershell.exe"",""cpu_percent"":1.5824189357161678,""ws_mb"":130.63671875,""private_mb"":109.73046875},{""pid"":43264,""name"":""conhost.exe"",""cpu_percent"":0.0,""ws_mb"":7.65234375,""private_mb"":1.21875}]"
"2026-10-01T19:49:05.8596258Z","5.626944","2.753677958527163","607.2265625","448.37109375","160","3879","11","","0","79.79166666666667","1.859375","31144;37108;39656;43264;44696;45388;45764;46504;46944;47448;48788","[{""pid"":44696,""name"":""cmd.exe"",""cpu_percent"":0.0,""ws_mb"":8.0078125,""private_mb"":4.3515625},{""pid"":45764,""name"":""cmd.exe"",""cpu_percent"":0.0,""ws_mb"":8.140625,""private_mb"":4.7578125},{""pid"":47448,""name"":""node.exe"",""cpu_percent"":0.0,""ws_mb"":36.35546875,""private_mb"":19.55078125},{""pid"":39656,""name"":""electron.exe"",""cpu_percent"":0.2082613582079367,""ws_mb"":89.71875,""private_mb"":45.03125},{""pid"":37108,""name"":""electron.exe"",""cpu_percent"":0.32396211276790154,""ws_mb"":98.97265625,""private_mb"":102.2421875},{""pid"":46944,""name"":""electron.exe"",""cpu_percent"":0.09256060364797186,""ws_mb"":38.53125,""private_mb"":13.2109375},{""pid"":48788,""name"":""node.exe"",""cpu_percent"":0.0,""ws_mb"":64.1953125,""private_mb"":69.6875},{""pid"":31144,""name"":""conhost.exe"",""cpu_percent"":0.0,""ws_mb"":9.9765625,""private_mb"":1.6796875},{""pid"":45388,""name"":""electron.exe"",""cpu_percent"":0.0694204527359789,""ws_mb"":113.32421875,""private_mb"":75.16015625},{""pid"":46504,""name"":""powershell.exe"",""cpu_percent"":2.059473431167374,""ws_mb"":132.3515625,""private_mb"":111.48046875},{""pid"":43264,""name"":""conhost.exe"",""cpu_percent"":0.0,""ws_mb"":7.65234375,""private_mb"":1.21875}]"
"2026-10-01T19:49:11.0705920Z","5.2109662","2.473749493903837","610.734375","451.48046875","159","3875","11","","0","94.36936936936937","1.546875","31144;37108;39656;43264;44696;45388;45764;46504;46944;47448;48788","[{""pid"":44696,""name"":""cmd.exe"",""cpu_percent"":0.0,""ws_mb"":8.0078125,""private_mb"":4.3515625},{""pid"":45764,""name"":""cmd.exe"",""cpu_percent"":0.0,""ws_mb"":8.140625,""private_mb"":4.7578125},{""pid"":47448,""name"":""node.exe"",""cpu_percent"":0.0,""ws_mb"":36.35546875,""private_mb"":19.55078125},{""pid"":39656,""name"":""electron.exe"",""cpu_percent"":0.2998484235034954,""ws_mb"":90.09765625,""private_mb"":45.1015625},{""pid"":37108,""name"":""electron.exe"",""cpu_percent"":0.1499242117517477,""ws_mb"":99.01171875,""private_mb"":102.2265625},{""pid"":46944,""name"":""electron.exe"",""cpu_percent"":0.07496210587587385,""ws_mb"":38.515625,""private_mb"":13.18359375},{""pid"":48788,""name"":""node.exe"",""cpu_percent"":0.0,""ws_mb"":64.1953125,""private_mb"":69.6875},{""pid"":31144,""name"":""conhost.exe"",""cpu_percent"":0.0,""ws_mb"":9.9765625,""private_mb"":1.6796875},{""pid"":45388,""name"":""electron.exe"",""cpu_percent"":0.07496210587587385,""ws_mb"":113.30078125,""private_mb"":75.125},{""pid"":46504,""name"":""powershell.exe"",""cpu_percent"":1.8740526468968461,""ws_mb"":135.48046875,""private_mb"":114.59765625},{""pid"":43264,""name"":""conhost.exe"",""cpu_percent"":0.0,""ws_mb"":7.65234375,""private_mb"":1.21875}]"
"2026-10-01T19:49:16.0098377Z","4.9392457","2.1880449613321864","597.36328125","437.796875","160","4063","11","","0","95.33227848101266","1.296875","31144;37108;39656;43264;44696;45388;45764;46504;46944;47448;48788","[{""pid"":44696,""name"":""cmd.exe"",""cpu_percent"":0.0,""ws_mb"":8.0078125,""private_mb"":4.3515625},{""pid"":45764,""name"":""cmd.exe"",""cpu_percent"":0.0,""ws_mb"":8.140625,""private_mb"":4.7578125},{""pid"":47448,""name"":""node.exe"",""cpu_percent"":0.0,""ws_mb"":36.35546875,""private_mb"":19.55078125},{""pid"":39656,""name"":""electron.exe"",""cpu_percent"":0.13180993742964978,""ws_mb"":90.55078125,""private_mb"":45.16796875},{""pid"":37108,""name"":""electron.exe"",""cpu_percent"":0.13180993742964978,""ws_mb"":99.04296875,""private_mb"":102.2421875},{""pid"":46944,""name"":""electron.exe"",""cpu_percent"":0.026361987485929956,""ws_mb"":38.52734375,""private_mb"":13.2109375},{""pid"":48788,""name"":""node.exe"",""cpu_percent"":0.0,""ws_mb"":64.1953125,""private_mb"":69.6875},{""pid"":31144,""name"":""conhost.exe"",""cpu_percent"":0.0,""ws_mb"":9.9765625,""private_mb"":1.6796875},{""pid"":45388,""name"":""electron.exe"",""cpu_percent"":0.15817192491557974,""ws_mb"":113.72265625,""private_mb"":75.6796875},{""pid"":46504,""name"":""powershell.exe"",""cpu_percent"":1.7398911740713772,""ws_mb"":121.19140625,""private_mb"":100.25},{""pid"":43264,""name"":""conhost.exe"",""cpu_percent"":0.0,""ws_mb"":7.65234375,""private_mb"":1.21875}]"
"2026-10-01T19:49:20.2799047Z","4.270067","2.6529150479371872","602.49609375","449.609375","161","4057","11","","0","87.2566909975669","1.359375","31144;37108;39656;43264;44696;45388;45764;46504;46944;47448;48788","[{""pid"":44696,""name"":""cmd.exe"",""cpu_percent"":0.0,""ws_mb"":8.0078125,""private_mb"":4.3515625},{""pid"":45764,""name"":""cmd.exe"",""cpu_percent"":0.0,""ws_mb"":8.140625,""private_mb"":4.7578125},{""pid"":47448,""name"":""node.exe"",""cpu_percent"":0.0,""ws_mb"":36.35546875,""private_mb"":19.55078125},{""pid"":39656,""name"":""electron.exe"",""cpu_percent"":0.36591931695685337,""ws_mb"":90.96484375,""private_mb"":45.51953125},{""pid"":37108,""name"":""electron.exe"",""cpu_percent"":0.2134529348914978,""ws_mb"":99.7578125,""private_mb"":109.66796875},{""pid"":46944,""name"":""electron.exe"",""cpu_percent"":0.030493276413071115,""ws_mb"":38.52734375,""private_mb"":13.2109375},{""pid"":48788,""name"":""node.exe"",""cpu_percent"":0.0,""ws_mb"":64.1953125,""private_mb"":69.6875},{""pid"":31144,""name"":""conhost.exe"",""cpu_percent"":0.0,""ws_mb"":9.9765625,""private_mb"":1.6796875},{""pid"":45388,""name"":""electron.exe"",""cpu_percent"":0.09147982923921334,""ws_mb"":113.54296875,""private_mb"":75.48828125},{""pid"":46504,""name"":""powershell.exe"",""cpu_percent"":1.9515696904365514,""ws_mb"":125.375,""private_mb"":104.4765625},{""pid"":43264,""name"":""conhost.exe"",""cpu_percent"":0.0,""ws_mb"":7.65234375,""private_mb"":1.21875}]"
"2026-10-01T19:49:25.1717956Z","4.8918909","2.741569386458176","614.08984375","460.75","160","3864","11","","0","60.51650692225772","1.609375","31144;37108;39656;43264;44696;45388;45764;46504;46944;47448;48788","[{""pid"":44696,""name"":""cmd.exe"",""cpu_percent"":0.0,""ws_mb"":8.0078125,""private_mb"":4.3515625},{""pid"":45764,""name"":""cmd.exe"",""cpu_percent"":0.0,""ws_mb"":8.140625,""private_mb"":4.7578125},{""pid"":47448,""name"":""node.exe"",""cpu_percent"":0.0,""ws_mb"":36.35546875,""private_mb"":19.55078125},{""pid"":39656,""name"":""electron.exe"",""cpu_percent"":0.2927889636023295,""ws_mb"":90.3828125,""private_mb"":44.55078125},{""pid"":37108,""name"":""electron.exe"",""cpu_percent"":0.10646871403721071,""ws_mb"":99.80859375,""private_mb"":109.6640625},{""pid"":46944,""name"":""electron.exe"",""cpu_percent"":0.0,""ws_mb"":38.53125,""private_mb"":13.21484375},{""pid"":48788,""name"":""node.exe"",""cpu_percent"":0.0,""ws_mb"":64.1953125,""private_mb"":69.6875},{""pid"":31144,""name"":""conhost.exe"",""cpu_percent"":0.0,""ws_mb"":9.9765625,""private_mb"":1.6796875},{""pid"":45388,""name"":""electron.exe"",""cpu_percent"":0.053234357018605356,""ws_mb"":114.41015625,""private_mb"":76.35546875},{""pid"":46504,""name"":""powershell.exe"",""cpu_percent"":2.2890773518000302,""ws_mb"":136.62890625,""private_mb"":115.71875},{""pid"":43264,""name"":""conhost.exe"",""cpu_percent"":0.0,""ws_mb"":7.65234375,""private_mb"":1.21875}]"
"2026-10-01T19:49:30.3275543Z","5.1557587","2.550748091966885","614.18359375","460.66015625","160","4785","11","","0","61.186868686868685","1.578125","31144;37108;39656;43264;44696;45388;45764;46504;46944;47448;48788","[{""pid"":44696,""name"":""cmd.exe"",""cpu_percent"":0.0,""ws_mb"":8.0078125,""private_mb"":4.3515625},{""pid"":45764,""name"":""cmd.exe"",""cpu_percent"":0.0,""ws_mb"":8.140625,""private_mb"":4.7578125},{""pid"":47448,""name"":""node.exe"",""cpu_percent"":0.0,""ws_mb"":36.35546875,""private_mb"":19.55078125},{""pid"":39656,""name"":""electron.exe"",""cpu_percent"":0.17678452122542768,""ws_mb"":90.1171875,""private_mb"":44.19140625},{""pid"":37108,""name"":""electron.exe"",""cpu_percent"":0.1010197264145301,""ws_mb"":99.94921875,""private_mb"":109.67578125},{""pid"":46944,""name"":""electron.exe"",""cpu_percent"":0.05050986320726505,""ws_mb"":38.53125,""private_mb"":13.21484375},{""pid"":48788,""name"":""node.exe"",""cpu_percent"":0.0,""ws_mb"":64.1953125,""private_mb"":69.6875},{""pid"":31144,""name"":""conhost.exe"",""cpu_percent"":0.0,""ws_mb"":9.9765625,""private_mb"":1.6796875},{""pid"":45388,""name"":""electron.exe"",""cpu_percent"":0.0,""ws_mb"":114.3515625,""private_mb"":76.3046875},{""pid"":46504,""name"":""powershell.exe"",""cpu_percent"":2.222433981119662,""ws_mb"":136.90625,""private_mb"":116.02734375},{""pid"":43264,""name"":""conhost.exe"",""cpu_percent"":0.0,""ws_mb"":7.65234375,""private_mb"":1.21875}]"
"2026-10-01T19:49:35.3985052Z","5.0709509","2.49069821073072","618.51171875","464.85546875","161","4263","11","","0","81.55864197530865","1.515625","31144;37108;39656;43264;44696;45388;45764;46504;46944;47448;48788","[{""pid"":44696,""name"":""cmd.exe"",""cpu_percent"":0.0,""ws_mb"":8.0078125,""private_mb"":4.3515625},{""pid"":45764,""name"":""cmd.exe"",""cpu_percent"":0.0,""ws_mb"":8.140625,""private_mb"":4.7578125},{""pid"":47448,""name"":""node.exe"",""cpu_percent"":0.0,""ws_mb"":36.35546875,""private_mb"":19.55078125},{""pid"":39656,""name"":""electron.exe"",""cpu_percent"":0.25677301141553815,""ws_mb"":90.19921875,""private_mb"":44.22265625},{""pid"":37108,""name"":""electron.exe"",""cpu_percent"":0.25677301141553815,""ws_mb"":100.00390625,""private_mb"":109.6640625},{""pid"":46944,""name"":""electron.exe"",""cpu_percent"":0.0,""ws_mb"":38.53125,""private_mb"":13.21484375},{""pid"":48788,""name"":""node.exe"",""cpu_percent"":0.0,""ws_mb"":64.1953125,""private_mb"":69.6875},{""pid"":31144,""name"":""conhost.exe"",""cpu_percent"":0.0,""ws_mb"":9.9765625,""private_mb"":1.6796875},{""pid"":45388,""name"":""electron.exe"",""cpu_percent"":0.07703190342466144,""ws_mb"":114.30078125,""private_mb"":76.25},{""pid"":46504,""name"":""powershell.exe"",""cpu_percent"":1.9001202844749823,""ws_mb"":141.1484375,""private_mb"":120.2578125},{""pid"":43264,""name"":""conhost.exe"",""cpu_percent"":0.0,""ws_mb"":7.65234375,""private_mb"":1.21875}]"
"2026-10-01T19:49:40.3013411Z","4.9028359","2.3105250167561184","618.203125","464.31640625","160","4475","11","","0","79.69745222929936","1.359375","31144;37108;39656;43264;44696;45388;45764;46504;46944;47448;48788","[{""pid"":44696,""name"":""cmd.exe"",""cpu_percent"":0.0,""ws_mb"":8.0078125,""private_mb"":4.3515625},{""pid"":45764,""name"":""cmd.exe"",""cpu_percent"":0.0,""ws_mb"":8.140625,""private_mb"":4.7578125},{""pid"":47448,""name"":""node.exe"",""cpu_percent"":0.0,""ws_mb"":36.35546875,""private_mb"":19.55078125},{""pid"":39656,""name"":""electron.exe"",""cpu_percent"":0.23901982931959845,""ws_mb"":90.51953125,""private_mb"":44.375},{""pid"":37108,""name"":""electron.exe"",""cpu_percent"":0.0,""ws_mb"":100.078125,""private_mb"":109.67578125},{""pid"":46944,""name"":""electron.exe"",""cpu_percent"":0.05311551762657743,""ws_mb"":38.55859375,""private_mb"":13.2578125},{""pid"":48788,""name"":""node.exe"",""cpu_percent"":0.0,""ws_mb"":64.1953125,""private_mb"":69.6875},{""pid"":31144,""name"":""conhost.exe"",""cpu_percent"":0.0,""ws_mb"":9.9765625,""private_mb"":1.6796875},{""pid"":45388,""name"":""electron.exe"",""cpu_percent"":0.07967327643986614,""ws_mb"":113.52734375,""private_mb"":75.4765625},{""pid"":46504,""name"":""powershell.exe"",""cpu_percent"":1.9387163933700764,""ws_mb"":141.19140625,""private_mb"":120.28515625},{""pid"":43264,""name"":""conhost.exe"",""cpu_percent"":0.0,""ws_mb"":7.65234375,""private_mb"":1.21875}]"
"2026-10-01T19:49:45.2351311Z","4.93379","2.6655049498796393","606.078125","452.3984375","160","3863","11","","0","65.02111932418163","1.578125","31144;37108;39656;43264;44696;45388;45764;46504;46944;47448;48788","[{""pid"":44696,""name"":""cmd.exe"",""cpu_percent"":0.0,""ws_mb"":8.0078125,""private_mb"":4.3515625},{""pid"":45764,""name"":""cmd.exe"",""cpu_percent"":0.0,""ws_mb"":8.140625,""private_mb"":4.7578125},{""pid"":47448,""name"":""node.exe"",""cpu_percent"":0.0,""ws_mb"":36.35546875,""private_mb"":19.55078125},{""pid"":39656,""name"":""electron.exe"",""cpu_percent"":0.3958670717643029,""ws_mb"":90.5234375,""private_mb"":44.56640625},{""pid"":37108,""name"":""electron.exe"",""cpu_percent"":0.15834682870572114,""ws_mb"":100.08203125,""private_mb"":109.67578125},{""pid"":46944,""name"":""electron.exe"",""cpu_percent"":0.0,""ws_mb"":38.55859375,""private_mb"":13.2578125},{""pid"":48788,""name"":""node.exe"",""cpu_percent"":0.0,""ws_mb"":64.1953125,""private_mb"":69.6875},{""pid"":31144,""name"":""conhost.exe"",""cpu_percent"":0.0,""ws_mb"":9.9765625,""private_mb"":1.6796875},{""pid"":45388,""name"":""electron.exe"",""cpu_percent"":0.07917341435286057,""ws_mb"":113.66015625,""private_mb"":75.609375},{""pid"":46504,""name"":""powershell.exe"",""cpu_percent"":2.0321176350567547,""ws_mb"":128.92578125,""private_mb"":108.04296875},{""pid"":43264,""name"":""conhost.exe"",""cpu_percent"":0.0,""ws_mb"":7.65234375,""private_mb"":1.21875}]"
"2026-10-01T19:49:50.3945064Z","5.1593753","2.7256206773715417","611.91015625","458.09765625","161","4539","11","","0","64.20282542885974","1.6875","31144;37108;39656;43264;44696;45388;45764;46504;46944;47448;48788","[{""pid"":44696,""name"":""cmd.exe"",""cpu_percent"":0.0,""ws_mb"":8.0078125,""private_mb"":4.3515625},{""pid"":45764,""name"":""cmd.exe"",""cpu_percent"":0.0,""ws_mb"":8.140625,""private_mb"":4.7578125},{""pid"":47448,""name"":""node.exe"",""cpu_percent"":0.0,""ws_mb"":36.35546875,""private_mb"":19.55078125},{""pid"":39656,""name"":""electron.exe"",""cpu_percent"":0.3280839704243522,""ws_mb"":90.6171875,""private_mb"":44.59765625},{""pid"":37108,""name"":""electron.exe"",""cpu_percent"":0.07571168548254283,""ws_mb"":100.08984375,""private_mb"":109.67578125},{""pid"":46944,""name"":""electron.exe"",""cpu_percent"":0.07571168548254283,""ws_mb"":38.5625,""private_mb"":13.26953125},{""pid"":48788,""name"":""node.exe"",""cpu_percent"":0.0,""ws_mb"":64.1953125,""private_mb"":69.6875},{""pid"":31144,""name"":""conhost.exe"",""cpu_percent"":0.0,""ws_mb"":9.9765625,""private_mb"":1.6796875},{""pid"":45388,""name"":""electron.exe"",""cpu_percent"":0.10094891397672377,""ws_mb"":113.54296875,""private_mb"":75.41796875},{""pid"":46504,""name"":""powershell.exe"",""cpu_percent"":2.1451644220053803,""ws_mb"":134.76953125,""private_mb"":113.890625},{""pid"":43264,""name"":""conhost.exe"",""cpu_percent"":0.0,""ws_mb"":7.65234375,""private_mb"":1.21875}]"
"2026-10-01T19:49:55.0983871Z","4.7038807","1.799267925027662","611.52734375","457.51953125","160","4014","11","","0","60.29900332225914","1.015625","31144;37108;39656;43264;44696;45388;45764;46504;46944;47448;48788","[{""pid"":44696,""name"":""cmd.exe"",""cpu_percent"":0.0,""ws_mb"":8.0078125,""private_mb"":4.3515625},{""pid"":45764,""name"":""cmd.exe"",""cpu_percent"":0.0,""ws_mb"":8.140625,""private_mb"":4.7578125},{""pid"":47448,""name"":""node.exe"",""cpu_percent"":0.0,""ws_mb"":36.35546875,""private_mb"":19.55078125},{""pid"":39656,""name"":""electron.exe"",""cpu_percent"":0.24912940500383013,""ws_mb"":90.70703125,""private_mb"":44.63671875},{""pid"":37108,""name"":""electron.exe"",""cpu_percent"":0.22144836000340454,""ws_mb"":100.16015625,""private_mb"":109.6640625},{""pid"":46944,""name"":""electron.exe"",""cpu_percent"":0.027681045000425567,""ws_mb"":38.546875,""private_mb"":13.25390625},{""pid"":48788,""name"":""node.exe"",""cpu_percent"":0.0,""ws_mb"":64.1953125,""private_mb"":69.6875},{""pid"":31144,""name"":""conhost.exe"",""cpu_percent"":0.0,""ws_mb"":9.9765625,""private_mb"":1.6796875},{""pid"":45388,""name"":""electron.exe"",""cpu_percent"":0.055362090000851134,""ws_mb"":113.5625,""private_mb"":75.42578125},{""pid"":46504,""name"":""powershell.exe"",""cpu_percent"":1.2456470250191507,""ws_mb"":134.22265625,""private_mb"":113.29296875},{""pid"":43264,""name"":""conhost.exe"",""cpu_percent"":0.0,""ws_mb"":7.65234375,""private_mb"":1.21875}]"
"2026-10-01T19:50:00.2544119Z","5.1560248","2.4243483080221027","612.97265625","458.91015625","160","4232","11","","0","43.10606060606061","1.5","31144;37108;39656;43264;44696;45388;45764;46504;46944;47448;48788","[{""pid"":44696,""name"":""cmd.exe"",""cpu_percent"":0.0,""ws_mb"":8.0078125,""private_mb"":4.3515625},{""pid"":45764,""name"":""cmd.exe"",""cpu_percent"":0.0,""ws_mb"":8.140625,""private_mb"":4.7578125},{""pid"":47448,""name"":""node.exe"",""cpu_percent"":0.0,""ws_mb"":36.35546875,""private_mb"":19.55078125},{""pid"":39656,""name"":""electron.exe"",""cpu_percent"":0.27778991029419925,""ws_mb"":90.80859375,""private_mb"":44.6796875},{""pid"":37108,""name"":""electron.exe"",""cpu_percent"":0.20202902566850856,""ws_mb"":100.2265625,""private_mb"":109.67578125},{""pid"":46944,""name"":""electron.exe"",""cpu_percent"":0.02525362820856357,""ws_mb"":38.546875,""private_mb"":13.25390625},{""pid"":48788,""name"":""node.exe"",""cpu_percent"":0.0,""ws_mb"":64.1953125,""private_mb"":69.6875},{""pid"":31144,""name"":""conhost.exe"",""cpu_percent"":0.0,""ws_mb"":9.9765625,""private_mb"":1.6796875},{""pid"":45388,""name"":""electron.exe"",""cpu_percent"":0.0,""ws_mb"":114.83984375,""private_mb"":76.76171875},{""pid"":46504,""name"":""powershell.exe"",""cpu_percent"":1.9192757438508314,""ws_mb"":134.22265625,""private_mb"":113.29296875},{""pid"":43264,""name"":""conhost.exe"",""cpu_percent"":0.0,""ws_mb"":7.65234375,""private_mb"":1.21875}]"
"2026-10-01T19:50:04.9658329Z","4.711421","2.15566598697081","602.6171875","448.546875","161","4175","11","","0","30.444383107921613","1.21875","31144;37108;39656;43264;44696;45388;45764;46504;46944;47448;48788","[{""pid"":44696,""name"":""cmd.exe"",""cpu_percent"":0.0,""ws_mb"":8.0078125,""private_mb"":4.3515625},{""pid"":45764,""name"":""cmd.exe"",""cpu_percent"":0.0,""ws_mb"":8.140625,""private_mb"":4.7578125},{""pid"":47448,""name"":""node.exe"",""cpu_percent"":0.0,""ws_mb"":36.35546875,""private_mb"":19.55078125},{""pid"":39656,""name"":""electron.exe"",""cpu_percent"":0.30400417764972965,""ws_mb"":90.92578125,""private_mb"":44.97265625},{""pid"":37108,""name"":""electron.exe"",""cpu_percent"":0.19345720395891886,""ws_mb"":100.3515625,""private_mb"":109.67578125},{""pid"":46944,""name"":""electron.exe"",""cpu_percent"":0.08291023026810808,""ws_mb"":38.578125,""private_mb"":13.26171875},{""pid"":48788,""name"":""node.exe"",""cpu_percent"":0.0,""ws_mb"":64.1953125,""private_mb"":69.6875},{""pid"":31144,""name"":""conhost.exe"",""cpu_percent"":0.0,""ws_mb"":9.9765625,""private_mb"":1.6796875},{""pid"":45388,""name"":""electron.exe"",""cpu_percent"":0.05527348684540539,""ws_mb"":113.5234375,""private_mb"":75.3984375},{""pid"":46504,""name"":""powershell.exe"",""cpu_percent"":1.5200208882486481,""ws_mb"":124.91015625,""private_mb"":103.9921875},{""pid"":43264,""name"":""conhost.exe"",""cpu_percent"":0.0,""ws_mb"":7.65234375,""private_mb"":1.21875}]"
"2026-10-01T19:50:10.2489962Z","5.2831633","2.6617575875422967","610.203125","456.33203125","159","4678","11","","0","42.34656149864432","1.6875","31144;37108;39656;43264;44696;45388;45764;46504;46944;47448;48788","[{""pid"":44696,""name"":""cmd.exe"",""cpu_percent"":0.0,""ws_mb"":8.0078125,""private_mb"":4.3515625},{""pid"":45764,""name"":""cmd.exe"",""cpu_percent"":0.0,""ws_mb"":8.140625,""private_mb"":4.7578125},{""pid"":47448,""name"":""node.exe"",""cpu_percent"":0.0,""ws_mb"":36.35546875,""private_mb"":19.55078125},{""pid"":39656,""name"":""electron.exe"",""cpu_percent"":0.41898036100202823,""ws_mb"":91.02734375,""private_mb"":45.01953125},{""pid"":37108,""name"":""electron.exe"",""cpu_percent"":0.1725213251184822,""ws_mb"":100.3828125,""private_mb"":109.67578125},{""pid"":46944,""name"":""electron.exe"",""cpu_percent"":0.0,""ws_mb"":38.578125,""private_mb"":13.2578125},{""pid"":48788,""name"":""node.exe"",""cpu_percent"":0.0,""ws_mb"":64.1953125,""private_mb"":69.6875},{""pid"":31144,""name"":""conhost.exe"",""cpu_percent"":0.0,""ws_mb"":9.9765625,""private_mb"":1.6796875},{""pid"":45388,""name"":""electron.exe"",""cpu_percent"":0.0492918071767092,""ws_mb"":115.62109375,""private_mb"":77.76953125},{""pid"":46504,""name"":""powershell.exe"",""cpu_percent"":2.0209640942450773,""ws_mb"":130.265625,""private_mb"":109.36328125},{""pid"":43264,""name"":""conhost.exe"",""cpu_percent"":0.0,""ws_mb"":7.65234375,""private_mb"":1.21875}]"
"2026-10-01T19:50:15.1806158Z","4.9316196","2.719483541133897","610.40234375","456.33984375","158","4752","11","","0","47.804232804232804","1.609375","31144;37108;39656;43264;44696;45388;45764;46504;46944;47448;48788","[{""pid"":44696,""name"":""cmd.exe"",""cpu_percent"":0.0,""ws_mb"":8.0078125,""private_mb"":4.3515625},{""pid"":45764,""name"":""cmd.exe"",""cpu_percent"":0.0,""ws_mb"":8.140625,""private_mb"":4.7578125},{""pid"":47448,""name"":""node.exe"",""cpu_percent"":0.0,""ws_mb"":36.35546875,""private_mb"":19.55078125},{""pid"":39656,""name"":""electron.exe"",""cpu_percent"":0.6336660678370246,""ws_mb"":91.140625,""private_mb"":45.0625},{""pid"":37108,""name"":""electron.exe"",""cpu_percent"":0.21122202261234152,""ws_mb"":100.37109375,""private_mb"":109.65625},{""pid"":46944,""name"":""electron.exe"",""cpu_percent"":0.10561101130617076,""ws_mb"":38.5625,""private_mb"":13.2421875},{""pid"":48788,""name"":""node.exe"",""cpu_percent"":0.0,""ws_mb"":64.1953125,""private_mb"":69.6875},{""pid"":31144,""name"":""conhost.exe"",""cpu_percent"":0.0,""ws_mb"":9.9765625,""private_mb"":1.6796875},{""pid"":45388,""name"":""electron.exe"",""cpu_percent"":0.10561101130617076,""ws_mb"":115.734375,""private_mb"":77.8046875},{""pid"":46504,""name"":""powershell.exe"",""cpu_percent"":1.6633734280721895,""ws_mb"":130.265625,""private_mb"":109.328125},{""pid"":43264,""name"":""conhost.exe"",""cpu_percent"":0.0,""ws_mb"":7.65234375,""private_mb"":1.21875}]"
"2026-10-01T19:50:20.1922268Z","5.011611","2.85794660971625","603.1484375","448.70703125","159","4814","11","","0","33.25545171339564","1.71875","31144;37108;39656;43264;44696;45388;45764;46504;46944;47448;48788","[{""pid"":44696,""name"":""cmd.exe"",""cpu_percent"":0.0,""ws_mb"":8.0078125,""private_mb"":4.3515625},{""pid"":45764,""name"":""cmd.exe"",""cpu_percent"":0.0,""ws_mb"":8.140625,""private_mb"":4.7578125},{""pid"":47448,""name"":""node.exe"",""cpu_percent"":0.0,""ws_mb"":36.35546875,""private_mb"":19.55078125},{""pid"":39656,""name"":""electron.exe"",""cpu_percent"":0.5975706547588523,""ws_mb"":91.29296875,""private_mb"":45.078125},{""pid"":37108,""name"":""electron.exe"",""cpu_percent"":0.15588799689361363,""ws_mb"":100.44140625,""private_mb"":109.66796875},{""pid"":46944,""name"":""electron.exe"",""cpu_percent"":0.10392533126240909,""ws_mb"":38.56640625,""private_mb"":13.24609375},{""pid"":48788,""name"":""node.exe"",""cpu_percent"":0.0,""ws_mb"":64.1953125,""private_mb"":69.6875},{""pid"":31144,""name"":""conhost.exe"",""cpu_percent"":0.0,""ws_mb"":9.9765625,""private_mb"":1.6796875},{""pid"":45388,""name"":""electron.exe"",""cpu_percent"":0.07794399844680681,""ws_mb"":115.30078125,""private_mb"":77.19921875},{""pid"":46504,""name"":""powershell.exe"",""cpu_percent"":1.9226186283545683,""ws_mb"":123.21875,""private_mb"":102.26953125},{""pid"":43264,""name"":""conhost.exe"",""cpu_percent"":0.0,""ws_mb"":7.65234375,""private_mb"":1.21875}]"
"2026-10-01T19:50:25.2392181Z","5.0469913","2.7347151031017893","608.8984375","454.55078125","158","4883","11","","0","52.55417956656347","1.65625","31144;37108;39656;43264;44696;45388;45764;46504;46944;47448;48788","[{""pid"":44696,""name"":""cmd.exe"",""cpu_percent"":0.0,""ws_mb"":8.0078125,""private_mb"":4.3515625},{""pid"":45764,""name"":""cmd.exe"",""cpu_percent"":0.0,""ws_mb"":8.140625,""private_mb"":4.7578125},{""pid"":47448,""name"":""node.exe"",""cpu_percent"":0.0,""ws_mb"":36.35546875,""private_mb"":19.55078125},{""pid"":39656,""name"":""electron.exe"",""cpu_percent"":0.41278718537385495,""ws_mb"":91.58984375,""private_mb"":45.58203125},{""pid"":37108,""name"":""electron.exe"",""cpu_percent"":0.3611887872021231,""ws_mb"":100.4765625,""private_mb"":109.66796875},{""pid"":46944,""name"":""electron.exe"",""cpu_percent"":0.0,""ws_mb"":38.56640625,""private_mb"":13.24609375},{""pid"":48788,""name"":""node.exe"",""cpu_percent"":0.0,""ws_mb"":64.1953125,""private_mb"":69.6875},{""pid"":31144,""name"":""conhost.exe"",""cpu_percent"":0.0,""ws_mb"":9.9765625,""private_mb"":1.6796875},{""pid"":45388,""name"":""electron.exe"",""cpu_percent"":0.10319679634346374,""ws_mb"":115.234375,""private_mb"":77.05859375},{""pid"":46504,""name"":""powershell.exe"",""cpu_percent"":1.8575423341823474,""ws_mb"":128.703125,""private_mb"":107.75},{""pid"":43264,""name"":""conhost.exe"",""cpu_percent"":0.0,""ws_mb"":7.65234375,""private_mb"":1.21875}]"
"2026-10-01T19:50:30.4564232Z","5.2172051","2.296088889943519","610.3828125","455.84765625","154","3999","11","","0","89.32135728542914","1.4375","31144;37108;39656;43264;44696;45388;45764;46504;46944;47448;48788","[{""pid"":44696,""name"":""cmd.exe"",""cpu_percent"":0.0,""ws_mb"":8.0078125,""private_mb"":4.3515625},{""pid"":45764,""name"":""cmd.exe"",""cpu_percent"":0.0,""ws_mb"":8.140625,""private_mb"":4.7578125},{""pid"":47448,""name"":""node.exe"",""cpu_percent"":0.0,""ws_mb"":36.35546875,""private_mb"":19.55078125},{""pid"":39656,""name"":""electron.exe"",""cpu_percent"":0.29948985521002425,""ws_mb"":91.640625,""private_mb"":45.64453125},{""pid"":37108,""name"":""electron.exe"",""cpu_percent"":0.32444734314419293,""ws_mb"":100.546875,""private_mb"":109.66796875},{""pid"":46944,""name"":""electron.exe"",""cpu_percent"":0.049914975868337375,""ws_mb"":38.5546875,""private_mb"":13.21875},{""pid"":48788,""name"":""node.exe"",""cpu_percent"":0.0,""ws_mb"":64.1953125,""private_mb"":69.6875},{""pid"":31144,""name"":""conhost.exe"",""cpu_percent"":0.0,""ws_mb"":9.9765625,""private_mb"":1.6796875},{""pid"":45388,""name"":""electron.exe"",""cpu_percent"":0.1747024155391808,""ws_mb"":113.65234375,""private_mb"":75.359375},{""pid"":46504,""name"":""powershell.exe"",""cpu_percent"":1.4475343001817838,""ws_mb"":131.66015625,""private_mb"":110.7109375},{""pid"":43264,""name"":""conhost.exe"",""cpu_percent"":0.0,""ws_mb"":7.65234375,""private_mb"":1.21875}]"
"2026-10-01T19:50:35.1880945Z","4.7316713","3.0545496683169855","615.02734375","460.38671875","156","4911","11","","0","69.36193619361936","1.734375","31144;37108;39656;43264;44696;45388;45764;46504;46944;47448;48788","[{""pid"":44696,""name"":""cmd.exe"",""cpu_percent"":0.0,""ws_mb"":8.0078125,""private_mb"":4.3515625},{""pid"":45764,""name"":""cmd.exe"",""cpu_percent"":0.0,""ws_mb"":8.140625,""private_mb"":4.7578125},{""pid"":47448,""name"":""node.exe"",""cpu_percent"":0.0,""ws_mb"":36.35546875,""private_mb"":19.55078125},{""pid"":39656,""name"":""electron.exe"",""cpu_percent"":0.1651107928819992,""ws_mb"":91.7109375,""private_mb"":45.703125},{""pid"":37108,""name"":""electron.exe"",""cpu_percent"":0.41277698220499803,""ws_mb"":100.66796875,""private_mb"":109.65625},{""pid"":46944,""name"":""electron.exe"",""cpu_percent"":0.027518465480333203,""ws_mb"":38.55859375,""private_mb"":13.22265625},{""pid"":48788,""name"":""node.exe"",""cpu_percent"":0.0,""ws_mb"":64.1953125,""private_mb"":69.6875},{""pid"":31144,""name"":""conhost.exe"",""cpu_percent"":0.0,""ws_mb"":9.9765625,""private_mb"":1.6796875},{""pid"":45388,""name"":""electron.exe"",""cpu_percent"":0.0825553964409996,""ws_mb"":113.8671875,""private_mb"":75.59375},{""pid"":46504,""name"":""powershell.exe"",""cpu_percent"":2.3665880313086554,""ws_mb"":135.89453125,""private_mb"":114.96484375},{""pid"":43264,""name"":""conhost.exe"",""cpu_percent"":0.0,""ws_mb"":7.65234375,""private_mb"":1.21875}]"
"2026-10-01T19:50:40.1039611Z","4.9158666","2.463324574348702","606.33984375","451.875","155","3843","11","","0","41.58704883227176","1.453125","31144;37108;39656;43264;44696;45388;45764;46504;46944;47448;48788","[{""pid"":44696,""name"":""cmd.exe"",""cpu_percent"":0.0,""ws_mb"":8.0078125,""private_mb"":4.3515625},{""pid"":45764,""name"":""cmd.exe"",""cpu_percent"":0.0,""ws_mb"":8.140625,""private_mb"":4.7578125},{""pid"":47448,""name"":""node.exe"",""cpu_percent"":0.0,""ws_mb"":36.35546875,""private_mb"":19.55078125},{""pid"":39656,""name"":""electron.exe"",""cpu_percent"":0.23838624913051953,""ws_mb"":91.76953125,""private_mb"":45.765625},{""pid"":37108,""name"":""electron.exe"",""cpu_percent"":0.5032598592755413,""ws_mb"":100.6875,""private_mb"":109.66796875},{""pid"":46944,""name"":""electron.exe"",""cpu_percent"":0.02648736101450217,""ws_mb"":38.55859375,""private_mb"":13.22265625},{""pid"":48788,""name"":""node.exe"",""cpu_percent"":0.0,""ws_mb"":64.1953125,""private_mb"":69.6875},{""pid"":31144,""name"":""conhost.exe"",""cpu_percent"":0.0,""ws_mb"":9.9765625,""private_mb"":1.6796875},{""pid"":45388,""name"":""electron.exe"",""cpu_percent"":0.10594944405800868,""ws_mb"":114.04296875,""private_mb"":75.9921875},{""pid"":46504,""name"":""powershell.exe"",""cpu_percent"":1.5892416608701303,""ws_mb"":126.953125,""private_mb"":105.98046875},{""pid"":43264,""name"":""conhost.exe"",""cpu_percent"":0.0,""ws_mb"":7.65234375,""private_mb"":1.21875}]"
"2026-10-01T19:50:45.2718960Z","5.1679349","2.040829693887978","610.78125","458.03125","161","3845","11","","0","46.601208459214504","1.265625","31144;37108;39656;43264;44696;45388;45764;46504;46944;47448;48788","[{""pid"":44696,""name"":""cmd.exe"",""cpu_percent"":0.0,""ws_mb"":8.12890625,""private_mb"":6.36328125},{""pid"":45764,""name"":""cmd.exe"",""cpu_percent"":0.0,""ws_mb"":8.140625,""private_mb"":4.7578125},{""pid"":47448,""name"":""node.exe"",""cpu_percent"":0.0,""ws_mb"":36.35546875,""private_mb"":19.55078125},{""pid"":39656,""name"":""electron.exe"",""cpu_percent"":0.15117256991762804,""ws_mb"":90.7421875,""private_mb"":44.5390625},{""pid"":37108,""name"":""electron.exe"",""cpu_percent"":0.07558628495881402,""ws_mb"":100.78515625,""private_mb"":109.66796875},{""pid"":46944,""name"":""electron.exe"",""cpu_percent"":0.0,""ws_mb"":38.55859375,""private_mb"":13.22265625},{""pid"":48788,""name"":""node.exe"",""cpu_percent"":0.0,""ws_mb"":64.30859375,""private_mb"":69.75390625},{""pid"":31144,""name"":""conhost.exe"",""cpu_percent"":0.0,""ws_mb"":10.125,""private_mb"":1.75390625},{""pid"":45388,""name"":""electron.exe"",""cpu_percent"":0.05039085663920934,""ws_mb"":114.03125,""private_mb"":76.203125},{""pid"":46504,""name"":""powershell.exe"",""cpu_percent"":1.763679982372327,""ws_mb"":131.953125,""private_mb"":111},{""pid"":43264,""name"":""conhost.exe"",""cpu_percent"":0.0,""ws_mb"":7.65234375,""private_mb"":1.21875}]"
"2026-10-01T19:50:50.1093253Z","4.8374293","2.2340981121246912","611.55859375","458.7734375","163","4798","11","","0","43.44086021505376","1.296875","31144;37108;39656;43264;44696;45388;45764;46504;46944;47448;48788","[{""pid"":44696,""name"":""cmd.exe"",""cpu_percent"":0.0,""ws_mb"":8.12890625,""private_mb"":6.36328125},{""pid"":45764,""name"":""cmd.exe"",""cpu_percent"":0.0,""ws_mb"":8.140625,""private_mb"":4.7578125},{""pid"":47448,""name"":""node.exe"",""cpu_percent"":0.0,""ws_mb"":36.35546875,""private_mb"":19.55078125},{""pid"":39656,""name"":""electron.exe"",""cpu_percent"":0.1615010683463632,""ws_mb"":90.29296875,""private_mb"":44.109375},{""pid"":37108,""name"":""electron.exe"",""cpu_percent"":0.13458422362196934,""ws_mb"":100.8515625,""private_mb"":109.66796875},{""pid"":46944,""name"":""electron.exe"",""cpu_percent"":0.0,""ws_mb"":38.578125,""private_mb"":13.2578125},{""pid"":48788,""name"":""node.exe"",""cpu_percent"":0.0,""ws_mb"":64.30859375,""private_mb"":69.75390625},{""pid"":31144,""name"":""conhost.exe"",""cpu_percent"":0.0,""ws_mb"":10.125,""private_mb"":1.75390625},{""pid"":45388,""name"":""electron.exe"",""cpu_percent"":0.02691684472439387,""ws_mb"":113.921875,""private_mb"":76.0703125},{""pid"":46504,""name"":""powershell.exe"",""cpu_percent"":1.9110959754319647,""ws_mb"":133.203125,""private_mb"":112.26953125},{""pid"":43264,""name"":""conhost.exe"",""cpu_percent"":0.0,""ws_mb"":7.65234375,""private_mb"":1.21875}]"
"2026-10-01T19:50:55.1596269Z","5.0503016","2.2430591075986435","616.88671875","464.00390625","162","3951","11","","0","44.94324045407637","1.359375","31144;37108;39656;43264;44696;45388;45764;46504;46944;47448;48788","[{""pid"":44696,""name"":""cmd.exe"",""cpu_percent"":0.0,""ws_mb"":8.12890625,""private_mb"":6.36328125},{""pid"":45764,""name"":""cmd.exe"",""cpu_percent"":0.0,""ws_mb"":8.140625,""private_mb"":4.7578125},{""pid"":47448,""name"":""node.exe"",""cpu_percent"":0.0,""ws_mb"":36.35546875,""private_mb"":19.55078125},{""pid"":39656,""name"":""electron.exe"",""cpu_percent"":0.2836051745239664,""ws_mb"":90.375,""private_mb"":44.16015625},{""pid"":37108,""name"":""electron.exe"",""cpu_percent"":0.12891144296543927,""ws_mb"":100.875,""private_mb"":109.65625},{""pid"":46944,""name"":""electron.exe"",""cpu_percent"":0.025782288593087854,""ws_mb"":38.578125,""private_mb"":13.2578125},{""pid"":48788,""name"":""node.exe"",""cpu_percent"":0.0,""ws_mb"":64.30859375,""private_mb"":69.75390625},{""pid"":31144,""name"":""conhost.exe"",""cpu_percent"":0.0,""ws_mb"":10.125,""private_mb"":1.75390625},{""pid"":45388,""name"":""electron.exe"",""cpu_percent"":0.18047602015161499,""ws_mb"":114.70703125,""private_mb"":76.8828125},{""pid"":46504,""name"":""powershell.exe"",""cpu_percent"":1.6242841813645348,""ws_mb"":137.640625,""private_mb"":116.6484375},{""pid"":43264,""name"":""conhost.exe"",""cpu_percent"":0.0,""ws_mb"":7.65234375,""private_mb"":1.21875}]"
"2026-10-01T19:51:00.2031557Z","5.0435288","2.220254331980154","607.46484375","456.44140625","166","3848","11","","0","60.345717234262125","1.34375","31144;37108;39656;43264;44696;45388;45764;46504;46944;47448;48788","[{""pid"":44696,""name"":""cmd.exe"",""cpu_percent"":0.0,""ws_mb"":8.12890625,""private_mb"":6.36328125},{""pid"":45764,""name"":""cmd.exe"",""cpu_percent"":0.0,""ws_mb"":8.2578125,""private_mb"":6.76953125},{""pid"":47448,""name"":""node.exe"",""cpu_percent"":0.0,""ws_mb"":36.46875,""private_mb"":19.6171875},{""pid"":39656,""name"":""electron.exe"",""cpu_percent"":0.15490146502187122,""ws_mb"":90.42578125,""private_mb"":44.19140625},{""pid"":37108,""name"":""electron.exe"",""cpu_percent"":0.05163382167395707,""ws_mb"":100.93359375,""private_mb"":109.66796875},{""pid"":46944,""name"":""electron.exe"",""cpu_percent"":0.0,""ws_mb"":38.578125,""private_mb"":13.2578125},{""pid"":48788,""name"":""node.exe"",""cpu_percent"":0.0,""ws_mb"":64.30859375,""private_mb"":69.75390625},{""pid"":31144,""name"":""conhost.exe"",""cpu_percent"":0.0,""ws_mb"":10.125,""private_mb"":1.75390625},{""pid"":45388,""name"":""electron.exe"",""cpu_percent"":0.05163382167395707,""ws_mb"":115.625,""private_mb"":77.8515625},{""pid"":46504,""name"":""powershell.exe"",""cpu_percent"":1.9620852236103687,""ws_mb"":126.9609375,""private_mb"":105.99609375},{""pid"":43264,""name"":""conhost.exe"",""cpu_percent"":0.0,""ws_mb"":7.65234375,""private_mb"":1.21875}]"
"2026-10-01T19:51:05.1646897Z","4.961534","1.9945108374412697","614.81640625","462.9296875","173","4908","11","","0","39.7739221871714","1.1875","31144;37108;39656;43264;44696;45388;45764;46504;46944;47448;48788","[{""pid"":44696,""name"":""cmd.exe"",""cpu_percent"":0.0,""ws_mb"":8.12890625,""private_mb"":6.36328125},{""pid"":45764,""name"":""cmd.exe"",""cpu_percent"":0.0,""ws_mb"":8.2578125,""private_mb"":6.76953125},{""pid"":47448,""name"":""node.exe"",""cpu_percent"":0.0,""ws_mb"":36.46875,""private_mb"":19.6171875},{""pid"":39656,""name"":""electron.exe"",""cpu_percent"":0.1312178182527151,""ws_mb"":90.625,""private_mb"":44.3125},{""pid"":37108,""name"":""electron.exe"",""cpu_percent"":0.10497425460217209,""ws_mb"":101.22265625,""private_mb"":109.703125},{""pid"":46944,""name"":""electron.exe"",""cpu_percent"":0.026243563650543023,""ws_mb"":38.66015625,""private_mb"":13.23828125},{""pid"":48788,""name"":""node.exe"",""cpu_percent"":0.0,""ws_mb"":64.30859375,""private_mb"":69.75390625},{""pid"":31144,""name"":""conhost.exe"",""cpu_percent"":0.0,""ws_mb"":10.125,""private_mb"":1.75390625},{""pid"":45388,""name"":""electron.exe"",""cpu_percent"":0.026243563650543023,""ws_mb"":115.75390625,""private_mb"":77.75},{""pid"":46504,""name"":""powershell.exe"",""cpu_percent"":1.7058316372852964,""ws_mb"":133.51171875,""private_mb"":112.41015625},{""pid"":43264,""name"":""conhost.exe"",""cpu_percent"":0.0,""ws_mb"":7.75390625,""private_mb"":1.2578125}]"
"2026-10-01T19:51:10.1544514Z","4.9897617","2.113703145382674","617.296875","465.5546875","172","3957","11","","0","40.052083333333336","1.265625","31144;37108;39656;43264;44696;45388;45764;46504;46944;47448;48788","[{""pid"":44696,""name"":""cmd.exe"",""cpu_percent"":0.0,""ws_mb"":8.12890625,""private_mb"":6.36328125},{""pid"":45764,""name"":""cmd.exe"",""cpu_percent"":0.0,""ws_mb"":8.2578125,""private_mb"":6.76953125},{""pid"":47448,""name"":""node.exe"",""cpu_percent"":0.0,""ws_mb"":36.46875,""private_mb"":19.6171875},{""pid"":39656,""name"":""electron.exe"",""cpu_percent"":0.28704610616307924,""ws_mb"":90.83203125,""private_mb"":44.71875},{""pid"":37108,""name"":""electron.exe"",""cpu_percent"":0.02609510056027993,""ws_mb"":101.29296875,""private_mb"":109.703125},{""pid"":46944,""name"":""electron.exe"",""cpu_percent"":0.02609510056027993,""ws_mb"":38.6640625,""private_mb"":13.2421875},{""pid"":48788,""name"":""node.exe"",""cpu_percent"":0.0,""ws_mb"":64.30859375,""private_mb"":69.75390625},{""pid"":31144,""name"":""conhost.exe"",""cpu_percent"":0.0,""ws_mb"":10.125,""private_mb"":1.75390625},{""pid"":45388,""name"":""electron.exe"",""cpu_percent"":0.07828530168083979,""ws_mb"":115.76171875,""private_mb"":77.8046875},{""pid"":46504,""name"":""powershell.exe"",""cpu_percent"":1.6961815364181954,""ws_mb"":135.703125,""private_mb"":114.5703125},{""pid"":43264,""name"":""conhost.exe"",""cpu_percent"":0.0,""ws_mb"":7.75390625,""private_mb"":1.2578125}]"
"2026-10-01T19:51:15.0488802Z","4.8944288","2.048460009606569","619.63671875","467.76171875","172","4754","11","","0","35.75612353567625","1.203125","31144;37108;39656;43264;44696;45388;45764;46504;46944;47448;48788","[{""pid"":44696,""name"":""cmd.exe"",""cpu_percent"":0.0,""ws_mb"":8.12890625,""private_mb"":6.36328125},{""pid"":45764,""name"":""cmd.exe"",""cpu_percent"":0.0,""ws_mb"":8.2578125,""private_mb"":6.76953125},{""pid"":47448,""name"":""node.exe"",""cpu_percent"":0.0,""ws_mb"":36.46875,""private_mb"":19.6171875},{""pid"":39656,""name"":""electron.exe"",""cpu_percent"":0.2660337674813726,""ws_mb"":90.8515625,""private_mb"":44.63671875},{""pid"":37108,""name"":""electron.exe"",""cpu_percent"":0.026603376748137255,""ws_mb"":101.34375,""private_mb"":109.69140625},{""pid"":46944,""name"":""electron.exe"",""cpu_percent"":0.0,""ws_mb"":38.6640625,""private_mb"":13.2421875},{""pid"":48788,""name"":""node.exe"",""cpu_percent"":0.0,""ws_mb"":64.30859375,""private_mb"":69.75390625},{""pid"":31144,""name"":""conhost.exe"",""cpu_percent"":0.0,""ws_mb"":10.125,""private_mb"":1.75390625},{""pid"":45388,""name"":""electron.exe"",""cpu_percent"":0.0,""ws_mb"":115.98046875,""private_mb"":78.0390625},{""pid"":46504,""name"":""powershell.exe"",""cpu_percent"":1.755822865377059,""ws_mb"":137.75390625,""private_mb"":116.63671875},{""pid"":43264,""name"":""conhost.exe"",""cpu_percent"":0.0,""ws_mb"":7.75390625,""private_mb"":1.2578125}]"
"2026-10-01T19:51:20.0802065Z","5.0313263","2.0444824525360903","610.67578125","458.54296875","173","4737","11","","0","38.37991718426501","1.234375","31144;37108;39656;43264;44696;45388;45764;46504;46944;47448;48788","[{""pid"":44696,""name"":""cmd.exe"",""cpu_percent"":0.0,""ws_mb"":8.12890625,""private_mb"":6.36328125},{""pid"":45764,""name"":""cmd.exe"",""cpu_percent"":0.0,""ws_mb"":8.2578125,""private_mb"":6.76953125},{""pid"":47448,""name"":""node.exe"",""cpu_percent"":0.0,""ws_mb"":36.46875,""private_mb"":19.6171875},{""pid"":39656,""name"":""electron.exe"",""cpu_percent"":0.181156673009527,""ws_mb"":90.94140625,""private_mb"":44.671875},{""pid"":37108,""name"":""electron.exe"",""cpu_percent"":0.2070361977251737,""ws_mb"":101.39453125,""private_mb"":109.703125},{""pid"":46944,""name"":""electron.exe"",""cpu_percent"":0.0,""ws_mb"":38.66015625,""private_mb"":13.23828125},{""pid"":48788,""name"":""node.exe"",""cpu_percent"":0.0,""ws_mb"":64.30859375,""private_mb"":69.75390625},{""pid"":31144,""name"":""conhost.exe"",""cpu_percent"":0.0,""ws_mb"":10.125,""private_mb"":1.75390625},{""pid"":45388,""name"":""electron.exe"",""cpu_percent"":0.051759049431293426,""ws_mb"":116.0625,""private_mb"":77.984375},{""pid"":46504,""name"":""powershell.exe"",""cpu_percent"":1.6045305323700962,""ws_mb"":128.57421875,""private_mb"":107.4296875},{""pid"":43264,""name"":""conhost.exe"",""cpu_percent"":0.0,""ws_mb"":7.75390625,""private_mb"":1.2578125}]"
"2026-10-01T19:51:25.1539549Z","5.0737484","1.9503989069172867","615.05859375","463.01953125","172","4790","11","","0","39.229781771501926","1.1875","31144;37108;39656;43264;44696;45388;45764;46504;46944;47448;48788","[{""pid"":44696,""name"":""cmd.exe"",""cpu_percent"":0.0,""ws_mb"":8.12890625,""private_mb"":6.36328125},{""pid"":45764,""name"":""cmd.exe"",""cpu_percent"":0.0,""ws_mb"":8.2578125,""private_mb"":6.76953125},{""pid"":47448,""name"":""node.exe"",""cpu_percent"":0.0,""ws_mb"":36.46875,""private_mb"":19.6171875},{""pid"":39656,""name"":""electron.exe"",""cpu_percent"":0.20530514809655648,""ws_mb"":91.05859375,""private_mb"":44.71875},{""pid"":37108,""name"":""electron.exe"",""cpu_percent"":0.02566314351206956,""ws_mb"":101.4765625,""private_mb"":109.703125},{""pid"":46944,""name"":""electron.exe"",""cpu_percent"":0.05132628702413912,""ws_mb"":38.66015625,""private_mb"":13.23828125},{""pid"":48788,""name"":""node.exe"",""cpu_percent"":0.0,""ws_mb"":64.30859375,""private_mb"":69.75390625},{""pid"":31144,""name"":""conhost.exe"",""cpu_percent"":0.0,""ws_mb"":10.125,""private_mb"":1.75390625},{""pid"":45388,""name"":""electron.exe"",""cpu_percent"":0.10265257404827824,""ws_mb"":116.0078125,""private_mb"":78.1875},{""pid"":46504,""name"":""powershell.exe"",""cpu_percent"":1.5654517542362432,""ws_mb"":132.8125,""private_mb"":111.65625},{""pid"":43264,""name"":""conhost.exe"",""cpu_percent"":0.0,""ws_mb"":7.75390625,""private_mb"":1.2578125}]"
"2026-10-01T19:51:30.0766208Z","4.9226659","2.1689636368239684","619.84765625","465.91015625","172","4758","11","","0","51.73051519154558","1.28125","31144;37108;39656;43264;44696;45388;45764;46504;46944;47448;48788","[{""pid"":44696,""name"":""cmd.exe"",""cpu_percent"":0.0,""ws_mb"":8.12890625,""private_mb"":6.36328125},{""pid"":45764,""name"":""cmd.exe"",""cpu_percent"":0.0,""ws_mb"":8.2578125,""private_mb"":6.76953125},{""pid"":47448,""name"":""node.exe"",""cpu_percent"":0.0,""ws_mb"":36.46875,""private_mb"":19.6171875},{""pid"":39656,""name"":""electron.exe"",""cpu_percent"":0.1587046563529733,""ws_mb"":93.42578125,""private_mb"":45.2734375},{""pid"":37108,""name"":""electron.exe"",""cpu_percent"":0.0,""ws_mb"":101.546875,""private_mb"":109.703125},{""pid"":46944,""name"":""electron.exe"",""cpu_percent"":0.02645077605882888,""ws_mb"":38.66015625,""private_mb"":13.23828125},{""pid"":48788,""name"":""node.exe"",""cpu_percent"":0.0,""ws_mb"":64.30859375,""private_mb"":69.75390625},{""pid"":31144,""name"":""conhost.exe"",""cpu_percent"":0.0,""ws_mb"":10.125,""private_mb"":1.75390625},{""pid"":45388,""name"":""electron.exe"",""cpu_percent"":0.02645077605882888,""ws_mb"":116.07421875,""private_mb"":78.203125},{""pid"":46504,""name"":""powershell.exe"",""cpu_percent"":1.9573574283533373,""ws_mb"":135.09765625,""private_mb"":113.9765625},{""pid"":43264,""name"":""conhost.exe"",""cpu_percent"":0.0,""ws_mb"":7.75390625,""private_mb"":1.2578125}]"
"2026-10-01T19:51:35.4084778Z","5.331857","2.1734532015143437","622.3359375","467.98046875","173","4592","11","","0","62.023460410557185","1.390625","31144;37108;39656;43264;44696;45388;45764;46504;46944;47448;48788","[{""pid"":44696,""name"":""cmd.exe"",""cpu_percent"":0.0,""ws_mb"":8.12890625,""private_mb"":6.36328125},{""pid"":45764,""name"":""cmd.exe"",""cpu_percent"":0.0,""ws_mb"":8.2578125,""private_mb"":6.76953125},{""pid"":47448,""name"":""node.exe"",""cpu_percent"":0.0,""ws_mb"":36.46875,""private_mb"":19.6171875},{""pid"":39656,""name"":""electron.exe"",""cpu_percent"":0.1465249349335513,""ws_mb"":93.328125,""private_mb"":45.0625},{""pid"":37108,""name"":""electron.exe"",""cpu_percent"":0.024420822488925215,""ws_mb"":101.5546875,""private_mb"":109.63671875},{""pid"":46944,""name"":""electron.exe"",""cpu_percent"":0.0,""ws_mb"":38.6640625,""private_mb"":13.24609375},{""pid"":48788,""name"":""node.exe"",""cpu_percent"":0.0,""ws_mb"":64.30859375,""private_mb"":69.75390625},{""pid"":31144,""name"":""conhost.exe"",""cpu_percent"":0.0,""ws_mb"":10.125,""private_mb"":1.75390625},{""pid"":45388,""name"":""electron.exe"",""cpu_percent"":0.04884164497785043,""ws_mb"":115.87109375,""private_mb"":77.7578125},{""pid"":46504,""name"":""powershell.exe"",""cpu_percent"":1.953665799114017,""ws_mb"":137.875,""private_mb"":116.76171875},{""pid"":43264,""name"":""conhost.exe"",""cpu_percent"":0.0,""ws_mb"":7.75390625,""private_mb"":1.2578125}]"
"2026-10-01T19:51:40.2240453Z","4.8155675","2.000889130235775","606.671875","452.359375","172","4595","11","","0","67.50541125541126","1.15625","31144;37108;39656;43264;44696;45388;45764;46504;46944;47448;48788","[{""pid"":44696,""name"":""cmd.exe"",""cpu_percent"":0.0,""ws_mb"":8.12890625,""private_mb"":6.36328125},{""pid"":45764,""name"":""cmd.exe"",""cpu_percent"":0.0,""ws_mb"":8.2578125,""private_mb"":6.76953125},{""pid"":47448,""name"":""node.exe"",""cpu_percent"":0.0,""ws_mb"":36.46875,""private_mb"":19.6171875},{""pid"":39656,""name"":""electron.exe"",""cpu_percent"":0.18927329610338414,""ws_mb"":93.33984375,""private_mb"":45.01171875},{""pid"":37108,""name"":""electron.exe"",""cpu_percent"":0.02703904230048345,""ws_mb"":101.66796875,""private_mb"":109.703125},{""pid"":46944,""name"":""electron.exe"",""cpu_percent"":0.0,""ws_mb"":38.6640625,""private_mb"":13.24609375},{""pid"":48788,""name"":""node.exe"",""cpu_percent"":0.0,""ws_mb"":64.30859375,""private_mb"":69.75390625},{""pid"":31144,""name"":""conhost.exe"",""cpu_percent"":0.0,""ws_mb"":10.125,""private_mb"":1.75390625},{""pid"":45388,""name"":""electron.exe"",""cpu_percent"":0.0540780846009669,""ws_mb"":117.0703125,""private_mb"":79.12109375},{""pid"":46504,""name"":""powershell.exe"",""cpu_percent"":1.7304987072309408,""ws_mb"":120.88671875,""private_mb"":99.76171875},{""pid"":43264,""name"":""conhost.exe"",""cpu_percent"":0.0,""ws_mb"":7.75390625,""private_mb"":1.2578125}]"
"2026-10-01T19:51:45.1546502Z","4.9306049","2.271104031610131","608.62109375","453.96875","172","4121","11","","0","51.687763713080166","1.34375","31144;37108;39656;43264;44696;45388;45764;46504;46944;47448;48788","[{""pid"":44696,""name"":""cmd.exe"",""cpu_percent"":0.0,""ws_mb"":8.12890625,""private_mb"":6.36328125},{""pid"":45764,""name"":""cmd.exe"",""cpu_percent"":0.0,""ws_mb"":8.2578125,""private_mb"":6.76953125},{""pid"":47448,""name"":""node.exe"",""cpu_percent"":0.0,""ws_mb"":36.46875,""private_mb"":19.6171875},{""pid"":39656,""name"":""electron.exe"",""cpu_percent"":0.18485730489849903,""ws_mb"":93.46484375,""private_mb"":45.09375},{""pid"":37108,""name"":""electron.exe"",""cpu_percent"":0.02640818641407129,""ws_mb"":101.73046875,""private_mb"":109.703125},{""pid"":46944,""name"":""electron.exe"",""cpu_percent"":0.02640818641407129,""ws_mb"":38.6640625,""private_mb"":13.24609375},{""pid"":48788,""name"":""node.exe"",""cpu_percent"":0.0,""ws_mb"":64.30859375,""private_mb"":69.75390625},{""pid"":31144,""name"":""conhost.exe"",""cpu_percent"":0.0,""ws_mb"":10.125,""private_mb"":1.75390625},{""pid"":45388,""name"":""electron.exe"",""cpu_percent"":0.07922455924221387,""ws_mb"":115.7265625,""private_mb"":77.578125},{""pid"":46504,""name"":""powershell.exe"",""cpu_percent"":1.9542057946412754,""ws_mb"":123.9921875,""private_mb"":102.83203125},{""pid"":43264,""name"":""conhost.exe"",""cpu_percent"":0.0,""ws_mb"":7.75390625,""private_mb"":1.2578125}]"
"2026-10-01T19:51:50.2913759Z","5.1367257","2.4841537998937078","611.65625","457.04296875","173","4394","11","","0","68.1910569105691","1.53125","31144;37108;39656;43264;44696;45388;45764;46504;46944;47448;48788","[{""pid"":44696,""name"":""cmd.exe"",""cpu_percent"":0.0,""ws_mb"":8.12890625,""private_mb"":6.36328125},{""pid"":45764,""name"":""cmd.exe"",""cpu_percent"":0.0,""ws_mb"":8.2578125,""private_mb"":6.76953125},{""pid"":47448,""name"":""node.exe"",""cpu_percent"":0.0,""ws_mb"":36.46875,""private_mb"":19.6171875},{""pid"":39656,""name"":""electron.exe"",""cpu_percent"":0.2281365734596262,""ws_mb"":93.6015625,""private_mb"":45.390625},{""pid"":37108,""name"":""electron.exe"",""cpu_percent"":0.15209104897308415,""ws_mb"":101.8515625,""private_mb"":109.703125},{""pid"":46944,""name"":""electron.exe"",""cpu_percent"":0.025348508162180688,""ws_mb"":38.66796875,""private_mb"":13.25},{""pid"":48788,""name"":""node.exe"",""cpu_percent"":0.0,""ws_mb"":64.30859375,""private_mb"":69.75390625},{""pid"":31144,""name"":""conhost.exe"",""cpu_percent"":0.0,""ws_mb"":10.125,""private_mb"":1.75390625},{""pid"":45388,""name"":""electron.exe"",""cpu_percent"":0.12674254081090344,""ws_mb"":114.265625,""private_mb"":76.0625},{""pid"":46504,""name"":""powershell.exe"",""cpu_percent"":1.9518351284879132,""ws_mb"":128.2265625,""private_mb"":107.12109375},{""pid"":43264,""name"":""conhost.exe"",""cpu_percent"":0.0,""ws_mb"":7.75390625,""private_mb"":1.2578125}]"
"2026-10-01T19:51:55.2341063Z","4.9427304","2.186502356403389","596.5","441.94140625","172","3952","11","","0","49.34279705573081","1.296875","31144;37108;39656;43264;44696;45388;45764;46504;46944;47448;48788","[{""pid"":44696,""name"":""cmd.exe"",""cpu_percent"":0.0,""ws_mb"":8.12890625,""private_mb"":6.36328125},{""pid"":45764,""name"":""cmd.exe"",""cpu_percent"":0.0,""ws_mb"":8.2578125,""private_mb"":6.76953125},{""pid"":47448,""name"":""node.exe"",""cpu_percent"":0.0,""ws_mb"":36.46875,""private_mb"":19.6171875},{""pid"":39656,""name"":""electron.exe"",""cpu_percent"":0.28977742072816,""ws_mb"":93.9140625,""private_mb"":45.9375},{""pid"":37108,""name"":""electron.exe"",""cpu_percent"":0.07903020565313455,""ws_mb"":101.8203125,""private_mb"":109.59375},{""pid"":46944,""name"":""electron.exe"",""cpu_percent"":0.0,""ws_mb"":38.66796875,""private_mb"":13.25},{""pid"":48788,""name"":""node.exe"",""cpu_percent"":0.0,""ws_mb"":64.30859375,""private_mb"":69.75390625},{""pid"":31144,""name"":""conhost.exe"",""cpu_percent"":0.0,""ws_mb"":10.125,""private_mb"":1.75390625},{""pid"":45388,""name"":""electron.exe"",""cpu_percent"":0.07903020565313455,""ws_mb"":114.328125,""private_mb"":76.1171875},{""pid"":46504,""name"":""powershell.exe"",""cpu_percent"":1.73866452436896,""ws_mb"":112.7265625,""private_mb"":91.52734375},{""pid"":43264,""name"":""conhost.exe"",""cpu_percent"":0.0,""ws_mb"":7.75390625,""private_mb"":1.2578125}]"
"2026-10-01T19:52:00.1978029Z","4.9636966","2.151034640862887","609.23046875","454.62890625","172","3863","11","","0","76.0515247108307","1.28125","31144;37108;39656;43264;44696;45388;45764;46504;46944;47448;48788","[{""pid"":44696,""name"":""cmd.exe"",""cpu_percent"":0.0,""ws_mb"":8.12890625,""private_mb"":6.36328125},{""pid"":45764,""name"":""cmd.exe"",""cpu_percent"":0.0,""ws_mb"":8.2578125,""private_mb"":6.76953125},{""pid"":47448,""name"":""node.exe"",""cpu_percent"":0.0,""ws_mb"":36.46875,""private_mb"":19.6171875},{""pid"":39656,""name"":""electron.exe"",""cpu_percent"":0.18362490836634401,""ws_mb"":94.07421875,""private_mb"":46.01171875},{""pid"":37108,""name"":""electron.exe"",""cpu_percent"":0.0,""ws_mb"":101.91015625,""private_mb"":109.69140625},{""pid"":46944,""name"":""electron.exe"",""cpu_percent"":0.0,""ws_mb"":38.6796875,""private_mb"":13.26171875},{""pid"":48788,""name"":""node.exe"",""cpu_percent"":0.0,""ws_mb"":64.30859375,""private_mb"":69.75390625},{""pid"":31144,""name"":""conhost.exe"",""cpu_percent"":0.0,""ws_mb"":10.125,""private_mb"":1.75390625},{""pid"":45388,""name"":""electron.exe"",""cpu_percent"":0.026232129766620572,""ws_mb"":114.44921875,""private_mb"":76.2265625},{""pid"":46504,""name"":""powershell.exe"",""cpu_percent"":1.9411776027299226,""ws_mb"":125.07421875,""private_mb"":103.921875},{""pid"":43264,""name"":""conhost.exe"",""cpu_percent"":0.0,""ws_mb"":7.75390625,""private_mb"":1.2578125}]"
"2026-10-01T19:52:05.2072214Z","5.0094185","1.4555914357458188","609.234375","454.50390625","173","4040","11","","0","61.78608515057113","0.875","31144;37108;39656;43264;44696;45388;45764;46504;46944;47448;48788","[{""pid"":44696,""name"":""cmd.exe"",""cpu_percent"":0.0,""ws_mb"":8.12890625,""private_mb"":6.36328125},{""pid"":45764,""name"":""cmd.exe"",""cpu_percent"":0.0,""ws_mb"":8.2578125,""private_mb"":6.76953125},{""pid"":47448,""name"":""node.exe"",""cpu_percent"":0.0,""ws_mb"":36.46875,""private_mb"":19.6171875},{""pid"":39656,""name"":""electron.exe"",""cpu_percent"":0.1559562252584806,""ws_mb"":94.20703125,""private_mb"":46.08203125},{""pid"":37108,""name"":""electron.exe"",""cpu_percent"":0.0779781126292403,""ws_mb"":102,""private_mb"":109.703125},{""pid"":46944,""name"":""electron.exe"",""cpu_percent"":0.0,""ws_mb"":38.68359375,""private_mb"":13.26171875},{""pid"":48788,""name"":""node.exe"",""cpu_percent"":0.0,""ws_mb"":64.30859375,""private_mb"":69.75390625},{""pid"":31144,""name"":""conhost.exe"",""cpu_percent"":0.0,""ws_mb"":10.125,""private_mb"":1.75390625},{""pid"":45388,""name"":""electron.exe"",""cpu_percent"":0.0,""ws_mb"":114.25390625,""private_mb"":76.046875},{""pid"":46504,""name"":""powershell.exe"",""cpu_percent"":1.221657097858098,""ws_mb"":125.046875,""private_mb"":103.89453125},{""pid"":43264,""name"":""conhost.exe"",""cpu_percent"":0.0,""ws_mb"":7.75390625,""private_mb"":1.2578125}]"
"2026-10-01T19:52:10.3295820Z","5.1223606","2.567379123341427","618.1875","463.1640625","172","4050","11","","0","73.78048780487805","1.578125","31144;37108;39656;43264;44696;45388;45764;46504;46944;47448;48788","[{""pid"":44696,""name"":""cmd.exe"",""cpu_percent"":0.0,""ws_mb"":8.12890625,""private_mb"":6.36328125},{""pid"":45764,""name"":""cmd.exe"",""cpu_percent"":0.0,""ws_mb"":8.2578125,""private_mb"":6.76953125},{""pid"":47448,""name"":""node.exe"",""cpu_percent"":0.0,""ws_mb"":36.46875,""private_mb"":19.6171875},{""pid"":39656,""name"":""electron.exe"",""cpu_percent"":0.2033567622448655,""ws_mb"":93.30859375,""private_mb"":44.93359375},{""pid"":37108,""name"":""electron.exe"",""cpu_percent"":0.07625878584182456,""ws_mb"":102.06640625,""private_mb"":109.703125},{""pid"":46944,""name"":""electron.exe"",""cpu_percent"":0.05083919056121638,""ws_mb"":38.68359375,""private_mb"":13.26171875},{""pid"":48788,""name"":""node.exe"",""cpu_percent"":0.0,""ws_mb"":64.30859375,""private_mb"":69.75390625},{""pid"":31144,""name"":""conhost.exe"",""cpu_percent"":0.0,""ws_mb"":10.125,""private_mb"":1.75390625},{""pid"":45388,""name"":""electron.exe"",""cpu_percent"":0.10167838112243276,""ws_mb"":114.28125,""private_mb"":76.0546875},{""pid"":46504,""name"":""powershell.exe"",""cpu_percent"":2.135246003571088,""ws_mb"":134.8046875,""private_mb"":113.6953125},{""pid"":43264,""name"":""conhost.exe"",""cpu_percent"":0.0,""ws_mb"":7.75390625,""private_mb"":1.2578125}]"
"2026-10-01T19:52:15.2108600Z","4.881278","2.4274295242625668","621.1328125","465.91796875","172","4780","11","","0","70.77991452991454","1.421875","31144;37108;39656;43264;44696;45388;45764;46504;46944;47448;48788","[{""pid"":44696,""name"":""cmd.exe"",""cpu_percent"":0.0,""ws_mb"":8.12890625,""private_mb"":6.36328125},{""pid"":45764,""name"":""cmd.exe"",""cpu_percent"":0.0,""ws_mb"":8.2578125,""private_mb"":6.76953125},{""pid"":47448,""name"":""node.exe"",""cpu_percent"":0.0,""ws_mb"":36.46875,""private_mb"":19.6171875},{""pid"":39656,""name"":""electron.exe"",""cpu_percent"":0.21340039773736852,""ws_mb"":92.93359375,""private_mb"":44.4765625},{""pid"":37108,""name"":""electron.exe"",""cpu_percent"":0.10670019886868426,""ws_mb"":102.08203125,""private_mb"":109.625},{""pid"":46944,""name"":""electron.exe"",""cpu_percent"":0.0,""ws_mb"":38.68359375,""private_mb"":13.26171875},{""pid"":48788,""name"":""node.exe"",""cpu_percent"":0.0,""ws_mb"":64.30859375,""private_mb"":69.75390625},{""pid"":31144,""name"":""conhost.exe"",""cpu_percent"":0.0,""ws_mb"":10.125,""private_mb"":1.75390625},{""pid"":45388,""name"":""electron.exe"",""cpu_percent"":0.026675049717171065,""ws_mb"":114.3046875,""private_mb"":76.0859375},{""pid"":46504,""name"":""powershell.exe"",""cpu_percent"":2.080653877939343,""ws_mb"":138.0859375,""private_mb"":116.953125},{""pid"":43264,""name"":""conhost.exe"",""cpu_percent"":0.0,""ws_mb"":7.75390625,""private_mb"":1.2578125}]"
"2026-10-01T19:52:20.3817770Z","5.170917","2.1907381224645452","609.9453125","454.65234375","173","4048","11","","0","53.62537764350453","1.359375","31144;37108;39656;43264;44696;45388;45764;46504;46944;47448;48788","[{""pid"":44696,""name"":""cmd.exe"",""cpu_percent"":0.0,""ws_mb"":8.12890625,""private_mb"":6.36328125},{""pid"":45764,""name"":""cmd.exe"",""cpu_percent"":0.0,""ws_mb"":8.2578125,""private_mb"":6.76953125},{""pid"":47448,""name"":""node.exe"",""cpu_percent"":0.0,""ws_mb"":36.46875,""private_mb"":19.6171875},{""pid"":39656,""name"":""electron.exe"",""cpu_percent"":0.20144718367490072,""ws_mb"":92.94140625,""private_mb"":44.5078125},{""pid"":37108,""name"":""electron.exe"",""cpu_percent"":0.05036179591872518,""ws_mb"":102.23046875,""private_mb"":109.69140625},{""pid"":46944,""name"":""electron.exe"",""cpu_percent"":0.05036179591872518,""ws_mb"":38.6875,""private_mb"":13.26171875},{""pid"":48788,""name"":""node.exe"",""cpu_percent"":0.0,""ws_mb"":64.30859375,""private_mb"":69.75390625},{""pid"":31144,""name"":""conhost.exe"",""cpu_percent"":0.0,""ws_mb"":10.125,""private_mb"":1.75390625},{""pid"":45388,""name"":""electron.exe"",""cpu_percent"":0.02518089795936259,""ws_mb"":114.28125,""private_mb"":76.015625},{""pid"":46504,""name"":""powershell.exe"",""cpu_percent"":1.8633864489928316,""ws_mb"":126.76171875,""private_mb"":105.66015625},{""pid"":43264,""name"":""conhost.exe"",""cpu_percent"":0.0,""ws_mb"":7.75390625,""private_mb"":1.2578125}]"
"2026-10-01T19:52:25.6704919Z","5.2887149","2.1665628701848405","609.98828125","452.55859375","166","4194","11","","0","97.59095378564405","1.375","31144;37108;39656;43264;44696;45388;45764;46504;46944;47448;48788","[{""pid"":44696,""name"":""cmd.exe"",""cpu_percent"":0.0,""ws_mb"":8.1015625,""private_mb"":4.3515625},{""pid"":45764,""name"":""cmd.exe"",""cpu_percent"":0.0,""ws_mb"":8.2578125,""private_mb"":6.76953125},{""pid"":47448,""name"":""node.exe"",""cpu_percent"":0.0,""ws_mb"":36.46875,""private_mb"":19.6171875},{""pid"":39656,""name"":""electron.exe"",""cpu_percent"":0.27082035877310506,""ws_mb"":93.00390625,""private_mb"":44.5546875},{""pid"":37108,""name"":""electron.exe"",""cpu_percent"":0.22158029354163142,""ws_mb"":102.26171875,""private_mb"":109.703125},{""pid"":46944,""name"":""electron.exe"",""cpu_percent"":0.04924006523147365,""ws_mb"":38.6953125,""private_mb"":13.26171875},{""pid"":48788,""name"":""node.exe"",""cpu_percent"":0.0,""ws_mb"":64.2734375,""private_mb"":69.6875},{""pid"":31144,""name"":""conhost.exe"",""cpu_percent"":0.0,""ws_mb"":10.08203125,""private_mb"":1.6796875},{""pid"":45388,""name"":""electron.exe"",""cpu_percent"":0.14772019569442096,""ws_mb"":114.30078125,""private_mb"":76.046875},{""pid"":46504,""name"":""powershell.exe"",""cpu_percent"":1.4772019569442094,""ws_mb"":126.7890625,""private_mb"":105.62890625},{""pid"":43264,""name"":""conhost.exe"",""cpu_percent"":0.0,""ws_mb"":7.75390625,""private_mb"":1.2578125}]"
"2026-10-01T19:52:31.0014317Z","5.3309398","2.7600277284441788","609.8828125","445.16796875","166","4539","11","","0","96.30987292277615","1.765625","31144;37108;39656;43264;44696;45388;45764;46504;46944;47448;48788","[{""pid"":44696,""name"":""cmd.exe"",""cpu_percent"":0.0,""ws_mb"":8.1015625,""private_mb"":4.3515625},{""pid"":45764,""name"":""cmd.exe"",""cpu_percent"":0.0,""ws_mb"":8.2578125,""private_mb"":6.76953125},{""pid"":47448,""name"":""node.exe"",""cpu_percent"":0.0,""ws_mb"":36.46875,""private_mb"":19.6171875},{""pid"":39656,""name"":""electron.exe"",""cpu_percent"":0.17097516901866594,""ws_mb"":93.0390625,""private_mb"":44.609375},{""pid"":37108,""name"":""electron.exe"",""cpu_percent"":0.24425024145523705,""ws_mb"":102.0625,""private_mb"":102.1796875},{""pid"":46944,""name"":""electron.exe"",""cpu_percent"":0.0,""ws_mb"":38.69921875,""private_mb"":13.26171875},{""pid"":48788,""name"":""node.exe"",""cpu_percent"":0.0,""ws_mb"":64.2734375,""private_mb"":69.6875},{""pid"":31144,""name"":""conhost.exe"",""cpu_percent"":0.0,""ws_mb"":10.08203125,""private_mb"":1.6796875},{""pid"":45388,""name"":""electron.exe"",""cpu_percent"":0.09770009658209483,""ws_mb"":114.3203125,""private_mb"":76.06640625},{""pid"":46504,""name"":""powershell.exe"",""cpu_percent"":2.247102221388181,""ws_mb"":126.82421875,""private_mb"":105.6875},{""pid"":43264,""name"":""conhost.exe"",""cpu_percent"":0.0,""ws_mb"":7.75390625,""private_mb"":1.2578125}]"
"2026-10-01T19:52:35.6947919Z","4.6933602","2.8575386848282673","612.53515625","447.76953125","167","3864","11","","0","93.52777777777777","1.609375","31144;37108;39656;43264;44696;45388;45764;46504;46944;47448;48788","[{""pid"":44696,""name"":""cmd.exe"",""cpu_percent"":0.0,""ws_mb"":8.1015625,""private_mb"":4.3515625},{""pid"":45764,""name"":""cmd.exe"",""cpu_percent"":0.0,""ws_mb"":8.2578125,""private_mb"":6.76953125},{""pid"":47448,""name"":""node.exe"",""cpu_percent"":0.0,""ws_mb"":36.46875,""private_mb"":19.6171875},{""pid"":39656,""name"":""electron.exe"",""cpu_percent"":0.24968784624713017,""ws_mb"":93.078125,""private_mb"":44.6484375},{""pid"":37108,""name"":""electron.exe"",""cpu_percent"":0.305174034302048,""ws_mb"":101.97265625,""private_mb"":102.0859375},{""pid"":46944,""name"":""electron.exe"",""cpu_percent"":0.0,""ws_mb"":38.703125,""private_mb"":13.265625},{""pid"":48788,""name"":""node.exe"",""cpu_percent"":0.0,""ws_mb"":64.2734375,""private_mb"":69.6875},{""pid"":31144,""name"":""conhost.exe"",""cpu_percent"":0.0,""ws_mb"":10.08203125,""private_mb"":1.6796875},{""pid"":45388,""name"":""electron.exe"",""cpu_percent"":0.11097237610983564,""ws_mb"":114.48828125,""private_mb"":76.22265625},{""pid"":46504,""name"":""powershell.exe"",""cpu_percent"":2.191704428169254,""ws_mb"":129.35546875,""private_mb"":108.18359375},{""pid"":43264,""name"":""conhost.exe"",""cpu_percent"":0.0,""ws_mb"":7.75390625,""private_mb"":1.2578125}]"
"2026-10-01T19:52:40.9780824Z","5.2832905","2.045560747921521","613.83203125","447.07421875","162","4069","11","","0","89.39842209072978","1.296875","31144;37108;39656;43264;44696;45388;45764;46504;46944;47448;48788","[{""pid"":44696,""name"":""cmd.exe"",""cpu_percent"":0.0,""ws_mb"":8.1015625,""private_mb"":4.3515625},{""pid"":45764,""name"":""cmd.exe"",""cpu_percent"":0.0,""ws_mb"":8.23046875,""private_mb"":4.7578125},{""pid"":47448,""name"":""node.exe"",""cpu_percent"":0.0,""ws_mb"":36.43359375,""private_mb"":19.55078125},{""pid"":39656,""name"":""electron.exe"",""cpu_percent"":0.22180779194329747,""ws_mb"":93.12109375,""private_mb"":44.69140625},{""pid"":37108,""name"":""electron.exe"",""cpu_percent"":0.19716248172737552,""ws_mb"":101.98046875,""private_mb"":102.09765625},{""pid"":46944,""name"":""electron.exe"",""cpu_percent"":0.02464531021592194,""ws_mb"":38.703125,""private_mb"":13.265625},{""pid"":48788,""name"":""node.exe"",""cpu_percent"":0.0,""ws_mb"":64.2734375,""private_mb"":69.6875},{""pid"":31144,""name"":""conhost.exe"",""cpu_percent"":0.0,""ws_mb"":10.08203125,""private_mb"":1.6796875},{""pid"":45388,""name"":""electron.exe"",""cpu_percent"":0.07393593064776582,""ws_mb"":114.4765625,""private_mb"":76.22265625},{""pid"":46504,""name"":""powershell.exe"",""cpu_percent"":1.5280092333871604,""ws_mb"":130.67578125,""private_mb"":109.51171875},{""pid"":43264,""name"":""conhost.exe"",""cpu_percent"":0.0,""ws_mb"":7.75390625,""private_mb"":1.2578125}]"
"2026-10-01T19:52:45.2252179Z","4.2471355","3.157765588908885","623.14453125","456.23828125","154","4835","11","","0","78.79901960784314","1.609375","31144;37108;39656;43264;44696;45388;45764;46504;46944;47448;48788","[{""pid"":44696,""name"":""cmd.exe"",""cpu_percent"":0.0,""ws_mb"":8.1015625,""private_mb"":4.3515625},{""pid"":45764,""name"":""cmd.exe"",""cpu_percent"":0.0,""ws_mb"":8.23046875,""private_mb"":4.7578125},{""pid"":47448,""name"":""node.exe"",""cpu_percent"":0.0,""ws_mb"":36.43359375,""private_mb"":19.55078125},{""pid"":39656,""name"":""electron.exe"",""cpu_percent"":0.21460542837244853,""ws_mb"":93.15234375,""private_mb"":44.66796875},{""pid"":37108,""name"":""electron.exe"",""cpu_percent"":0.24526334671136973,""ws_mb"":101.953125,""private_mb"":102.03125},{""pid"":46944,""name"":""electron.exe"",""cpu_percent"":0.0,""ws_mb"":38.703125,""private_mb"":13.265625},{""pid"":48788,""name"":""node.exe"",""cpu_percent"":0.0,""ws_mb"":64.2734375,""private_mb"":69.6875},{""pid"":31144,""name"":""conhost.exe"",""cpu_percent"":0.0,""ws_mb"":10.08203125,""private_mb"":1.6796875},{""pid"":45388,""name"":""electron.exe"",""cpu_percent"":0.061315836677842434,""ws_mb"":114.5078125,""private_mb"":76.2109375},{""pid"":46504,""name"":""powershell.exe"",""cpu_percent"":2.636580977147225,""ws_mb"":139.97265625,""private_mb"":118.8125},{""pid"":43264,""name"":""conhost.exe"",""cpu_percent"":0.0,""ws_mb"":7.734375,""private_mb"":1.22265625}]"
"2026-10-01T19:52:50.8402783Z","5.6150604","2.481236295635692","609.07421875","442.16015625","155","4243","11","","0","86.7824074074074","1.671875","31144;37108;39656;43264;44696;45388;45764;46504;46944;47448;48788","[{""pid"":44696,""name"":""cmd.exe"",""cpu_percent"":0.0,""ws_mb"":8.1015625,""private_mb"":4.3515625},{""pid"":45764,""name"":""cmd.exe"",""cpu_percent"":0.0,""ws_mb"":8.23046875,""private_mb"":4.7578125},{""pid"":47448,""name"":""node.exe"",""cpu_percent"":0.0,""ws_mb"":36.43359375,""private_mb"":19.55078125},{""pid"":39656,""name"":""electron.exe"",""cpu_percent"":0.16232386980794247,""ws_mb"":93.0078125,""private_mb"":44.5234375},{""pid"":37108,""name"":""electron.exe"",""cpu_percent"":0.30145861535760743,""ws_mb"":101.95703125,""private_mb"":102.03125},{""pid"":46944,""name"":""electron.exe"",""cpu_percent"":0.023189124258277495,""ws_mb"":38.70703125,""private_mb"":13.26953125},{""pid"":48788,""name"":""node.exe"",""cpu_percent"":0.0,""ws_mb"":64.2734375,""private_mb"":69.6875},{""pid"":31144,""name"":""conhost.exe"",""cpu_percent"":0.0,""ws_mb"":10.08203125,""private_mb"":1.6796875},{""pid"":45388,""name"":""electron.exe"",""cpu_percent"":0.16232386980794247,""ws_mb"":114.27734375,""private_mb"":75.9921875},{""pid"":46504,""name"":""powershell.exe"",""cpu_percent"":1.8319408164039221,""ws_mb"":126.26953125,""private_mb"":105.09375},{""pid"":43264,""name"":""conhost.exe"",""cpu_percent"":0.0,""ws_mb"":7.734375,""private_mb"":1.22265625}]"
"2026-10-01T19:52:56.0381868Z","5.1979085","2.7304652117930384","608.38671875","441.3359375","154","3885","11","","0","97.08835341365462","1.703125","31144;37108;39656;43264;44696;45388;45764;46504;46944;47448;48788","[{""pid"":44696,""name"":""cmd.exe"",""cpu_percent"":0.0,""ws_mb"":8.1015625,""private_mb"":4.3515625},{""pid"":45764,""name"":""cmd.exe"",""cpu_percent"":0.0,""ws_mb"":8.23046875,""private_mb"":4.7578125},{""pid"":47448,""name"":""node.exe"",""cpu_percent"":0.0,""ws_mb"":36.43359375,""private_mb"":19.55078125},{""pid"":39656,""name"":""electron.exe"",""cpu_percent"":0.0501002791154686,""ws_mb"":93.125,""private_mb"":44.640625},{""pid"":37108,""name"":""electron.exe"",""cpu_percent"":0.25050139557734297,""ws_mb"":101.94140625,""private_mb"":102.01953125},{""pid"":46944,""name"":""electron.exe"",""cpu_percent"":0.0,""ws_mb"":38.734375,""private_mb"":13.28125},{""pid"":48788,""name"":""node.exe"",""cpu_percent"":0.0,""ws_mb"":64.2734375,""private_mb"":69.6875},{""pid"":31144,""name"":""conhost.exe"",""cpu_percent"":0.0,""ws_mb"":10.08203125,""private_mb"":1.6796875},{""pid"":45388,""name"":""electron.exe"",""cpu_percent"":0.0,""ws_mb"":114.28515625,""private_mb"":75.98046875},{""pid"":46504,""name"":""powershell.exe"",""cpu_percent"":2.429863537100227,""ws_mb"":125.4453125,""private_mb"":104.1640625},{""pid"":43264,""name"":""conhost.exe"",""cpu_percent"":0.0,""ws_mb"":7.734375,""private_mb"":1.22265625}]"
"2026-10-01T19:53:00.8130632Z","4.7748764","2.3451741424483084","614.10546875","447.17578125","155","4061","11","","0","91.04030501089325","1.34375","31144;37108;39656;43264;44696;45388;45764;46504;46944;47448;48788","[{""pid"":44696,""name"":""cmd.exe"",""cpu_percent"":0.0,""ws_mb"":8.1015625,""private_mb"":4.3515625},{""pid"":45764,""name"":""cmd.exe"",""cpu_percent"":0.0,""ws_mb"":8.23046875,""private_mb"":4.7578125},{""pid"":47448,""name"":""node.exe"",""cpu_percent"":0.0,""ws_mb"":36.43359375,""private_mb"":19.55078125},{""pid"":39656,""name"":""electron.exe"",""cpu_percent"":0.13634733386327375,""ws_mb"":93.17578125,""private_mb"":44.69921875},{""pid"":37108,""name"":""electron.exe"",""cpu_percent"":0.436311468362476,""ws_mb"":101.9453125,""private_mb"":102.03125},{""pid"":46944,""name"":""electron.exe"",""cpu_percent"":0.0545389335453095,""ws_mb"":38.7265625,""private_mb"":13.28125},{""pid"":48788,""name"":""node.exe"",""cpu_percent"":0.0,""ws_mb"":64.2734375,""private_mb"":69.6875},{""pid"":31144,""name"":""conhost.exe"",""cpu_percent"":0.0,""ws_mb"":10.08203125,""private_mb"":1.6796875},{""pid"":45388,""name"":""electron.exe"",""cpu_percent"":0.08180840031796426,""ws_mb"":114.375,""private_mb"":76.08203125},{""pid"":46504,""name"":""powershell.exe"",""cpu_percent"":1.636168006359285,""ws_mb"":131.02734375,""private_mb"":109.83203125},{""pid"":43264,""name"":""conhost.exe"",""cpu_percent"":0.0,""ws_mb"":7.734375,""private_mb"":1.22265625}]"
"2026-10-01T19:53:05.4787492Z","4.665686","2.0930737730743134","614.23828125","447.40625","157","4170","11","","0","93.20469798657719","1.171875","31144;37108;39656;43264;44696;45388;45764;46504;46944;47448;48788","[{""pid"":44696,""name"":""cmd.exe"",""cpu_percent"":0.0,""ws_mb"":8.1015625,""private_mb"":4.3515625},{""pid"":45764,""name"":""cmd.exe"",""cpu_percent"":0.0,""ws_mb"":8.23046875,""private_mb"":4.7578125},{""pid"":47448,""name"":""node.exe"",""cpu_percent"":0.0,""ws_mb"":36.43359375,""private_mb"":19.55078125},{""pid"":39656,""name"":""electron.exe"",""cpu_percent"":0.05581530061531502,""ws_mb"":93.3828125,""private_mb"":44.96875},{""pid"":37108,""name"":""electron.exe"",""cpu_percent"":0.16744590184594507,""ws_mb"":101.9375,""private_mb"":102.03515625},{""pid"":46944,""name"":""electron.exe"",""cpu_percent"":0.02790765030765751,""ws_mb"":38.73046875,""private_mb"":13.28515625},{""pid"":48788,""name"":""node.exe"",""cpu_percent"":0.0,""ws_mb"":64.2734375,""private_mb"":69.6875},{""pid"":31144,""name"":""conhost.exe"",""cpu_percent"":0.0,""ws_mb"":10.08203125,""private_mb"":1.6796875},{""pid"":45388,""name"":""electron.exe"",""cpu_percent"":0.02790765030765751,""ws_mb"":114.28125,""private_mb"":76.00390625},{""pid"":46504,""name"":""powershell.exe"",""cpu_percent"":1.8139972699977382,""ws_mb"":131.05078125,""private_mb"":109.86328125},{""pid"":43264,""name"":""conhost.exe"",""cpu_percent"":0.0,""ws_mb"":7.734375,""private_mb"":1.22265625}]"
"2026-10-01T19:53:10.3223912Z","4.843642","2.7151143017313553","594.7734375","427.7578125","156","4058","11","","0","74.77211796246648","1.578125","31144;37108;39656;43264;44696;45388;45764;46504;46944;47448;48788","[{""pid"":44696,""name"":""cmd.exe"",""cpu_percent"":0.0,""ws_mb"":8.1015625,""private_mb"":4.3515625},{""pid"":45764,""name"":""cmd.exe"",""cpu_percent"":0.0,""ws_mb"":8.23046875,""private_mb"":4.7578125},{""pid"":47448,""name"":""node.exe"",""cpu_percent"":0.0,""ws_mb"":36.43359375,""private_mb"":19.55078125},{""pid"":39656,""name"":""electron.exe"",""cpu_percent"":0.10752927927648932,""ws_mb"":93.3125,""private_mb"":44.8359375},{""pid"":37108,""name"":""electron.exe"",""cpu_percent"":0.1881762387338563,""ws_mb"":101.94140625,""private_mb"":102.03515625},{""pid"":46944,""name"":""electron.exe"",""cpu_percent"":0.0,""ws_mb"":38.73046875,""private_mb"":13.28515625},{""pid"":48788,""name"":""node.exe"",""cpu_percent"":0.0,""ws_mb"":64.2734375,""private_mb"":69.6875},{""pid"":31144,""name"":""conhost.exe"",""cpu_percent"":0.0,""ws_mb"":10.08203125,""private_mb"":1.6796875},{""pid"":45388,""name"":""electron.exe"",""cpu_percent"":0.13441159909561165,""ws_mb"":114.34765625,""private_mb"":76.0546875},{""pid"":46504,""name"":""powershell.exe"",""cpu_percent"":2.2849971846253982,""ws_mb"":111.5859375,""private_mb"":90.296875},{""pid"":43264,""name"":""conhost.exe"",""cpu_percent"":0.0,""ws_mb"":7.734375,""private_mb"":1.22265625}]"
"2026-10-01T19:53:15.3796514Z","5.0572602","2.754909005209316","610.8203125","443.90625","156","4785","11","","0","81.15007735946364","1.671875","31144;37108;39656;43264;44696;45388;45764;46504;46944;47448;48788","[{""pid"":44696,""name"":""cmd.exe"",""cpu_percent"":0.0,""ws_mb"":8.1015625,""private_mb"":4.3515625},{""pid"":45764,""name"":""cmd.exe"",""cpu_percent"":0.0,""ws_mb"":8.23046875,""private_mb"":4.7578125},{""pid"":47448,""name"":""node.exe"",""cpu_percent"":0.0,""ws_mb"":36.43359375,""private_mb"":19.55078125},{""pid"":39656,""name"":""electron.exe"",""cpu_percent"":0.12873406566398674,""ws_mb"":93.59375,""private_mb"":45.15625},{""pid"":37108,""name"":""electron.exe"",""cpu_percent"":0.25746813132797347,""ws_mb"":101.95703125,""private_mb"":102.0078125},{""pid"":46944,""name"":""electron.exe"",""cpu_percent"":0.025746813132797346,""ws_mb"":38.73046875,""private_mb"":13.28515625},{""pid"":48788,""name"":""node.exe"",""cpu_percent"":0.0,""ws_mb"":64.2734375,""private_mb"":69.6875},{""pid"":31144,""name"":""conhost.exe"",""cpu_percent"":0.0,""ws_mb"":10.08203125,""private_mb"":1.6796875},{""pid"":45388,""name"":""electron.exe"",""cpu_percent"":0.0,""ws_mb"":114.4609375,""private_mb"":76.1640625},{""pid"":46504,""name"":""powershell.exe"",""cpu_percent"":2.3429599950845583,""ws_mb"":127.22265625,""private_mb"":106.04296875},{""pid"":43264,""name"":""conhost.exe"",""cpu_percent"":0.0,""ws_mb"":7.734375,""private_mb"":1.22265625}]"
"2026-10-01T19:53:20.5232276Z","5.1435762","1.9745503138458413","614.046875","447.171875","157","4058","11","","0","95.74468085106383","1.21875","31144;37108;39656;43264;44696;45388;45764;46504;46944;47448;48788","[{""pid"":44696,""name"":""cmd.exe"",""cpu_percent"":0.0,""ws_mb"":8.1015625,""private_mb"":4.3515625},{""pid"":45764,""name"":""cmd.exe"",""cpu_percent"":0.0,""ws_mb"":8.23046875,""private_mb"":4.7578125},{""pid"":47448,""name"":""node.exe"",""cpu_percent"":0.0,""ws_mb"":36.43359375,""private_mb"":19.55078125},{""pid"":39656,""name"":""electron.exe"",""cpu_percent"":0.07594424284022466,""ws_mb"":93.65234375,""private_mb"":45.21484375},{""pid"":37108,""name"":""electron.exe"",""cpu_percent"":0.15188848568044933,""ws_mb"":101.984375,""private_mb"":102.08203125},{""pid"":46944,""name"":""electron.exe"",""cpu_percent"":0.025314747613408222,""ws_mb"":38.73046875,""private_mb"":13.28515625},{""pid"":48788,""name"":""node.exe"",""cpu_percent"":0.0,""ws_mb"":64.2734375,""private_mb"":69.6875},{""pid"":31144,""name"":""conhost.exe"",""cpu_percent"":0.0,""ws_mb"":10.08203125,""private_mb"":1.6796875},{""pid"":45388,""name"":""electron.exe"",""cpu_percent"":0.07594424284022466,""ws_mb"":114.43359375,""private_mb"":76.1328125},{""pid"":46504,""name"":""powershell.exe"",""cpu_percent"":1.6454585948715343,""ws_mb"":130.390625,""private_mb"":109.20703125},{""pid"":43264,""name"":""conhost.exe"",""cpu_percent"":0.0,""ws_mb"":7.734375,""private_mb"":1.22265625}]"
"2026-10-01T19:53:25.2719356Z","4.748708","2.495196237236178","614.15234375","447.2578125","156","3999","11","","0","71.43640350877193","1.421875","31144;37108;39656;43264;44696;45388;45764;46504;46944;47448;48788","[{""pid"":44696,""name"":""cmd.exe"",""cpu_percent"":0.0,""ws_mb"":8.1015625,""private_mb"":4.3515625},{""pid"":45764,""name"":""cmd.exe"",""cpu_percent"":0.0,""ws_mb"":8.23046875,""private_mb"":4.7578125},{""pid"":47448,""name"":""node.exe"",""cpu_percent"":0.0,""ws_mb"":36.43359375,""private_mb"":19.55078125},{""pid"":39656,""name"":""electron.exe"",""cpu_percent"":0.1096789554829089,""ws_mb"":93.734375,""private_mb"":45.296875},{""pid"":37108,""name"":""electron.exe"",""cpu_percent"":0.08225921661218168,""ws_mb"":101.97265625,""private_mb"":102.0703125},{""pid"":46944,""name"":""electron.exe"",""cpu_percent"":0.0,""ws_mb"":38.734375,""private_mb"":13.2890625},{""pid"":48788,""name"":""node.exe"",""cpu_percent"":0.0,""ws_mb"":64.2734375,""private_mb"":69.6875},{""pid"":31144,""name"":""conhost.exe"",""cpu_percent"":0.0,""ws_mb"":10.08203125,""private_mb"":1.6796875},{""pid"":45388,""name"":""electron.exe"",""cpu_percent"":0.05483947774145445,""ws_mb"":114.3671875,""private_mb"":76.0625},{""pid"":46504,""name"":""powershell.exe"",""cpu_percent"":2.2484185873996325,""ws_mb"":130.48828125,""private_mb"":109.2890625},{""pid"":43264,""name"":""conhost.exe"",""cpu_percent"":0.0,""ws_mb"":7.734375,""private_mb"":1.22265625}]"
"2026-10-01T19:53:30.3190605Z","5.0471249","2.141276841923739","618.6015625","451.53125","156","4628","11","","0","65.3766769865841","1.296875","31144;37108;39656;43264;44696;45388;45764;46504;46944;47448;48788","[{""pid"":44696,""name"":""cmd.exe"",""cpu_percent"":0.0,""ws_mb"":8.1015625,""private_mb"":4.3515625},{""pid"":45764,""name"":""cmd.exe"",""cpu_percent"":0.0,""ws_mb"":8.23046875,""private_mb"":4.7578125},{""pid"":47448,""name"":""node.exe"",""cpu_percent"":0.0,""ws_mb"":36.43359375,""private_mb"":19.55078125},{""pid"":39656,""name"":""electron.exe"",""cpu_percent"":0.10319406467102356,""ws_mb"":92.6796875,""private_mb"":44.05859375},{""pid"":37108,""name"":""electron.exe"",""cpu_percent"":0.10319406467102356,""ws_mb"":101.9765625,""private_mb"":102.0703125},{""pid"":46944,""name"":""electron.exe"",""cpu_percent"":0.05159703233551178,""ws_mb"":38.734375,""private_mb"":13.2890625},{""pid"":48788,""name"":""node.exe"",""cpu_percent"":0.0,""ws_mb"":64.2734375,""private_mb"":69.6875},{""pid"":31144,""name"":""conhost.exe"",""cpu_percent"":0.0,""ws_mb"":10.08203125,""private_mb"":1.6796875},{""pid"":45388,""name"":""electron.exe"",""cpu_percent"":0.05159703233551178,""ws_mb"":114.28515625,""private_mb"":75.99609375},{""pid"":46504,""name"":""powershell.exe"",""cpu_percent"":1.8316946479106682,""ws_mb"":136.0703125,""private_mb"":114.8671875},{""pid"":43264,""name"":""conhost.exe"",""cpu_percent"":0.0,""ws_mb"":7.734375,""private_mb"":1.22265625}]"
"2026-10-01T19:53:35.3966030Z","5.0775425","2.3336010153205677","602.94921875","435.67578125","157","3867","11","","0","88.35897435897436","1.421875","31144;37108;39656;43264;44696;45388;45764;46504;46944;47448;48788","[{""pid"":44696,""name"":""cmd.exe"",""cpu_percent"":0.0,""ws_mb"":8.1015625,""private_mb"":4.3515625},{""pid"":45764,""name"":""cmd.exe"",""cpu_percent"":0.0,""ws_mb"":8.23046875,""private_mb"":4.7578125},{""pid"":47448,""name"":""node.exe"",""cpu_percent"":0.0,""ws_mb"":36.43359375,""private_mb"":19.55078125},{""pid"":39656,""name"":""electron.exe"",""cpu_percent"":0.10257586880529967,""ws_mb"":92.35546875,""private_mb"":43.75390625},{""pid"":37108,""name"":""electron.exe"",""cpu_percent"":0.0,""ws_mb"":101.9296875,""private_mb"":101.97265625},{""pid"":46944,""name"":""electron.exe"",""cpu_percent"":0.05128793440264984,""ws_mb"":38.734375,""private_mb"":13.2890625},{""pid"":48788,""name"":""node.exe"",""cpu_percent"":0.0,""ws_mb"":64.2734375,""private_mb"":69.6875},{""pid"":31144,""name"":""conhost.exe"",""cpu_percent"":0.0,""ws_mb"":10.08203125,""private_mb"":1.6796875},{""pid"":45388,""name"":""electron.exe"",""cpu_percent"":0.05128793440264984,""ws_mb"":114.5,""private_mb"":76.03125},{""pid"":46504,""name"":""powershell.exe"",""cpu_percent"":2.128449277709968,""ws_mb"":120.57421875,""private_mb"":99.37890625},{""pid"":43264,""name"":""conhost.exe"",""cpu_percent"":0.0,""ws_mb"":7.734375,""private_mb"":1.22265625}]"
"2026-10-01T19:53:40.3386434Z","4.9420404","2.081419312827417","604.28515625","436.98828125","156","4048","11","","0","91.09823544903871","1.234375","31144;37108;39656;43264;44696;45388;45764;46504;46944;47448;48788","[{""pid"":44696,""name"":""cmd.exe"",""cpu_percent"":0.0,""ws_mb"":8.1015625,""private_mb"":4.3515625},{""pid"":45764,""name"":""cmd.exe"",""cpu_percent"":0.0,""ws_mb"":8.23046875,""private_mb"":4.7578125},{""pid"":47448,""name"":""node.exe"",""cpu_percent"":0.0,""ws_mb"":36.43359375,""private_mb"":19.55078125},{""pid"":39656,""name"":""electron.exe"",""cpu_percent"":0.13173539954603905,""ws_mb"":92.39453125,""private_mb"":43.78125},{""pid"":37108,""name"":""electron.exe"",""cpu_percent"":0.052694159818415624,""ws_mb"":102.74609375,""private_mb"":102.84765625},{""pid"":46944,""name"":""electron.exe"",""cpu_percent"":0.026347079909207812,""ws_mb"":38.734375,""private_mb"":13.2890625},{""pid"":48788,""name"":""node.exe"",""cpu_percent"":0.0,""ws_mb"":64.2734375,""private_mb"":69.6875},{""pid"":31144,""name"":""conhost.exe"",""cpu_percent"":0.0,""ws_mb"":10.08203125,""private_mb"":1.6796875},{""pid"":45388,""name"":""electron.exe"",""cpu_percent"":0.052694159818415624,""ws_mb"":114.546875,""private_mb"":76.08203125},{""pid"":46504,""name"":""powershell.exe"",""cpu_percent"":1.817948513735339,""ws_mb"":121.0078125,""private_mb"":99.73828125},{""pid"":43264,""name"":""conhost.exe"",""cpu_percent"":0.0,""ws_mb"":7.734375,""private_mb"":1.22265625}]"
"2026-10-01T19:53:45.4532481Z","5.1146047","2.6221886382213144","612.36328125","445.0546875","156","4023","11","","0","70.82167387433223","1.609375","31144;37108;39656;43264;44696;45388;45764;46504;46944;47448;48788","[{""pid"":44696,""name"":""cmd.exe"",""cpu_percent"":0.0,""ws_mb"":8.1015625,""private_mb"":4.3515625},{""pid"":45764,""name"":""cmd.exe"",""cpu_percent"":0.0,""ws_mb"":8.23046875,""private_mb"":4.7578125},{""pid"":47448,""name"":""node.exe"",""cpu_percent"":0.0,""ws_mb"":36.43359375,""private_mb"":19.55078125},{""pid"":39656,""name"":""electron.exe"",""cpu_percent"":0.07637442635596062,""ws_mb"":92.4375,""private_mb"":43.76953125},{""pid"":37108,""name"":""electron.exe"",""cpu_percent"":0.0,""ws_mb"":102,""private_mb"":102.09375},{""pid"":46944,""name"":""electron.exe"",""cpu_percent"":0.025458142118653538,""ws_mb"":38.73828125,""private_mb"":13.29296875},{""pid"":48788,""name"":""node.exe"",""cpu_percent"":0.0,""ws_mb"":64.2734375,""private_mb"":69.6875},{""pid"":31144,""name"":""conhost.exe"",""cpu_percent"":0.0,""ws_mb"":10.08203125,""private_mb"":1.6796875},{""pid"":45388,""name"":""electron.exe"",""cpu_percent"":0.15274885271192123,""ws_mb"":114.421875,""private_mb"":75.96875},{""pid"":46504,""name"":""powershell.exe"",""cpu_percent"":2.367607217034779,""ws_mb"":129.91015625,""private_mb"":108.6796875},{""pid"":43264,""name"":""conhost.exe"",""cpu_percent"":0.0,""ws_mb"":7.734375,""private_mb"":1.22265625}]"
"2026-10-01T19:53:50.3601530Z","4.9069049","1.937108732906834","612.5546875","445.4375","157","3861","11","","0","94.4267515923567","1.140625","31144;37108;39656;43264;44696;45388;45764;46504;46944;47448;48788","[{""pid"":44696,""name"":""cmd.exe"",""cpu_percent"":0.0,""ws_mb"":8.1015625,""private_mb"":4.3515625},{""pid"":45764,""name"":""cmd.exe"",""cpu_percent"":0.0,""ws_mb"":8.23046875,""private_mb"":4.7578125},{""pid"":47448,""name"":""node.exe"",""cpu_percent"":0.0,""ws_mb"":36.43359375,""private_mb"":19.55078125},{""pid"":39656,""name"":""electron.exe"",""cpu_percent"":0.0,""ws_mb"":92.5390625,""private_mb"":44.05078125},{""pid"":37108,""name"":""electron.exe"",""cpu_percent"":0.0,""ws_mb"":102,""private_mb"":102.09375},{""pid"":46944,""name"":""electron.exe"",""cpu_percent"":0.026535736067216903,""ws_mb"":38.73828125,""private_mb"":13.29296875},{""pid"":48788,""name"":""node.exe"",""cpu_percent"":0.0,""ws_mb"":64.2734375,""private_mb"":69.6875},{""pid"":31144,""name"":""conhost.exe"",""cpu_percent"":0.0,""ws_mb"":10.08203125,""private_mb"":1.6796875},{""pid"":45388,""name"":""electron.exe"",""cpu_percent"":0.026535736067216903,""ws_mb"":114.49609375,""private_mb"":76.0390625},{""pid"":46504,""name"":""powershell.exe"",""cpu_percent"":1.8840372607724,""ws_mb"":129.92578125,""private_mb"":108.7109375},{""pid"":43264,""name"":""conhost.exe"",""cpu_percent"":0.0,""ws_mb"":7.734375,""private_mb"":1.22265625}]"
"2026-10-01T19:53:55.3382491Z","4.9780961","2.537156390639653","619.80078125","452.5390625","153","4028","11","","0","73.82075471698113","1.515625","31144;37108;39656;43264;44696;45388;45764;46504;46944;47448;48788","[{""pid"":44696,""name"":""cmd.exe"",""cpu_percent"":0.0,""ws_mb"":8.1015625,""private_mb"":4.3515625},{""pid"":45764,""name"":""cmd.exe"",""cpu_percent"":0.0,""ws_mb"":8.23046875,""private_mb"":4.7578125},{""pid"":47448,""name"":""node.exe"",""cpu_percent"":0.0,""ws_mb"":36.43359375,""private_mb"":19.55078125},{""pid"":39656,""name"":""electron.exe"",""cpu_percent"":0.07846875434968,""ws_mb"":92.64453125,""private_mb"":44.0859375},{""pid"":37108,""name"":""electron.exe"",""cpu_percent"":0.23540626304903997,""ws_mb"":101.9609375,""private_mb"":102.02734375},{""pid"":46944,""name"":""electron.exe"",""cpu_percent"":0.0,""ws_mb"":38.70703125,""private_mb"":13.22265625},{""pid"":48788,""name"":""node.exe"",""cpu_percent"":0.0,""ws_mb"":64.2734375,""private_mb"":69.6875},{""pid"":31144,""name"":""conhost.exe"",""cpu_percent"":0.0,""ws_mb"":10.08203125,""private_mb"":1.6796875},{""pid"":45388,""name"":""electron.exe"",""cpu_percent"":0.02615625144989333,""ws_mb"":114.54296875,""private_mb"":76.07421875},{""pid"":46504,""name"":""powershell.exe"",""cpu_percent"":2.1971251217910397,""ws_mb"":137.08984375,""private_mb"":115.87890625},{""pid"":43264,""name"":""conhost.exe"",""cpu_percent"":0.0,""ws_mb"":7.734375,""private_mb"":1.22265625}]"
"2026-10-01T19:54:00.3306233Z","4.9923742","2.2690857187748463","611.38671875","444.05078125","153","4025","11","","0","62.786458333333336","1.359375","31144;37108;39656;43264;44696;45388;45764;46504;46944;47448;48788","[{""pid"":44696,""name"":""cmd.exe"",""cpu_percent"":0.0,""ws_mb"":8.1015625,""private_mb"":4.3515625},{""pid"":45764,""name"":""cmd.exe"",""cpu_percent"":0.0,""ws_mb"":8.23046875,""private_mb"":4.7578125},{""pid"":47448,""name"":""node.exe"",""cpu_percent"":0.0,""ws_mb"":36.43359375,""private_mb"":19.55078125},{""pid"":39656,""name"":""electron.exe"",""cpu_percent"":0.10432578017355616,""ws_mb"":92.61328125,""private_mb"":43.9765625},{""pid"":37108,""name"":""electron.exe"",""cpu_percent"":0.0,""ws_mb"":101.98828125,""private_mb"":102.09375},{""pid"":46944,""name"":""electron.exe"",""cpu_percent"":0.0,""ws_mb"":38.70703125,""private_mb"":13.22265625},{""pid"":48788,""name"":""node.exe"",""cpu_percent"":0.0,""ws_mb"":64.2734375,""private_mb"":69.6875},{""pid"":31144,""name"":""conhost.exe"",""cpu_percent"":0.0,""ws_mb"":10.08203125,""private_mb"":1.6796875},{""pid"":45388,""name"":""electron.exe"",""cpu_percent"":0.10432578017355616,""ws_mb"":114.5703125,""private_mb"":76.109375},{""pid"":46504,""name"":""powershell.exe"",""cpu_percent"":2.060434158427734,""ws_mb"":128.65234375,""private_mb"":107.3984375},{""pid"":43264,""name"":""conhost.exe"",""cpu_percent"":0.0,""ws_mb"":7.734375,""private_mb"":1.22265625}]"
"2026-10-01T19:54:05.2994014Z","4.9687781","2.1750401102972714","614.75390625","447.34375","154","3842","11","","0","58.123689727463315","1.296875","31144;37108;39656;43264;44696;45388;45764;46504;46944;47448;48788","[{""pid"":44696,""name"":""cmd.exe"",""cpu_percent"":0.0,""ws_mb"":8.1015625,""private_mb"":4.3515625},{""pid"":45764,""name"":""cmd.exe"",""cpu_percent"":0.0,""ws_mb"":8.23046875,""private_mb"":4.7578125},{""pid"":47448,""name"":""node.exe"",""cpu_percent"":0.0,""ws_mb"":36.43359375,""private_mb"":19.55078125},{""pid"":39656,""name"":""electron.exe"",""cpu_percent"":0.0786159076011062,""ws_mb"":92.73046875,""private_mb"":44.0234375},{""pid"":37108,""name"":""electron.exe"",""cpu_percent"":0.026205302533702065,""ws_mb"":101.9921875,""private_mb"":102.0859375},{""pid"":46944,""name"":""electron.exe"",""cpu_percent"":0.026205302533702065,""ws_mb"":38.7109375,""private_mb"":13.2265625},{""pid"":48788,""name"":""node.exe"",""cpu_percent"":0.0,""ws_mb"":64.2734375,""private_mb"":69.6875},{""pid"":31144,""name"":""conhost.exe"",""cpu_percent"":0.0,""ws_mb"":10.08203125,""private_mb"":1.6796875},{""pid"":45388,""name"":""electron.exe"",""cpu_percent"":0.05241060506740413,""ws_mb"":114.51171875,""private_mb"":76.04296875},{""pid"":46504,""name"":""powershell.exe"",""cpu_percent"":1.991602992561357,""ws_mb"":131.953125,""private_mb"":110.71484375},{""pid"":43264,""name"":""conhost.exe"",""cpu_percent"":0.0,""ws_mb"":7.734375,""private_mb"":1.22265625}]"
"2026-10-01T19:54:10.2655633Z","4.9661619","2.2548432556471156","616.0078125","448.88671875","153","3843","11","","0","72.0125786163522","1.34375","31144;37108;39656;43264;44696;45388;45764;46504;46944;47448;48788","[{""pid"":44696,""name"":""cmd.exe"",""cpu_percent"":0.0,""ws_mb"":8.1015625,""private_mb"":4.3515625},{""pid"":45764,""name"":""cmd.exe"",""cpu_percent"":0.0,""ws_mb"":8.23046875,""private_mb"":4.7578125},{""pid"":47448,""name"":""node.exe"",""cpu_percent"":0.0,""ws_mb"":36.43359375,""private_mb"":19.55078125},{""pid"":39656,""name"":""electron.exe"",""cpu_percent"":0.05243821524760734,""ws_mb"":92.84375,""private_mb"":44.32421875},{""pid"":37108,""name"":""electron.exe"",""cpu_percent"":0.02621910762380367,""ws_mb"":101.94140625,""private_mb"":102.03515625},{""pid"":46944,""name"":""electron.exe"",""cpu_percent"":0.02621910762380367,""ws_mb"":38.7109375,""private_mb"":13.2265625},{""pid"":48788,""name"":""node.exe"",""cpu_percent"":0.0,""ws_mb"":64.2734375,""private_mb"":69.6875},{""pid"":31144,""name"":""conhost.exe"",""cpu_percent"":0.0,""ws_mb"":10.08203125,""private_mb"":1.6796875},{""pid"":45388,""name"":""electron.exe"",""cpu_percent"":0.07865732287141101,""ws_mb"":115.2109375,""private_mb"":76.8046875},{""pid"":46504,""name"":""powershell.exe"",""cpu_percent"":2.07130950228049,""ws_mb"":132.4453125,""private_mb"":111.24609375},{""pid"":43264,""name"":""conhost.exe"",""cpu_percent"":0.0,""ws_mb"":7.734375,""private_mb"":1.22265625}]"
"2026-10-01T19:54:15.3144793Z","5.048916","2.6047257800816386","622.32421875","455.07421875","153","4807","11","","0","78.79256965944272","1.578125","31144;37108;39656;43264;44696;45388;45764;46504;46944;47448;48788","[{""pid"":44696,""name"":""cmd.exe"",""cpu_percent"":0.0,""ws_mb"":8.1015625,""private_mb"":4.3515625},{""pid"":45764,""name"":""cmd.exe"",""cpu_percent"":0.0,""ws_mb"":8.23046875,""private_mb"":4.7578125},{""pid"":47448,""name"":""node.exe"",""cpu_percent"":0.0,""ws_mb"":36.43359375,""private_mb"":19.55078125},{""pid"":39656,""name"":""electron.exe"",""cpu_percent"":0.10315745663689657,""ws_mb"":92.90234375,""private_mb"":44.375},{""pid"":37108,""name"":""electron.exe"",""cpu_percent"":0.10315745663689657,""ws_mb"":102.06640625,""private_mb"":102.15625},{""pid"":46944,""name"":""electron.exe"",""cpu_percent"":0.025789364159224143,""ws_mb"":38.7109375,""private_mb"":13.2265625},{""pid"":48788,""name"":""node.exe"",""cpu_percent"":0.0,""ws_mb"":64.2734375,""private_mb"":69.6875},{""pid"":31144,""name"":""conhost.exe"",""cpu_percent"":0.0,""ws_mb"":10.08203125,""private_mb"":1.6796875},{""pid"":45388,""name"":""electron.exe"",""cpu_percent"":0.051578728318448286,""ws_mb"":115.58984375,""private_mb"":77.0625},{""pid"":46504,""name"":""powershell.exe"",""cpu_percent"":2.321042774330173,""ws_mb"":138.19921875,""private_mb"":117.00390625},{""pid"":43264,""name"":""conhost.exe"",""cpu_percent"":0.0,""ws_mb"":7.734375,""private_mb"":1.22265625}]"
"2026-10-01T19:54:20.5151325Z","5.2006532","1.9779166073471952","597.6796875","430.2734375","154","4027","11","","0","95.5955955955956","1.234375","31144;37108;39656;43264;44696;45388;45764;46504;46944;47448;48788","[{""pid"":44696,""name"":""cmd.exe"",""cpu_percent"":0.0,""ws_mb"":8.1015625,""private_mb"":4.3515625},{""pid"":45764,""name"":""cmd.exe"",""cpu_percent"":0.0,""ws_mb"":8.23046875,""private_mb"":4.7578125},{""pid"":47448,""name"":""node.exe"",""cpu_percent"":0.0,""ws_mb"":36.43359375,""private_mb"":19.55078125},{""pid"":39656,""name"":""electron.exe"",""cpu_percent"":0.10014767632137697,""ws_mb"":93.08203125,""private_mb"":44.41796875},{""pid"":37108,""name"":""electron.exe"",""cpu_percent"":0.025036919080344243,""ws_mb"":102.00390625,""private_mb"":102.1015625},{""pid"":46944,""name"":""electron.exe"",""cpu_percent"":0.050073838160688486,""ws_mb"":38.7109375,""private_mb"":13.2265625},{""pid"":48788,""name"":""node.exe"",""cpu_percent"":0.0,""ws_mb"":64.2734375,""private_mb"":69.6875},{""pid"":31144,""name"":""conhost.exe"",""cpu_percent"":0.0,""ws_mb"":10.08203125,""private_mb"":1.6796875},{""pid"":45388,""name"":""electron.exe"",""cpu_percent"":0.050073838160688486,""ws_mb"":115.57421875,""private_mb"":77.09765625},{""pid"":46504,""name"":""powershell.exe"",""cpu_percent"":1.7525843356240969,""ws_mb"":113.453125,""private_mb"":92.1796875},{""pid"":43264,""name"":""conhost.exe"",""cpu_percent"":0.0,""ws_mb"":7.734375,""private_mb"":1.22265625}]"
"2026-10-01T19:54:25.3362559Z","4.8211234","2.2686621130668425","617.421875","455.60546875","153","3860","11","","0","99.48593073593074","1.3125","31144;37108;39656;43264;44696;45388;45764;46504;46944;47448;48788","[{""pid"":44696,""name"":""cmd.exe"",""cpu_percent"":0.0,""ws_mb"":7.359375,""private_mb"":4.3515625},{""pid"":45764,""name"":""cmd.exe"",""cpu_percent"":0.0,""ws_mb"":8.2265625,""private_mb"":4.7578125},{""pid"":47448,""name"":""node.exe"",""cpu_percent"":0.0,""ws_mb"":35.75,""private_mb"":19.55078125},{""pid"":39656,""name"":""electron.exe"",""cpu_percent"":0.18905517608890354,""ws_mb"":92.203125,""private_mb"":44.4765625},{""pid"":37108,""name"":""electron.exe"",""cpu_percent"":0.08102364689524437,""ws_mb"":116.69921875,""private_mb"":118.203125},{""pid"":46944,""name"":""electron.exe"",""cpu_percent"":0.0,""ws_mb"":37.84765625,""private_mb"":13.23828125},{""pid"":48788,""name"":""node.exe"",""cpu_percent"":0.0,""ws_mb"":64.2734375,""private_mb"":69.6875},{""pid"":31144,""name"":""conhost.exe"",""cpu_percent"":0.0,""ws_mb"":9.8125,""private_mb"":1.6796875},{""pid"":45388,""name"":""electron.exe"",""cpu_percent"":0.08102364689524437,""ws_mb"":115.64453125,""private_mb"":77.16015625},{""pid"":46504,""name"":""powershell.exe"",""cpu_percent"":1.9175596431874502,""ws_mb"":122.15234375,""private_mb"":101.27734375},{""pid"":43264,""name"":""conhost.exe"",""cpu_percent"":0.0,""ws_mb"":7.453125,""private_mb"":1.22265625}]"
"2026-10-01T19:54:30.2351681Z","4.8989122","2.923693277594701","626.48828125","461.64453125","153","4613","11","","0","94.40021231422506","1.71875","31144;37108;39656;43264;44696;45388;45764;46504;46944;47448;48788","[{""pid"":44696,""name"":""cmd.exe"",""cpu_percent"":0.0,""ws_mb"":7.359375,""private_mb"":4.3515625},{""pid"":45764,""name"":""cmd.exe"",""cpu_percent"":0.0,""ws_mb"":8.2265625,""private_mb"":4.7578125},{""pid"":47448,""name"":""node.exe"",""cpu_percent"":0.0,""ws_mb"":35.75,""private_mb"":19.55078125},{""pid"":39656,""name"":""electron.exe"",""cpu_percent"":0.07973708938894639,""ws_mb"":92.3203125,""private_mb"":44.55078125},{""pid"":37108,""name"":""electron.exe"",""cpu_percent"":0.10631611918526185,""ws_mb"":120.41796875,""private_mb"":118.87890625},{""pid"":46944,""name"":""electron.exe"",""cpu_percent"":0.053158059592630924,""ws_mb"":37.84765625,""private_mb"":13.23828125},{""pid"":48788,""name"":""node.exe"",""cpu_percent"":0.0,""ws_mb"":64.2734375,""private_mb"":69.6875},{""pid"":31144,""name"":""conhost.exe"",""cpu_percent"":0.0,""ws_mb"":9.8125,""private_mb"":1.6796875},{""pid"":45388,""name"":""electron.exe"",""cpu_percent"":0.026579029796315462,""ws_mb"":115.48828125,""private_mb"":77.00390625},{""pid"":46504,""name"":""powershell.exe"",""cpu_percent"":2.6579029796315465,""ws_mb"":127.5390625,""private_mb"":106.72265625},{""pid"":43264,""name"":""conhost.exe"",""cpu_percent"":0.0,""ws_mb"":7.453125,""private_mb"":1.22265625}]"
"2026-10-01T19:54:35.2620447Z","5.0268766","1.942682460118476","633.91796875","468.5","154","3849","11","","0","60.16049702303909","1.171875","31144;37108;39656;43264;44696;45388;45764;46504;46944;47448;48788","[{""pid"":44696,""name"":""cmd.exe"",""cpu_percent"":0.0,""ws_mb"":7.359375,""private_mb"":4.3515625},{""pid"":45764,""name"":""cmd.exe"",""cpu_percent"":0.0,""ws_mb"":8.2265625,""private_mb"":4.7578125},{""pid"":47448,""name"":""node.exe"",""cpu_percent"":0.0,""ws_mb"":35.75,""private_mb"":19.55078125},{""pid"":39656,""name"":""electron.exe"",""cpu_percent"":0.05180486560315936,""ws_mb"":92.65234375,""private_mb"":45.1328125},{""pid"":37108,""name"":""electron.exe"",""cpu_percent"":0.02590243280157968,""ws_mb"":120.38671875,""private_mb"":118.03125},{""pid"":46944,""name"":""electron.exe"",""cpu_percent"":0.02590243280157968,""ws_mb"":37.84765625,""private_mb"":13.23828125},{""pid"":48788,""name"":""node.exe"",""cpu_percent"":0.0,""ws_mb"":64.2734375,""private_mb"":69.6875},{""pid"":31144,""name"":""conhost.exe"",""cpu_percent"":0.0,""ws_mb"":9.8125,""private_mb"":1.6796875},{""pid"":45388,""name"":""electron.exe"",""cpu_percent"":0.07770729840473904,""ws_mb"":115.61328125,""private_mb"":77.12890625},{""pid"":46504,""name"":""powershell.exe"",""cpu_percent"":1.7613654305074185,""ws_mb"":134.54296875,""private_mb"":113.71875},{""pid"":43264,""name"":""conhost.exe"",""cpu_percent"":0.0,""ws_mb"":7.453125,""private_mb"":1.22265625}]"
"2026-10-01T19:54:40.0182087Z","4.756164","2.1080100826352215","636.38671875","471.5859375","153","4927","11","","0","47.68175582990398","1.203125","31144;37108;39656;43264;44696;45388;45764;46504;46944;47448;48788","[{""pid"":44696,""name"":""cmd.exe"",""cpu_percent"":0.0,""ws_mb"":7.359375,""private_mb"":4.3515625},{""pid"":45764,""name"":""cmd.exe"",""cpu_percent"":0.0,""ws_mb"":8.2265625,""private_mb"":4.7578125},{""pid"":47448,""name"":""node.exe"",""cpu_percent"":0.0,""ws_mb"":35.75,""private_mb"":19.55078125},{""pid"":39656,""name"":""electron.exe"",""cpu_percent"":0.10950701727975178,""ws_mb"":92.1640625,""private_mb"":45.1796875},{""pid"":37108,""name"":""electron.exe"",""cpu_percent"":0.0,""ws_mb"":120.31640625,""private_mb"":118.03125},{""pid"":46944,""name"":""electron.exe"",""cpu_percent"":0.027376754319937944,""ws_mb"":37.84765625,""private_mb"":13.23828125},{""pid"":48788,""name"":""node.exe"",""cpu_percent"":0.0,""ws_mb"":64.2734375,""private_mb"":69.6875},{""pid"":31144,""name"":""conhost.exe"",""cpu_percent"":0.0,""ws_mb"":9.8125,""private_mb"":1.6796875},{""pid"":45388,""name"":""electron.exe"",""cpu_percent"":0.05475350863987589,""ws_mb"":116.69140625,""private_mb"":78.2109375},{""pid"":46504,""name"":""powershell.exe"",""cpu_percent"":1.916372802395656,""ws_mb"":136.4921875,""private_mb"":115.67578125},{""pid"":43264,""name"":""conhost.exe"",""cpu_percent"":0.0,""ws_mb"":7.453125,""private_mb"":1.22265625}]"
"2026-10-01T19:54:45.2564260Z","5.2382173","1.5162998933498488","621.57421875","456.75","153","3953","11","","0","23.956262425447317","0.953125","31144;37108;39656;43264;44696;45388;45764;46504;46944;47448;48788","[{""pid"":44696,""name"":""cmd.exe"",""cpu_percent"":0.0,""ws_mb"":7.359375,""private_mb"":4.3515625},{""pid"":45764,""name"":""cmd.exe"",""cpu_percent"":0.0,""ws_mb"":8.2265625,""private_mb"":4.7578125},{""pid"":47448,""name"":""node.exe"",""cpu_percent"":0.0,""ws_mb"":35.75,""private_mb"":19.55078125},{""pid"":39656,""name"":""electron.exe"",""cpu_percent"":0.024857375300817195,""ws_mb"":92.26171875,""private_mb"":45.265625},{""pid"":37108,""name"":""electron.exe"",""cpu_percent"":0.04971475060163439,""ws_mb"":120.32421875,""private_mb"":118.03125},{""pid"":46944,""name"":""electron.exe"",""cpu_percent"":0.0,""ws_mb"":37.8515625,""private_mb"":13.2421875},{""pid"":48788,""name"":""node.exe"",""cpu_percent"":0.0,""ws_mb"":64.2734375,""private_mb"":69.6875},{""pid"":31144,""name"":""conhost.exe"",""cpu_percent"":0.0,""ws_mb"":9.8125,""private_mb"":1.6796875},{""pid"":45388,""name"":""electron.exe"",""cpu_percent"":0.04971475060163439,""ws_mb"":115.296875,""private_mb"":76.875},{""pid"":46504,""name"":""powershell.exe"",""cpu_percent"":1.392013016845763,""ws_mb"":122.96484375,""private_mb"":102.0859375},{""pid"":43264,""name"":""conhost.exe"",""cpu_percent"":0.0,""ws_mb"":7.453125,""private_mb"":1.22265625}]"
"2026-10-01T19:54:50.0776415Z","4.8212155","1.8094935464580113","628.84375","466.265625","155","3849","11","","0","35.06212857914641","1.046875","31144;37108;39656;43264;44696;45388;45764;46504;46944;47448;48788","[{""pid"":44696,""name"":""cmd.exe"",""cpu_percent"":0.0,""ws_mb"":7.359375,""private_mb"":4.3515625},{""pid"":45764,""name"":""cmd.exe"",""cpu_percent"":0.0,""ws_mb"":8.2265625,""private_mb"":4.7578125},{""pid"":47448,""name"":""node.exe"",""cpu_percent"":0.0,""ws_mb"":35.75,""private_mb"":19.55078125},{""pid"":39656,""name"":""electron.exe"",""cpu_percent"":0.08102209909513483,""ws_mb"":92.3671875,""private_mb"":45.37890625},{""pid"":37108,""name"":""electron.exe"",""cpu_percent"":0.027007366365044944,""ws_mb"":118.16796875,""private_mb"":118.01953125},{""pid"":46944,""name"":""electron.exe"",""cpu_percent"":0.027007366365044944,""ws_mb"":37.8828125,""private_mb"":13.28125},{""pid"":48788,""name"":""node.exe"",""cpu_percent"":0.0,""ws_mb"":64.2734375,""private_mb"":69.6875},{""pid"":31144,""name"":""conhost.exe"",""cpu_percent"":0.0,""ws_mb"":9.8125,""private_mb"":1.6796875},{""pid"":45388,""name"":""electron.exe"",""cpu_percent"":0.05401473273008989,""ws_mb"":116.10546875,""private_mb"":77.72265625},{""pid"":46504,""name"":""powershell.exe"",""cpu_percent"":1.6204419819026965,""ws_mb"":131.4453125,""private_mb"":110.61328125},{""pid"":43264,""name"":""conhost.exe"",""cpu_percent"":0.0,""ws_mb"":7.453125,""private_mb"":1.22265625}]"
"2026-10-01T19:54:55.1647727Z","5.0871312","2.150033008781059","619.5","468.421875","154","3848","11","","0","40.681003584229394","1.3125","31144;37108;39656;43264;44696;45388;45764;46504;46944;47448;48788","[{""pid"":44696,""name"":""cmd.exe"",""cpu_percent"":0.0,""ws_mb"":7.359375,""private_mb"":4.3515625},{""pid"":45764,""name"":""cmd.exe"",""cpu_percent"":0.0,""ws_mb"":8.2265625,""private_mb"":4.7578125},{""pid"":47448,""name"":""node.exe"",""cpu_percent"":0.0,""ws_mb"":35.75,""private_mb"":19.55078125},{""pid"":39656,""name"":""electron.exe"",""cpu_percent"":0.25595631056917373,""ws_mb"":91.1640625,""private_mb"":43.98828125},{""pid"":37108,""name"":""electron.exe"",""cpu_percent"":0.07678689317075212,""ws_mb"":106.56640625,""private_mb"":118.01953125},{""pid"":46944,""name"":""electron.exe"",""cpu_percent"":0.0,""ws_mb"":37.8828125,""private_mb"":13.28125},{""pid"":48788,""name"":""node.exe"",""cpu_percent"":0.0,""ws_mb"":64.2734375,""private_mb"":69.6875},{""pid"":31144,""name"":""conhost.exe"",""cpu_percent"":0.0,""ws_mb"":9.8125,""private_mb"":1.6796875},{""pid"":45388,""name"":""electron.exe"",""cpu_percent"":0.07678689317075212,""ws_mb"":116.58203125,""private_mb"":78.29296875},{""pid"":46504,""name"":""powershell.exe"",""cpu_percent"":1.7405029118703812,""ws_mb"":134.4296875,""private_mb"":113.58984375},{""pid"":43264,""name"":""conhost.exe"",""cpu_percent"":0.0,""ws_mb"":7.453125,""private_mb"":1.22265625}]"
"2026-10-01T19:55:00.1743108Z","5.0095381","2.365279611973274","608.61328125","457.53515625","153","3841","11","","0","55.399792315680166","1.421875","31144;37108;39656;43264;44696;45388;45764;46504;46944;47448;48788","[{""pid"":44696,""name"":""cmd.exe"",""cpu_percent"":0.0,""ws_mb"":7.359375,""private_mb"":4.3515625},{""pid"":45764,""name"":""cmd.exe"",""cpu_percent"":0.0,""ws_mb"":8.2265625,""private_mb"":4.7578125},{""pid"":47448,""name"":""node.exe"",""cpu_percent"":0.0,""ws_mb"":35.75,""private_mb"":19.55078125},{""pid"":39656,""name"":""electron.exe"",""cpu_percent"":0.15595250188834775,""ws_mb"":90.92578125,""private_mb"":43.76953125},{""pid"":37108,""name"":""electron.exe"",""cpu_percent"":0.051984167296115914,""ws_mb"":106.5703125,""private_mb"":118.03125},{""pid"":46944,""name"":""electron.exe"",""cpu_percent"":0.12996041824028978,""ws_mb"":37.88671875,""private_mb"":13.28515625},{""pid"":48788,""name"":""node.exe"",""cpu_percent"":0.0,""ws_mb"":64.2734375,""private_mb"":69.6875},{""pid"":31144,""name"":""conhost.exe"",""cpu_percent"":0.0,""ws_mb"":9.8125,""private_mb"":1.6796875},{""pid"":45388,""name"":""electron.exe"",""cpu_percent"":0.025992083648057957,""ws_mb"":116.3125,""private_mb"":77.9921875},{""pid"":46504,""name"":""powershell.exe"",""cpu_percent"":2.0013904409004626,""ws_mb"":124.04296875,""private_mb"":103.20703125},{""pid"":43264,""name"":""conhost.exe"",""cpu_percent"":0.0,""ws_mb"":7.453125,""private_mb"":1.22265625}]"
"2026-10-01T19:55:05.2828086Z","5.1084978","2.6508118818543225","606.36328125","457.31640625","155","4816","11","","0","73.24159021406727","1.625","31144;37108;39656;43264;44696;45388;45764;46504;46944;47448;48788","[{""pid"":44696,""name"":""cmd.exe"",""cpu_percent"":0.0,""ws_mb"":7.359375,""private_mb"":4.3515625},{""pid"":45764,""name"":""cmd.exe"",""cpu_percent"":0.0,""ws_mb"":8.2265625,""private_mb"":4.7578125},{""pid"":47448,""name"":""node.exe"",""cpu_percent"":0.0,""ws_mb"":35.75,""private_mb"":19.55078125},{""pid"":39656,""name"":""electron.exe"",""cpu_percent"":0.12744287893530395,""ws_mb"":90.75,""private_mb"":43.57421875},{""pid"":37108,""name"":""electron.exe"",""cpu_percent"":0.05097715157412158,""ws_mb"":100.33203125,""private_mb"":113.78515625},{""pid"":46944,""name"":""electron.exe"",""cpu_percent"":0.02548857578706079,""ws_mb"":37.88671875,""private_mb"":13.28515625},{""pid"":48788,""name"":""node.exe"",""cpu_percent"":0.0,""ws_mb"":64.2734375,""private_mb"":69.6875},{""pid"":31144,""name"":""conhost.exe"",""cpu_percent"":0.0,""ws_mb"":9.8125,""private_mb"":1.6796875},{""pid"":45388,""name"":""electron.exe"",""cpu_percent"":0.15293145472236475,""ws_mb"":117.15625,""private_mb"":78.8671875},{""pid"":46504,""name"":""powershell.exe"",""cpu_percent"":2.293971820835471,""ws_mb"":127.36328125,""private_mb"":106.5546875},{""pid"":43264,""name"":""conhost.exe"",""cpu_percent"":0.0,""ws_mb"":7.453125,""private_mb"":1.22265625}]"
"2026-10-01T19:55:10.2545097Z","4.9717011","2.3309007186024653","595.23828125","445.86328125","153","4436","11","","0","63.62683438155136","1.390625","31144;37108;39656;43264;44696;45388;45764;46504;46944;47448;48788","[{""pid"":44696,""name"":""cmd.exe"",""cpu_percent"":0.0,""ws_mb"":7.359375,""private_mb"":4.3515625},{""pid"":45764,""name"":""cmd.exe"",""cpu_percent"":0.0,""ws_mb"":8.2265625,""private_mb"":4.7578125},{""pid"":47448,""name"":""node.exe"",""cpu_percent"":0.0,""ws_mb"":35.75,""private_mb"":19.55078125},{""pid"":39656,""name"":""electron.exe"",""cpu_percent"":0.052379791429268886,""ws_mb"":90.8203125,""private_mb"":43.625},{""pid"":37108,""name"":""electron.exe"",""cpu_percent"":0.0,""ws_mb"":88.59765625,""private_mb"":102.03515625},{""pid"":46944,""name"":""electron.exe"",""cpu_percent"":0.052379791429268886,""ws_mb"":37.88671875,""private_mb"":13.28515625},{""pid"":48788,""name"":""node.exe"",""cpu_percent"":0.0,""ws_mb"":64.2734375,""private_mb"":69.6875},{""pid"":31144,""name"":""conhost.exe"",""cpu_percent"":0.0,""ws_mb"":9.8125,""private_mb"":1.6796875},{""pid"":45388,""name"":""electron.exe"",""cpu_percent"":0.07856968714390333,""ws_mb"":114.59765625,""private_mb"":76.05078125},{""pid"":46504,""name"":""powershell.exe"",""cpu_percent"":2.1475714486000244,""ws_mb"":130.4609375,""private_mb"":109.6171875},{""pid"":43264,""name"":""conhost.exe"",""cpu_percent"":0.0,""ws_mb"":7.453125,""private_mb"":1.22265625}]"
"2026-10-01T19:55:15.2746823Z","5.0201726","1.9712137653062631","601.8359375","452.7578125","153","4567","11","","0","65.36863966770508","1.1875","31144;37108;39656;43264;44696;45388;45764;46504;46944;47448;48788","[{""pid"":44696,""name"":""cmd.exe"",""cpu_percent"":0.0,""ws_mb"":7.359375,""private_mb"":4.3515625},{""pid"":45764,""name"":""cmd.exe"",""cpu_percent"":0.0,""ws_mb"":8.2265625,""private_mb"":4.7578125},{""pid"":47448,""name"":""node.exe"",""cpu_percent"":0.0,""ws_mb"":35.75,""private_mb"":19.55078125},{""pid"":39656,""name"":""electron.exe"",""cpu_percent"":0.10374809291085595,""ws_mb"":90.91796875,""private_mb"":43.9140625},{""pid"":37108,""name"":""electron.exe"",""cpu_percent"":0.0,""ws_mb"":88.76953125,""private_mb"":102.015625},{""pid"":46944,""name"":""electron.exe"",""cpu_percent"":0.0,""ws_mb"":37.88671875,""private_mb"":13.28515625},{""pid"":48788,""name"":""node.exe"",""cpu_percent"":0.0,""ws_mb"":64.2734375,""private_mb"":69.6875},{""pid"":31144,""name"":""conhost.exe"",""cpu_percent"":0.0,""ws_mb"":9.8125,""private_mb"":1.6796875},{""pid"":45388,""name"":""electron.exe"",""cpu_percent"":0.07781106968314197,""ws_mb"":116.13671875,""private_mb"":77.8515625},{""pid"":46504,""name"":""powershell.exe"",""cpu_percent"":1.789654602712265,""ws_mb"":135.25,""private_mb"":114.44140625},{""pid"":43264,""name"":""conhost.exe"",""cpu_percent"":0.0,""ws_mb"":7.453125,""private_mb"":1.22265625}]"
"2026-10-01T19:55:20.1688796Z","4.8941973","2.1017661738592626","593.70703125","444.375","154","4040","11","","0","61.07275624004249","1.234375","31144;37108;39656;43264;44696;45388;45764;46504;46944;47448;48788","[{""pid"":44696,""name"":""cmd.exe"",""cpu_percent"":0.0,""ws_mb"":7.359375,""private_mb"":4.3515625},{""pid"":45764,""name"":""cmd.exe"",""cpu_percent"":0.0,""ws_mb"":8.2265625,""private_mb"":4.7578125},{""pid"":47448,""name"":""node.exe"",""cpu_percent"":0.0,""ws_mb"":35.75,""private_mb"":19.55078125},{""pid"":39656,""name"":""electron.exe"",""cpu_percent"":0.1596278106728554,""ws_mb"":91.04296875,""private_mb"":43.96875},{""pid"":37108,""name"":""electron.exe"",""cpu_percent"":0.0798139053364277,""ws_mb"":88.75390625,""private_mb"":102.01171875},{""pid"":46944,""name"":""electron.exe"",""cpu_percent"":0.05320927022428513,""ws_mb"":37.890625,""private_mb"":13.2890625},{""pid"":48788,""name"":""node.exe"",""cpu_percent"":0.0,""ws_mb"":64.2734375,""private_mb"":69.6875},{""pid"":31144,""name"":""conhost.exe"",""cpu_percent"":0.0,""ws_mb"":9.8125,""private_mb"":1.6796875},{""pid"":45388,""name"":""electron.exe"",""cpu_percent"":0.10641854044857026,""ws_mb"":116.30859375,""private_mb"":77.8671875},{""pid"":46504,""name"":""powershell.exe"",""cpu_percent"":1.702696647177124,""ws_mb"":126.8359375,""private_mb"":105.98828125},{""pid"":43264,""name"":""conhost.exe"",""cpu_percent"":0.0,""ws_mb"":7.453125,""private_mb"":1.22265625}]"
"2026-10-01T19:55:25.2998494Z","5.1309698","2.537694401033764","596.30859375","447.046875","153","3859","11","","0","70.89893346876588","1.5625","31144;37108;39656;43264;44696;45388;45764;46504;46944;47448;48788","[{""pid"":44696,""name"":""cmd.exe"",""cpu_percent"":0.0,""ws_mb"":7.359375,""private_mb"":4.3515625},{""pid"":45764,""name"":""cmd.exe"",""cpu_percent"":0.0,""ws_mb"":8.2265625,""private_mb"":4.7578125},{""pid"":47448,""name"":""node.exe"",""cpu_percent"":0.0,""ws_mb"":35.75,""private_mb"":19.55078125},{""pid"":39656,""name"":""electron.exe"",""cpu_percent"":0.050753888020675285,""ws_mb"":91.1171875,""private_mb"":44},{""pid"":37108,""name"":""electron.exe"",""cpu_percent"":0.20301555208270114,""ws_mb"":88.76171875,""private_mb"":102.01171875},{""pid"":46944,""name"":""electron.exe"",""cpu_percent"":0.025376944010337642,""ws_mb"":37.890625,""private_mb"":13.2890625},{""pid"":48788,""name"":""node.exe"",""cpu_percent"":0.0,""ws_mb"":64.2734375,""private_mb"":69.6875},{""pid"":31144,""name"":""conhost.exe"",""cpu_percent"":0.0,""ws_mb"":9.8125,""private_mb"":1.6796875},{""pid"":45388,""name"":""electron.exe"",""cpu_percent"":0.07613083203101292,""ws_mb"":115.40625,""private_mb"":77.09765625},{""pid"":46504,""name"":""powershell.exe"",""cpu_percent"":2.182417184889037,""ws_mb"":130.2578125,""private_mb"":109.3984375},{""pid"":43264,""name"":""conhost.exe"",""cpu_percent"":0.0,""ws_mb"":7.453125,""private_mb"":1.22265625}]"
"2026-10-01T19:55:30.2827579Z","4.9829085","2.534706052365468","597.234375","447.56640625","153","3845","11","","0","74.66039707419017","1.515625","31144;37108;39656;43264;44696;45388;45764;46504;46944;47448;48788","[{""pid"":44696,""name"":""cmd.exe"",""cpu_percent"":0.0,""ws_mb"":7.359375,""private_mb"":4.3515625},{""pid"":45764,""name"":""cmd.exe"",""cpu_percent"":0.0,""ws_mb"":8.2265625,""private_mb"":4.7578125},{""pid"":47448,""name"":""node.exe"",""cpu_percent"":0.0,""ws_mb"":35.75,""private_mb"":19.55078125},{""pid"":39656,""name"":""electron.exe"",""cpu_percent"":0.052261980461143664,""ws_mb"":91.28125,""private_mb"":44.078125},{""pid"":37108,""name"":""electron.exe"",""cpu_percent"":0.052261980461143664,""ws_mb"":88.75390625,""private_mb"":102.01171875},{""pid"":46944,""name"":""electron.exe"",""cpu_percent"":0.026130990230571832,""ws_mb"":37.890625,""private_mb"":13.2890625},{""pid"":48788,""name"":""node.exe"",""cpu_percent"":0.0,""ws_mb"":64.2734375,""private_mb"":69.6875},{""pid"":31144,""name"":""conhost.exe"",""cpu_percent"":0.0,""ws_mb"":9.8125,""private_mb"":1.6796875},{""pid"":45388,""name"":""electron.exe"",""cpu_percent"":0.10452396092228733,""ws_mb"":116.15234375,""private_mb"":77.52734375},{""pid"":46504,""name"":""powershell.exe"",""cpu_percent"":2.2995271402903215,""ws_mb"":130.28125,""private_mb"":109.41015625},{""pid"":43264,""name"":""conhost.exe"",""cpu_percent"":0.0,""ws_mb"":7.453125,""private_mb"":1.22265625}]"
"2026-10-01T19:55:35.3438259Z","5.061068","2.701381408034826","611.95703125","462.41796875","154","3891","11","","0","73.8425925925926","1.640625","31144;37108;39656;43264;44696;45388;45764;46504;46944;47448;48788","[{""pid"":44696,""name"":""cmd.exe"",""cpu_percent"":0.0,""ws_mb"":7.359375,""private_mb"":4.3515625},{""pid"":45764,""name"":""cmd.exe"",""cpu_percent"":0.0,""ws_mb"":8.2265625,""private_mb"":4.7578125},{""pid"":47448,""name"":""node.exe"",""cpu_percent"":0.0,""ws_mb"":35.75,""private_mb"":19.55078125},{""pid"":39656,""name"":""electron.exe"",""cpu_percent"":0.025727441981284054,""ws_mb"":91.3828125,""private_mb"":44.3828125},{""pid"":37108,""name"":""electron.exe"",""cpu_percent"":0.2830018617941246,""ws_mb"":104.8828125,""private_mb"":118.1953125},{""pid"":46944,""name"":""electron.exe"",""cpu_percent"":0.0,""ws_mb"":37.89453125,""private_mb"":13.29296875},{""pid"":48788,""name"":""node.exe"",""cpu_percent"":0.0,""ws_mb"":64.2734375,""private_mb"":69.6875},{""pid"":31144,""name"":""conhost.exe"",""cpu_percent"":0.0,""ws_mb"":9.8125,""private_mb"":1.6796875},{""pid"":45388,""name"":""electron.exe"",""cpu_percent"":0.025727441981284054,""ws_mb"":116.05859375,""private_mb"":77.296875},{""pid"":46504,""name"":""powershell.exe"",""cpu_percent"":2.3669246622781333,""ws_mb"":128.86328125,""private_mb"":108},{""pid"":43264,""name"":""conhost.exe"",""cpu_percent"":0.0,""ws_mb"":7.453125,""private_mb"":1.22265625}]"
"2026-10-01T19:55:40.4130799Z","5.069254","2.697019127469249","611.97265625","462.36328125","153","4175","11","","0","68.49279835390946","1.640625","31144;37108;39656;43264;44696;45388;45764;46504;46944;47448;48788","[{""pid"":44696,""name"":""cmd.exe"",""cpu_percent"":0.0,""ws_mb"":7.359375,""private_mb"":4.3515625},{""pid"":45764,""name"":""cmd.exe"",""cpu_percent"":0.0,""ws_mb"":8.2265625,""private_mb"":4.7578125},{""pid"":47448,""name"":""node.exe"",""cpu_percent"":0.0,""ws_mb"":35.75,""private_mb"":19.55078125},{""pid"":39656,""name"":""electron.exe"",""cpu_percent"":0.07705768935626427,""ws_mb"":91.52734375,""private_mb"":44.44140625},{""pid"":37108,""name"":""electron.exe"",""cpu_percent"":0.025685896452088085,""ws_mb"":104.74609375,""private_mb"":118.0625},{""pid"":46944,""name"":""electron.exe"",""cpu_percent"":0.05137179290417617,""ws_mb"":37.89453125,""private_mb"":13.29296875},{""pid"":48788,""name"":""node.exe"",""cpu_percent"":0.0,""ws_mb"":64.2734375,""private_mb"":69.6875},{""pid"":31144,""name"":""conhost.exe"",""cpu_percent"":0.0,""ws_mb"":9.8125,""private_mb"":1.6796875},{""pid"":45388,""name"":""electron.exe"",""cpu_percent"":0.05137179290417617,""ws_mb"":116.10546875,""private_mb"":77.34765625},{""pid"":46504,""name"":""powershell.exe"",""cpu_percent"":2.4915319558525444,""ws_mb"":128.82421875,""private_mb"":107.96875},{""pid"":43264,""name"":""conhost.exe"",""cpu_percent"":0.0,""ws_mb"":7.453125,""private_mb"":1.22265625}]"
"2026-10-01T19:55:45.2786820Z","4.8656021","1.84650836943695","612.171875","464.50390625","159","3838","11","","0","80.98290598290598","1.078125","31144;37108;39656;43264;44696;45388;45764;46504;46944;47448;48788","[{""pid"":44696,""name"":""cmd.exe"",""cpu_percent"":0.0,""ws_mb"":7.390625,""private_mb"":6.36328125},{""pid"":45764,""name"":""cmd.exe"",""cpu_percent"":0.0,""ws_mb"":8.2265625,""private_mb"":4.7578125},{""pid"":47448,""name"":""node.exe"",""cpu_percent"":0.0,""ws_mb"":35.75,""private_mb"":19.55078125},{""pid"":39656,""name"":""electron.exe"",""cpu_percent"":0.10704396344562028,""ws_mb"":91.65625,""private_mb"":44.51171875},{""pid"":37108,""name"":""electron.exe"",""cpu_percent"":0.0,""ws_mb"":104.7578125,""private_mb"":118.0625},{""pid"":46944,""name"":""electron.exe"",""cpu_percent"":0.02676099086140507,""ws_mb"":37.89453125,""private_mb"":13.29296875},{""pid"":48788,""name"":""node.exe"",""cpu_percent"":0.0,""ws_mb"":64.30078125,""private_mb"":69.74609375},{""pid"":31144,""name"":""conhost.exe"",""cpu_percent"":0.0,""ws_mb"":9.859375,""private_mb"":1.75},{""pid"":45388,""name"":""electron.exe"",""cpu_percent"":0.1873269360298355,""ws_mb"":116.09375,""private_mb"":77.3359375},{""pid"":46504,""name"":""powershell.exe"",""cpu_percent"":1.525376479100089,""ws_mb"":128.7890625,""private_mb"":107.91015625},{""pid"":43264,""name"":""conhost.exe"",""cpu_percent"":0.0,""ws_mb"":7.453125,""private_mb"":1.22265625}]"
"2026-10-01T19:55:50.2901776Z","5.0114956","2.3903376602119866","615.5234375","467.59375","160","3843","11","","0","77.16145833333333","1.4375","31144;37108;39656;43264;44696;45388;45764;46504;46944;47448;48788","[{""pid"":44696,""name"":""cmd.exe"",""cpu_percent"":0.0,""ws_mb"":7.390625,""private_mb"":6.36328125},{""pid"":45764,""name"":""cmd.exe"",""cpu_percent"":0.0,""ws_mb"":8.2265625,""private_mb"":4.7578125},{""pid"":47448,""name"":""node.exe"",""cpu_percent"":0.0,""ws_mb"":35.75,""private_mb"":19.55078125},{""pid"":39656,""name"":""electron.exe"",""cpu_percent"":0.12990965544630362,""ws_mb"":91.78515625,""private_mb"":44.59765625},{""pid"":37108,""name"":""electron.exe"",""cpu_percent"":0.10392772435704291,""ws_mb"":104.828125,""private_mb"":117.890625},{""pid"":46944,""name"":""electron.exe"",""cpu_percent"":0.025981931089260727,""ws_mb"":37.8984375,""private_mb"":13.296875},{""pid"":48788,""name"":""node.exe"",""cpu_percent"":0.0,""ws_mb"":64.30078125,""private_mb"":69.74609375},{""pid"":31144,""name"":""conhost.exe"",""cpu_percent"":0.0,""ws_mb"":9.859375,""private_mb"":1.75},{""pid"":45388,""name"":""electron.exe"",""cpu_percent"":0.07794579326778217,""ws_mb"":116.08984375,""private_mb"":77.32421875},{""pid"":46504,""name"":""powershell.exe"",""cpu_percent"":2.0525725560515973,""ws_mb"":131.94140625,""private_mb"":111.09375},{""pid"":43264,""name"":""conhost.exe"",""cpu_percent"":0.0,""ws_mb"":7.453125,""private_mb"":1.22265625}]"
"2026-10-01T19:55:55.2967906Z","5.006613","1.9245379394546107","607.25","455.67578125","159","4218","11","","0","84.76116303219106","1.15625","31144;37108;39656;43264;44696;45388;45764;46504;46944;47448;48788","[{""pid"":44696,""name"":""cmd.exe"",""cpu_percent"":0.0,""ws_mb"":7.390625,""private_mb"":6.36328125},{""pid"":45764,""name"":""cmd.exe"",""cpu_percent"":0.0,""ws_mb"":8.2265625,""private_mb"":4.7578125},{""pid"":47448,""name"":""node.exe"",""cpu_percent"":0.0,""ws_mb"":35.75,""private_mb"":19.55078125},{""pid"":39656,""name"":""electron.exe"",""cpu_percent"":0.10402907780835734,""ws_mb"":91.93359375,""private_mb"":44.91015625},{""pid"":37108,""name"":""electron.exe"",""cpu_percent"":0.0,""ws_mb"":92.6953125,""private_mb"":101.98828125},{""pid"":46944,""name"":""electron.exe"",""cpu_percent"":0.026007269452089334,""ws_mb"":37.8984375,""private_mb"":13.296875},{""pid"":48788,""name"":""node.exe"",""cpu_percent"":0.0,""ws_mb"":64.30078125,""private_mb"":69.74609375},{""pid"":31144,""name"":""conhost.exe"",""cpu_percent"":0.0,""ws_mb"":9.859375,""private_mb"":1.75},{""pid"":45388,""name"":""electron.exe"",""cpu_percent"":0.078021808356268,""ws_mb"":115.15625,""private_mb"":76.34375},{""pid"":46504,""name"":""powershell.exe"",""cpu_percent"":1.716479783837896,""ws_mb"":136.5859375,""private_mb"":115.74609375},{""pid"":43264,""name"":""conhost.exe"",""cpu_percent"":0.0,""ws_mb"":7.453125,""private_mb"":1.22265625}]"
"2026-10-01T19:56:00.2595760Z","4.9627854","2.6761685081124003","598.4453125","448.87890625","163","3838","11","","0","84.85804416403785","1.59375","31144;37108;39656;43264;44696;45388;45764;46504;46944;47448;48788","[{""pid"":44696,""name"":""cmd.exe"",""cpu_percent"":0.0,""ws_mb"":7.390625,""private_mb"":6.36328125},{""pid"":45764,""name"":""cmd.exe"",""cpu_percent"":0.0,""ws_mb"":8.2578125,""private_mb"":6.76953125},{""pid"":47448,""name"":""node.exe"",""cpu_percent"":0.0,""ws_mb"":35.78125,""private_mb"":19.61328125},{""pid"":39656,""name"":""electron.exe"",""cpu_percent"":0.052473892315929416,""ws_mb"":92.1953125,""private_mb"":45.22265625},{""pid"":37108,""name"":""electron.exe"",""cpu_percent"":0.0,""ws_mb"":92.68359375,""private_mb"":101.9765625},{""pid"":46944,""name"":""electron.exe"",""cpu_percent"":0.026236946157964708,""ws_mb"":37.8984375,""private_mb"":13.296875},{""pid"":48788,""name"":""node.exe"",""cpu_percent"":0.0,""ws_mb"":64.30078125,""private_mb"":69.74609375},{""pid"":31144,""name"":""conhost.exe"",""cpu_percent"":0.0,""ws_mb"":9.859375,""private_mb"":1.75},{""pid"":45388,""name"":""electron.exe"",""cpu_percent"":0.052473892315929416,""ws_mb"":115.29296875,""private_mb"":76.47265625},{""pid"":46504,""name"":""powershell.exe"",""cpu_percent"":2.5449837773225767,""ws_mb"":127.33203125,""private_mb"":106.4453125},{""pid"":43264,""name"":""conhost.exe"",""cpu_percent"":0.0,""ws_mb"":7.453125,""private_mb"":1.22265625}]"
"2026-10-01T19:56:05.1759149Z","4.9163389","2.4895727455512335","602.38671875","452.69140625","176","3843","11","","0","64.86772486772487","1.46875","31144;37108;39656;43264;44696;45388;45764;46504;46944;47448;48788","[{""pid"":44696,""name"":""cmd.exe"",""cpu_percent"":0.0,""ws_mb"":7.390625,""private_mb"":6.36328125},{""pid"":45764,""name"":""cmd.exe"",""cpu_percent"":0.0,""ws_mb"":8.2578125,""private_mb"":6.76953125},{""pid"":47448,""name"":""node.exe"",""cpu_percent"":0.0,""ws_mb"":35.78125,""private_mb"":19.61328125},{""pid"":39656,""name"":""electron.exe"",""cpu_percent"":0.132424082210172,""ws_mb"":91.921875,""private_mb"":44.75},{""pid"":37108,""name"":""electron.exe"",""cpu_percent"":0.132424082210172,""ws_mb"":92.7109375,""private_mb"":102.0078125},{""pid"":46944,""name"":""electron.exe"",""cpu_percent"":0.0264848164420344,""ws_mb"":37.92578125,""private_mb"":13.27734375},{""pid"":48788,""name"":""node.exe"",""cpu_percent"":0.0,""ws_mb"":64.30078125,""private_mb"":69.74609375},{""pid"":31144,""name"":""conhost.exe"",""cpu_percent"":0.0,""ws_mb"":9.859375,""private_mb"":1.75},{""pid"":45388,""name"":""electron.exe"",""cpu_percent"":0.0794544493261032,""ws_mb"":115.48828125,""private_mb"":76.7421875},{""pid"":46504,""name"":""powershell.exe"",""cpu_percent"":2.118785315362752,""ws_mb"":131.27734375,""private_mb"":110.4140625},{""pid"":43264,""name"":""conhost.exe"",""cpu_percent"":0.0,""ws_mb"":7.47265625,""private_mb"":1.2578125}]"
"2026-10-01T19:56:10.6050489Z","5.429134","1.6548449531730107","602.2265625","452.4921875","175","4075","11","","0","94.49233716475096","1.078125","31144;37108;39656;43264;44696;45388;45764;46504;46944;47448;48788","[{""pid"":44696,""name"":""cmd.exe"",""cpu_percent"":0.0,""ws_mb"":7.390625,""private_mb"":6.36328125},{""pid"":45764,""name"":""cmd.exe"",""cpu_percent"":0.0,""ws_mb"":8.2578125,""private_mb"":6.76953125},{""pid"":47448,""name"":""node.exe"",""cpu_percent"":0.0,""ws_mb"":35.78125,""private_mb"":19.61328125},{""pid"":39656,""name"":""electron.exe"",""cpu_percent"":0.0719497805727396,""ws_mb"":92.01171875,""private_mb"":44.84765625},{""pid"":37108,""name"":""electron.exe"",""cpu_percent"":0.11991630095456599,""ws_mb"":92.7890625,""private_mb"":102.08203125},{""pid"":46944,""name"":""electron.exe"",""cpu_percent"":0.023983260190913198,""ws_mb"":37.9296875,""private_mb"":13.28125},{""pid"":48788,""name"":""node.exe"",""cpu_percent"":0.0,""ws_mb"":64.30078125,""private_mb"":69.74609375},{""pid"":31144,""name"":""conhost.exe"",""cpu_percent"":0.0,""ws_mb"":9.859375,""private_mb"":1.75},{""pid"":45388,""name"":""electron.exe"",""cpu_percent"":0.0719497805727396,""ws_mb"":115.171875,""private_mb"":76.3984375},{""pid"":46504,""name"":""powershell.exe"",""cpu_percent"":1.3670458308820523,""ws_mb"":131.26171875,""private_mb"":110.3828125},{""pid"":43264,""name"":""conhost.exe"",""cpu_percent"":0.0,""ws_mb"":7.47265625,""private_mb"":1.2578125}]"
"2026-10-01T19:56:16.3600210Z","5.7549721","2.0362826780689347","556.1640625","452.140625","175","3983","11","","0","95.28985507246377","1.40625","31144;37108;39656;43264;44696;45388;45764;46504;46944;47448;48788","[{""pid"":44696,""name"":""cmd.exe"",""cpu_percent"":0.0,""ws_mb"":7.390625,""private_mb"":6.36328125},{""pid"":45764,""name"":""cmd.exe"",""cpu_percent"":0.0,""ws_mb"":8.2578125,""private_mb"":6.76953125},{""pid"":47448,""name"":""node.exe"",""cpu_percent"":0.0,""ws_mb"":35.78125,""private_mb"":19.61328125},{""pid"":39656,""name"":""electron.exe"",""cpu_percent"":0.11312681544827415,""ws_mb"":91.70703125,""private_mb"":44.53515625},{""pid"":37108,""name"":""electron.exe"",""cpu_percent"":0.11312681544827415,""ws_mb"":72.3984375,""private_mb"":102.0078125},{""pid"":46944,""name"":""electron.exe"",""cpu_percent"":0.0,""ws_mb"":37.93359375,""private_mb"":13.28515625},{""pid"":48788,""name"":""node.exe"",""cpu_percent"":0.0,""ws_mb"":38.8984375,""private_mb"":69.74609375},{""pid"":31144,""name"":""conhost.exe"",""cpu_percent"":0.0,""ws_mb"":9.859375,""private_mb"":1.75},{""pid"":45388,""name"":""electron.exe"",""cpu_percent"":0.06787608926896449,""ws_mb"":115.203125,""private_mb"":76.4296875},{""pid"":46504,""name"":""powershell.exe"",""cpu_percent"":1.7421529579034218,""ws_mb"":131.26171875,""private_mb"":110.3828125},{""pid"":43264,""name"":""conhost.exe"",""cpu_percent"":0.0,""ws_mb"":7.47265625,""private_mb"":1.2578125}]"
