"timestamp","interval_seconds","tree_cpu_percent","working_set_mb","private_mb","threads","handles","process_count","new_pids","spawn_count","machine_cpu_percent","tree_cpu_delta_seconds","tree_pids","per_process_json"
"2026-10-01T19:58:08.7006599Z","6.9489822","3.7662889681887517","690.83984375","472.59765625","224","5033","13","","0","95.74906367041199","3.140625","5676;6016;12684;40608;42440;43136;43292;43860;43932;44532;45452;46556;47512","[{""pid"":43932,""name"":""cmd.exe"",""cpu_percent"":0.0,""ws_mb"":8.80859375,""private_mb"":6.6171875},{""pid"":43860,""name"":""node.exe"",""cpu_percent"":0.0,""ws_mb"":40.99609375,""private_mb"":19.234375},{""pid"":43292,""name"":""electron.exe"",""cpu_percent"":0.0,""ws_mb"":86.1484375,""private_mb"":42.50390625},{""pid"":46556,""name"":""conhost.exe"",""cpu_percent"":0.0,""ws_mb"":7.69140625,""private_mb"":1.2578125},{""pid"":12684,""name"":""powershell.exe"",""cpu_percent"":2.0049398984885394,""ws_mb"":104.578125,""private_mb"":83.875},{""pid"":6016,""name"":""conhost.exe"",""cpu_percent"":0.0,""ws_mb"":10.046875,""private_mb"":1.76171875},{""pid"":40608,""name"":""electron.exe"",""cpu_percent"":0.07495102424256223,""ws_mb"":115.44140625,""private_mb"":81.58203125},{""pid"":5676,""name"":""node.exe"",""cpu_percent"":0.0,""ws_mb"":67.03125,""private_mb"":69.8046875},{""pid"":44532,""name"":""conhost.exe"",""cpu_percent"":0.0,""ws_mb"":7.6953125,""private_mb"":1.26171875},{""pid"":43136,""name"":""electron.exe"",""cpu_percent"":0.0,""ws_mb"":42.94140625,""private_mb"":13.93359375},{""pid"":47512,""name"":""powershell.exe"",""cpu_percent"":1.68639804545765,""ws_mb"":97.6328125,""private_mb"":72.90625},{""pid"":45452,""name"":""electron.exe"",""cpu_percent"":0.0,""ws_mb"":92.9296875,""private_mb"":71.09375},{""pid"":42440,""name"":""cmd.exe"",""cpu_percent"":0.0,""ws_mb"":8.8984375,""private_mb"":6.765625}]"
"2026-10-01T19:58:13.6904090Z","4.9897491","3.26189580687868","596.484375","405.234375","193","3942","11","","0","78.16091954022988","1.953125","5676;6016;12684;40608;42440;43136;43292;43860;43932;44532;45452","[{""pid"":6016,""name"":""conhost.exe"",""cpu_percent"":0.0,""ws_mb"":10.046875,""private_mb"":1.76171875},{""pid"":42440,""name"":""cmd.exe"",""cpu_percent"":0.0,""ws_mb"":8.87109375,""private_mb"":4.75390625},{""pid"":40608,""name"":""electron.exe"",""cpu_percent"":0.1304758322751472,""ws_mb"":114.46875,""private_mb"":80.0234375},{""pid"":43932,""name"":""cmd.exe"",""cpu_percent"":0.0,""ws_mb"":8.80859375,""private_mb"":6.6171875},{""pid"":12684,""name"":""powershell.exe"",""cpu_percent"":3.105324808148503,""ws_mb"":116.0234375,""private_mb"":95.25},{""pid"":43292,""name"":""electron.exe"",""cpu_percent"":0.02609516645502944,""ws_mb"":86.6171875,""private_mb"":41.55859375},{""pid"":5676,""name"":""node.exe"",""cpu_percent"":0.0,""ws_mb"":67.03125,""private_mb"":69.8046875},{""pid"":44532,""name"":""conhost.exe"",""cpu_percent"":0.0,""ws_mb"":7.6953125,""private_mb"":1.26171875},{""pid"":45452,""name"":""electron.exe"",""cpu_percent"":0.0,""ws_mb"":92.93359375,""private_mb"":71.09375},{""pid"":43136,""name"":""electron.exe"",""cpu_percent"":0.0,""ws_mb"":43.0078125,""private_mb"":13.90625},{""pid"":43860,""name"":""node.exe"",""cpu_percent"":0.0,""ws_mb"":40.98046875,""private_mb"":19.203125}]"
"2026-10-01T19:58:18.5716037Z","4.8811947","2.5341729693074253","597.31640625","405.84375","193","4936","11","","0","79.5405982905983","1.484375","5676;6016;12684;40608;42440;43136;43292;43860;43932;44532;45452","[{""pid"":6016,""name"":""conhost.exe"",""cpu_percent"":0.0,""ws_mb"":10.046875,""private_mb"":1.76171875},{""pid"":42440,""name"":""cmd.exe"",""cpu_percent"":0.0,""ws_mb"":8.87109375,""private_mb"":4.75390625},{""pid"":40608,""name"":""electron.exe"",""cpu_percent"":0.02667550494007816,""ws_mb"":116.046875,""private_mb"":81.54296875},{""pid"":43932,""name"":""cmd.exe"",""cpu_percent"":0.0,""ws_mb"":8.80859375,""private_mb"":6.6171875},{""pid"":12684,""name"":""powershell.exe"",""cpu_percent"":2.480821959427269,""ws_mb"":116.109375,""private_mb"":95.28515625},{""pid"":43292,""name"":""electron.exe"",""cpu_percent"":0.02667550494007816,""ws_mb"":85.78125,""private_mb"":40.61328125},{""pid"":5676,""name"":""node.exe"",""cpu_percent"":0.0,""ws_mb"":67.03125,""private_mb"":69.8046875},{""pid"":44532,""name"":""conhost.exe"",""cpu_percent"":0.0,""ws_mb"":7.6953125,""private_mb"":1.26171875},{""pid"":45452,""name"":""electron.exe"",""cpu_percent"":0.0,""ws_mb"":92.9375,""private_mb"":71.09375},{""pid"":43136,""name"":""electron.exe"",""cpu_percent"":0.0,""ws_mb"":43.0078125,""private_mb"":13.90625},{""pid"":43860,""name"":""node.exe"",""cpu_percent"":0.0,""ws_mb"":40.98046875,""private_mb"":19.203125}]"
"2026-10-01T19:58:23.6035678Z","5.0319641","1.9407183370008543","600.1484375","408.42578125","191","4747","11","","0","77.87267080745342","1.171875","5676;6016;12684;40608;42440;43136;43292;43860;43932;44532;45452","[{""pid"":6016,""name"":""conhost.exe"",""cpu_percent"":0.0,""ws_mb"":10.046875,""private_mb"":1.76171875},{""pid"":42440,""name"":""cmd.exe"",""cpu_percent"":0.0,""ws_mb"":8.87109375,""private_mb"":4.75390625},{""pid"":40608,""name"":""electron.exe"",""cpu_percent"":0.05175248898668945,""ws_mb"":114.87109375,""private_mb"":80.234375},{""pid"":43932,""name"":""cmd.exe"",""cpu_percent"":0.0,""ws_mb"":8.80859375,""private_mb"":6.6171875},{""pid"":12684,""name"":""powershell.exe"",""cpu_percent"":1.888965848014165,""ws_mb"":120.1171875,""private_mb"":99.17578125},{""pid"":43292,""name"":""electron.exe"",""cpu_percent"":0.0,""ws_mb"":85.78125,""private_mb"":40.61328125},{""pid"":5676,""name"":""node.exe"",""cpu_percent"":0.0,""ws_mb"":67.03125,""private_mb"":69.8046875},{""pid"":44532,""name"":""conhost.exe"",""cpu_percent"":0.0,""ws_mb"":7.6953125,""private_mb"":1.26171875},{""pid"":45452,""name"":""electron.exe"",""cpu_percent"":0.0,""ws_mb"":92.9375,""private_mb"":71.09375},{""pid"":43136,""name"":""electron.exe"",""cpu_percent"":0.0,""ws_mb"":43.0078125,""private_mb"":13.90625},{""pid"":43860,""name"":""node.exe"",""cpu_percent"":0.0,""ws_mb"":40.98046875,""private_mb"":19.203125}]"
"2026-10-01T19:58:28.5859113Z","4.9823435","1.6987069772822099","602.55078125","408.4765625","183","4149","11","","0","66.90177638453501","1.015625","5676;6016;12684;40608;42440;43136;43292;43860;43932;44532;45452","[{""pid"":6016,""name"":""conhost.exe"",""cpu_percent"":0.0,""ws_mb"":10.0078125,""private_mb"":1.6875},{""pid"":42440,""name"":""cmd.exe"",""cpu_percent"":0.0,""ws_mb"":8.87109375,""private_mb"":4.75390625},{""pid"":40608,""name"":""electron.exe"",""cpu_percent"":0.0,""ws_mb"":113.4296875,""private_mb"":78.54296875},{""pid"":43932,""name"":""cmd.exe"",""cpu_percent"":0.0,""ws_mb"":8.78515625,""private_mb"":4.60546875},{""pid"":12684,""name"":""powershell.exe"",""cpu_percent"":1.6987069772822099,""ws_mb"":124.05859375,""private_mb"":103.0703125},{""pid"":43292,""name"":""electron.exe"",""cpu_percent"":0.0,""ws_mb"":85.78125,""private_mb"":40.61328125},{""pid"":5676,""name"":""node.exe"",""cpu_percent"":0.0,""ws_mb"":66.99609375,""private_mb"":69.73828125},{""pid"":44532,""name"":""conhost.exe"",""cpu_percent"":0.0,""ws_mb"":7.6953125,""private_mb"":1.26171875},{""pid"":45452,""name"":""electron.exe"",""cpu_percent"":0.0,""ws_mb"":92.9375,""private_mb"":71.09375},{""pid"":43136,""name"":""electron.exe"",""cpu_percent"":0.0,""ws_mb"":43.0078125,""private_mb"":13.90625},{""pid"":43860,""name"":""node.exe"",""cpu_percent"":0.0,""ws_mb"":40.98046875,""private_mb"":19.203125}]"
"2026-10-01T19:58:33.6227034Z","5.0367921","2.119818154363237","605.38671875","411.2421875","179","4141","11","","0","68.57585139318886","1.28125","5676;6016;12684;40608;42440;43136;43292;43860;43932;44532;45452","[{""pid"":6016,""name"":""conhost.exe"",""cpu_percent"":0.0,""ws_mb"":10.0078125,""private_mb"":1.6875},{""pid"":42440,""name"":""cmd.exe"",""cpu_percent"":0.0,""ws_mb"":8.87109375,""private_mb"":4.75390625},{""pid"":40608,""name"":""electron.exe"",""cpu_percent"":0.025851440906868743,""ws_mb"":113.70703125,""private_mb"":78.85546875},{""pid"":43932,""name"":""cmd.exe"",""cpu_percent"":0.0,""ws_mb"":8.78515625,""private_mb"":4.60546875},{""pid"":12684,""name"":""powershell.exe"",""cpu_percent"":2.093966713456368,""ws_mb"":126.61328125,""private_mb"":105.5234375},{""pid"":43292,""name"":""electron.exe"",""cpu_percent"":0.0,""ws_mb"":85.78125,""private_mb"":40.61328125},{""pid"":5676,""name"":""node.exe"",""cpu_percent"":0.0,""ws_mb"":67,""private_mb"":69.73828125},{""pid"":44532,""name"":""conhost.exe"",""cpu_percent"":0.0,""ws_mb"":7.6953125,""private_mb"":1.26171875},{""pid"":45452,""name"":""electron.exe"",""cpu_percent"":0.0,""ws_mb"":92.9375,""private_mb"":71.09375},{""pid"":43136,""name"":""electron.exe"",""cpu_percent"":0.0,""ws_mb"":43.0078125,""private_mb"":13.90625},{""pid"":43860,""name"":""node.exe"",""cpu_percent"":0.0,""ws_mb"":40.98046875,""private_mb"":19.203125}]"
"2026-10-01T19:58:38.5828797Z","4.9601763","2.6250747041659257","611.30078125","417.140625","177","4921","11","","0","88.22292323869611","1.5625","5676;6016;12684;40608;42440;43136;43292;43860;43932;44532;45452","[{""pid"":6016,""name"":""conhost.exe"",""cpu_percent"":0.0,""ws_mb"":10.0078125,""private_mb"":1.6875},{""pid"":42440,""name"":""cmd.exe"",""cpu_percent"":0.0,""ws_mb"":8.87109375,""private_mb"":4.75390625},{""pid"":40608,""name"":""electron.exe"",""cpu_percent"":0.05250149408331851,""ws_mb"":112.83984375,""private_mb"":77.9296875},{""pid"":43932,""name"":""cmd.exe"",""cpu_percent"":0.0,""ws_mb"":8.78515625,""private_mb"":4.60546875},{""pid"":12684,""name"":""powershell.exe"",""cpu_percent"":2.572573210082607,""ws_mb"":133.39453125,""private_mb"":112.34765625},{""pid"":43292,""name"":""electron.exe"",""cpu_percent"":0.0,""ws_mb"":85.78125,""private_mb"":40.61328125},{""pid"":5676,""name"":""node.exe"",""cpu_percent"":0.0,""ws_mb"":67,""private_mb"":69.73828125},{""pid"":44532,""name"":""conhost.exe"",""cpu_percent"":0.0,""ws_mb"":7.6953125,""private_mb"":1.26171875},{""pid"":45452,""name"":""electron.exe"",""cpu_percent"":0.0,""ws_mb"":92.9375,""private_mb"":71.09375},{""pid"":43136,""name"":""electron.exe"",""cpu_percent"":0.0,""ws_mb"":43.0078125,""private_mb"":13.90625},{""pid"":43860,""name"":""node.exe"",""cpu_percent"":0.0,""ws_mb"":40.98046875,""private_mb"":19.203125}]"
"2026-10-01T19:58:43.5082482Z","4.9253685","1.453994423632127","597.23046875","402.72265625","166","4350","11","","0","65.21164021164022","0.859375","5676;6016;12684;40608;42440;43136;43292;43860;43932;44532;45452","[{""pid"":6016,""name"":""conhost.exe"",""cpu_percent"":0.0,""ws_mb"":10.0078125,""private_mb"":1.6875},{""pid"":42440,""name"":""cmd.exe"",""cpu_percent"":0.0,""ws_mb"":8.87109375,""private_mb"":4.75390625},{""pid"":40608,""name"":""electron.exe"",""cpu_percent"":0.02643626224785685,""ws_mb"":111.328125,""private_mb"":76.33203125},{""pid"":43932,""name"":""cmd.exe"",""cpu_percent"":0.0,""ws_mb"":8.78515625,""private_mb"":4.60546875},{""pid"":12684,""name"":""powershell.exe"",""cpu_percent"":1.42755816138427,""ws_mb"":122.64453125,""private_mb"":101.5625},{""pid"":43292,""name"":""electron.exe"",""cpu_percent"":0.0,""ws_mb"":85.765625,""private_mb"":40.58203125},{""pid"":5676,""name"":""node.exe"",""cpu_percent"":0.0,""ws_mb"":67,""private_mb"":69.73828125},{""pid"":44532,""name"":""conhost.exe"",""cpu_percent"":0.0,""ws_mb"":7.6796875,""private_mb"":1.22265625},{""pid"":45452,""name"":""electron.exe"",""cpu_percent"":0.0,""ws_mb"":91.44921875,""private_mb"":69.53515625},{""pid"":43136,""name"":""electron.exe"",""cpu_percent"":0.0,""ws_mb"":42.73828125,""private_mb"":13.53515625},{""pid"":43860,""name"":""node.exe"",""cpu_percent"":0.0,""ws_mb"":40.9609375,""private_mb"":19.16796875}]"
"2026-10-01T19:58:48.8189404Z","5.3106922","2.1330788103290943","601.55078125","407.21875","167","3942","11","","0","72.25490196078431","1.359375","5676;6016;12684;40608;42440;43136;43292;43860;43932;44532;45452","[{""pid"":6016,""name"":""conhost.exe"",""cpu_percent"":0.0,""ws_mb"":10.0078125,""private_mb"":1.6875},{""pid"":42440,""name"":""cmd.exe"",""cpu_percent"":0.0,""ws_mb"":8.87109375,""private_mb"":4.75390625},{""pid"":40608,""name"":""electron.exe"",""cpu_percent"":0.073554441735486,""ws_mb"":112.90625,""private_mb"":78.125},{""pid"":43932,""name"":""cmd.exe"",""cpu_percent"":0.0,""ws_mb"":8.78515625,""private_mb"":4.60546875},{""pid"":12684,""name"":""powershell.exe"",""cpu_percent"":2.059524368593608,""ws_mb"":125.40234375,""private_mb"":104.28125},{""pid"":43292,""name"":""electron.exe"",""cpu_percent"":0.0,""ws_mb"":85.765625,""private_mb"":40.58203125},{""pid"":5676,""name"":""node.exe"",""cpu_percent"":0.0,""ws_mb"":67,""private_mb"":69.73828125},{""pid"":44532,""name"":""conhost.exe"",""cpu_percent"":0.0,""ws_mb"":7.6796875,""private_mb"":1.22265625},{""pid"":45452,""name"":""electron.exe"",""cpu_percent"":0.0,""ws_mb"":91.44140625,""private_mb"":69.52734375},{""pid"":43136,""name"":""electron.exe"",""cpu_percent"":0.0,""ws_mb"":42.73046875,""private_mb"":13.52734375},{""pid"":43860,""name"":""node.exe"",""cpu_percent"":0.0,""ws_mb"":40.9609375,""private_mb"":19.16796875}]"
"2026-10-01T19:58:53.4820528Z","4.6631124","2.429305585685646","611.18359375","417.09765625","166","3880","11","","0","71.43255295429208","1.359375","5676;6016;12684;40608;42440;43136;43292;43860;43932;44532;45452","[{""pid"":6016,""name"":""conhost.exe"",""cpu_percent"":0.0,""ws_mb"":10.0078125,""private_mb"":1.6875},{""pid"":42440,""name"":""cmd.exe"",""cpu_percent"":0.0,""ws_mb"":8.87109375,""private_mb"":4.75390625},{""pid"":40608,""name"":""electron.exe"",""cpu_percent"":0.05584610541806083,""ws_mb"":112.890625,""private_mb"":78.32421875},{""pid"":43932,""name"":""cmd.exe"",""cpu_percent"":0.0,""ws_mb"":8.78515625,""private_mb"":4.60546875},{""pid"":12684,""name"":""powershell.exe"",""cpu_percent"":2.345536427558555,""ws_mb"":135.02734375,""private_mb"":113.9609375},{""pid"":43292,""name"":""electron.exe"",""cpu_percent"":0.0,""ws_mb"":85.765625,""private_mb"":40.58203125},{""pid"":5676,""name"":""node.exe"",""cpu_percent"":0.0,""ws_mb"":67,""private_mb"":69.73828125},{""pid"":44532,""name"":""conhost.exe"",""cpu_percent"":0.0,""ws_mb"":7.6796875,""private_mb"":1.22265625},{""pid"":45452,""name"":""electron.exe"",""cpu_percent"":0.0,""ws_mb"":91.44140625,""private_mb"":69.52734375},{""pid"":43136,""name"":""electron.exe"",""cpu_percent"":0.027923052709030415,""ws_mb"":42.75390625,""private_mb"":13.52734375},{""pid"":43860,""name"":""node.exe"",""cpu_percent"":0.0,""ws_mb"":40.9609375,""private_mb"":19.16796875}]"
"2026-10-01T19:58:58.6333678Z","5.151315","2.856269062689171","611.1171875","416.78515625","166","4923","11","","0","79.60992907801419","1.765625","5676;6016;12684;40608;42440;43136;43292;43860;43932;44532;45452","[{""pid"":6016,""name"":""conhost.exe"",""cpu_percent"":0.0,""ws_mb"":10.0078125,""private_mb"":1.6875},{""pid"":42440,""name"":""cmd.exe"",""cpu_percent"":0.0,""ws_mb"":8.87109375,""private_mb"":4.75390625},{""pid"":40608,""name"":""electron.exe"",""cpu_percent"":0.05055343473786143,""ws_mb"":111.31640625,""private_mb"":76.546875},{""pid"":43932,""name"":""cmd.exe"",""cpu_percent"":0.0,""ws_mb"":8.78515625,""private_mb"":4.60546875},{""pid"":12684,""name"":""powershell.exe"",""cpu_percent"":2.8057156279513094,""ws_mb"":136.53515625,""private_mb"":115.42578125},{""pid"":43292,""name"":""electron.exe"",""cpu_percent"":0.0,""ws_mb"":85.765625,""private_mb"":40.58203125},{""pid"":5676,""name"":""node.exe"",""cpu_percent"":0.0,""ws_mb"":67,""private_mb"":69.73828125},{""pid"":44532,""name"":""conhost.exe"",""cpu_percent"":0.0,""ws_mb"":7.6796875,""private_mb"":1.22265625},{""pid"":45452,""name"":""electron.exe"",""cpu_percent"":0.0,""ws_mb"":91.44140625,""private_mb"":69.52734375},{""pid"":43136,""name"":""electron.exe"",""cpu_percent"":0.0,""ws_mb"":42.75390625,""private_mb"":13.52734375},{""pid"":43860,""name"":""node.exe"",""cpu_percent"":0.0,""ws_mb"":40.9609375,""private_mb"":19.16796875}]"
"2026-10-01T19:59:03.6876964Z","5.0543286","1.8290840185314954","614.91796875","420.6953125","166","4000","11","","0","78.60082304526749","1.109375","5676;6016;12684;40608;42440;43136;43292;43860;43932;44532;45452","[{""pid"":6016,""name"":""conhost.exe"",""cpu_percent"":0.0,""ws_mb"":10.0078125,""private_mb"":1.6875},{""pid"":42440,""name"":""cmd.exe"",""cpu_percent"":0.0,""ws_mb"":8.87109375,""private_mb"":4.75390625},{""pid"":40608,""name"":""electron.exe"",""cpu_percent"":0.07728524021964064,""ws_mb"":112.01171875,""private_mb"":77.3203125},{""pid"":43932,""name"":""cmd.exe"",""cpu_percent"":0.0,""ws_mb"":8.78515625,""private_mb"":4.60546875},{""pid"":12684,""name"":""powershell.exe"",""cpu_percent"":1.7517987783118547,""ws_mb"":139.640625,""private_mb"":118.5625},{""pid"":43292,""name"":""electron.exe"",""cpu_percent"":0.0,""ws_mb"":85.765625,""private_mb"":40.58203125},{""pid"":5676,""name"":""node.exe"",""cpu_percent"":0.0,""ws_mb"":67,""private_mb"":69.73828125},{""pid"":44532,""name"":""conhost.exe"",""cpu_percent"":0.0,""ws_mb"":7.6796875,""private_mb"":1.22265625},{""pid"":45452,""name"":""electron.exe"",""cpu_percent"":0.0,""ws_mb"":91.44140625,""private_mb"":69.52734375},{""pid"":43136,""name"":""electron.exe"",""cpu_percent"":0.0,""ws_mb"":42.75390625,""private_mb"":13.52734375},{""pid"":43860,""name"":""node.exe"",""cpu_percent"":0.0,""ws_mb"":40.9609375,""private_mb"":19.16796875}]"
"2026-10-01T19:59:08.8786994Z","5.191003","2.357845551877611","620.65625","426.453125","166","4099","11","","0","77.7722027094832","1.46875","5676;6016;12684;40608;42440;43136;43292;43860;43932;44532;45452","[{""pid"":6016,""name"":""conhost.exe"",""cpu_percent"":0.0,""ws_mb"":10.0078125,""private_mb"":1.6875},{""pid"":42440,""name"":""cmd.exe"",""cpu_percent"":0.0,""ws_mb"":8.87109375,""private_mb"":4.75390625},{""pid"":40608,""name"":""electron.exe"",""cpu_percent"":0.025083463317846923,""ws_mb"":112.07421875,""private_mb"":77.40234375},{""pid"":43932,""name"":""cmd.exe"",""cpu_percent"":0.0,""ws_mb"":8.78515625,""private_mb"":4.60546875},{""pid"":12684,""name"":""powershell.exe"",""cpu_percent"":2.3327620885597637,""ws_mb"":145.31640625,""private_mb"":124.23828125},{""pid"":43292,""name"":""electron.exe"",""cpu_percent"":0.0,""ws_mb"":85.765625,""private_mb"":40.58203125},{""pid"":5676,""name"":""node.exe"",""cpu_percent"":0.0,""ws_mb"":67,""private_mb"":69.73828125},{""pid"":44532,""name"":""conhost.exe"",""cpu_percent"":0.0,""ws_mb"":7.6796875,""private_mb"":1.22265625},{""pid"":45452,""name"":""electron.exe"",""cpu_percent"":0.0,""ws_mb"":91.44140625,""private_mb"":69.52734375},{""pid"":43136,""name"":""electron.exe"",""cpu_percent"":0.0,""ws_mb"":42.75390625,""private_mb"":13.52734375},{""pid"":43860,""name"":""node.exe"",""cpu_percent"":0.0,""ws_mb"":40.9609375,""private_mb"":19.16796875}]"
"2026-10-01T19:59:14.4579083Z","5.5792089","2.123770331190383","614.94921875","422.84375","166","4495","11","","0","93.76459598318543","1.421875","5676;6016;12684;40608;42440;43136;43292;43860;43932;44532;45452","[{""pid"":6016,""name"":""conhost.exe"",""cpu_percent"":0.0,""ws_mb"":10.0078125,""private_mb"":1.6875},{""pid"":42440,""name"":""cmd.exe"",""cpu_percent"":0.0,""ws_mb"":8.87109375,""private_mb"":4.75390625},{""pid"":40608,""name"":""electron.exe"",""cpu_percent"":0.02333813550758663,""ws_mb"":111.18359375,""private_mb"":76.44921875},{""pid"":43932,""name"":""cmd.exe"",""cpu_percent"":0.0,""ws_mb"":8.78515625,""private_mb"":4.60546875},{""pid"":12684,""name"":""powershell.exe"",""cpu_percent"":2.1004321956827967,""ws_mb"":141.83203125,""private_mb"":121.58203125},{""pid"":43292,""name"":""electron.exe"",""cpu_percent"":0.0,""ws_mb"":85.765625,""private_mb"":40.58203125},{""pid"":5676,""name"":""node.exe"",""cpu_percent"":0.0,""ws_mb"":67,""private_mb"":69.73828125},{""pid"":44532,""name"":""conhost.exe"",""cpu_percent"":0.0,""ws_mb"":6.34765625,""private_mb"":1.22265625},{""pid"":45452,""name"":""electron.exe"",""cpu_percent"":0.0,""ws_mb"":91.44140625,""private_mb"":69.52734375},{""pid"":43136,""name"":""electron.exe"",""cpu_percent"":0.0,""ws_mb"":42.75390625,""private_mb"":13.52734375},{""pid"":43860,""name"":""node.exe"",""cpu_percent"":0.0,""ws_mb"":40.9609375,""private_mb"":19.16796875}]"
"2026-10-01T19:59:19.3646285Z","4.9067202","2.2556224692276796","591.5234375","407.99609375","167","4847","11","","0","99.68152866242038","1.328125","5676;6016;12684;40608;42440;43136;43292;43860;43932;44532;45452","[{""pid"":6016,""name"":""conhost.exe"",""cpu_percent"":0.0,""ws_mb"":9.46484375,""private_mb"":1.6875},{""pid"":42440,""name"":""cmd.exe"",""cpu_percent"":0.0,""ws_mb"":8.125,""private_mb"":4.75390625},{""pid"":40608,""name"":""electron.exe"",""cpu_percent"":0.02653673493209035,""ws_mb"":110.98828125,""private_mb"":76.26171875},{""pid"":43932,""name"":""cmd.exe"",""cpu_percent"":0.0,""ws_mb"":8.78125,""private_mb"":4.60546875},{""pid"":12684,""name"":""powershell.exe"",""cpu_percent"":2.229085734295589,""ws_mb"":127.12109375,""private_mb"":106.9140625},{""pid"":43292,""name"":""electron.exe"",""cpu_percent"":0.0,""ws_mb"":85.765625,""private_mb"":40.58203125},{""pid"":5676,""name"":""node.exe"",""cpu_percent"":0.0,""ws_mb"":67,""private_mb"":69.73828125},{""pid"":44532,""name"":""conhost.exe"",""cpu_percent"":0.0,""ws_mb"":6.34765625,""private_mb"":1.22265625},{""pid"":45452,""name"":""electron.exe"",""cpu_percent"":0.0,""ws_mb"":88.05078125,""private_mb"":69.53125},{""pid"":43136,""name"":""electron.exe"",""cpu_percent"":0.0,""ws_mb"":38.91796875,""private_mb"":13.53125},{""pid"":43860,""name"":""node.exe"",""cpu_percent"":0.0,""ws_mb"":40.9609375,""private_mb"":19.16796875}]"
"2026-10-01T19:59:24.4009652Z","5.0363367","1.4995191511586852","592.74609375","409.171875","166","3984","11","","0","98.74648247633665","0.90625","5676;6016;12684;40608;42440;43136;43292;43860;43932;44532;45452","[{""pid"":6016,""name"":""conhost.exe"",""cpu_percent"":0.0,""ws_mb"":9.46484375,""private_mb"":1.6875},{""pid"":42440,""name"":""cmd.exe"",""cpu_percent"":0.0,""ws_mb"":8.125,""private_mb"":4.75390625},{""pid"":40608,""name"":""electron.exe"",""cpu_percent"":0.025853778468253194,""ws_mb"":111.1640625,""private_mb"":76.44140625},{""pid"":43932,""name"":""cmd.exe"",""cpu_percent"":0.0,""ws_mb"":8.78125,""private_mb"":4.60546875},{""pid"":12684,""name"":""powershell.exe"",""cpu_percent"":1.473665372690432,""ws_mb"":128.16015625,""private_mb"":107.91015625},{""pid"":43292,""name"":""electron.exe"",""cpu_percent"":0.0,""ws_mb"":85.765625,""private_mb"":40.58203125},{""pid"":5676,""name"":""node.exe"",""cpu_percent"":0.0,""ws_mb"":67,""private_mb"":69.73828125},{""pid"":44532,""name"":""conhost.exe"",""cpu_percent"":0.0,""ws_mb"":6.34765625,""private_mb"":1.22265625},{""pid"":45452,""name"":""electron.exe"",""cpu_percent"":0.0,""ws_mb"":88.0546875,""private_mb"":69.53125},{""pid"":43136,""name"":""electron.exe"",""cpu_percent"":0.0,""ws_mb"":38.921875,""private_mb"":13.53125},{""pid"":43860,""name"":""node.exe"",""cpu_percent"":0.0,""ws_mb"":40.9609375,""private_mb"":19.16796875}]"
"2026-10-01T19:59:28.5999290Z","4.1989638","2.2326936945729328","595.6796875","412.09375","166","4044","11","","0","86.23939679547597","1.125","5676;6016;12684;40608;42440;43136;43292;43860;43932;44532;45452","[{""pid"":6016,""name"":""conhost.exe"",""cpu_percent"":0.0,""ws_mb"":9.46484375,""private_mb"":1.6875},{""pid"":42440,""name"":""cmd.exe"",""cpu_percent"":0.0,""ws_mb"":8.125,""private_mb"":4.75390625},{""pid"":40608,""name"":""electron.exe"",""cpu_percent"":0.0,""ws_mb"":111.02734375,""private_mb"":76.296875},{""pid"":43932,""name"":""cmd.exe"",""cpu_percent"":0.0,""ws_mb"":8.78125,""private_mb"":4.60546875},{""pid"":12684,""name"":""powershell.exe"",""cpu_percent"":2.2326936945729328,""ws_mb"":131.23046875,""private_mb"":110.9765625},{""pid"":43292,""name"":""electron.exe"",""cpu_percent"":0.0,""ws_mb"":85.765625,""private_mb"":40.58203125},{""pid"":5676,""name"":""node.exe"",""cpu_percent"":0.0,""ws_mb"":67,""private_mb"":69.73828125},{""pid"":44532,""name"":""conhost.exe"",""cpu_percent"":0.0,""ws_mb"":6.34765625,""private_mb"":1.22265625},{""pid"":45452,""name"":""electron.exe"",""cpu_percent"":0.0,""ws_mb"":88.0546875,""private_mb"":69.53125},{""pid"":43136,""name"":""electron.exe"",""cpu_percent"":0.0,""ws_mb"":38.921875,""private_mb"":13.53125},{""pid"":43860,""name"":""node.exe"",""cpu_percent"":0.0,""ws_mb"":40.9609375,""private_mb"":19.16796875}]"
"2026-10-01T19:59:34.3899876Z","5.7900586","1.7540841469203785","597.30859375","413.69140625","167","4096","11","","0","92.6774483378257","1.21875","5676;6016;12684;40608;42440;43136;43292;43860;43932;44532;45452","[{""pid"":6016,""name"":""conhost.exe"",""cpu_percent"":0.0,""ws_mb"":9.46484375,""private_mb"":1.6875},{""pid"":42440,""name"":""cmd.exe"",""cpu_percent"":0.0,""ws_mb"":8.125,""private_mb"":4.75390625},{""pid"":40608,""name"":""electron.exe"",""cpu_percent"":0.04497651658770201,""ws_mb"":111.05078125,""private_mb"":76.29296875},{""pid"":43932,""name"":""cmd.exe"",""cpu_percent"":0.0,""ws_mb"":8.78125,""private_mb"":4.60546875},{""pid"":12684,""name"":""powershell.exe"",""cpu_percent"":1.7091076303326764,""ws_mb"":132.8359375,""private_mb"":112.578125},{""pid"":43292,""name"":""electron.exe"",""cpu_percent"":0.0,""ws_mb"":85.765625,""private_mb"":40.58203125},{""pid"":5676,""name"":""node.exe"",""cpu_percent"":0.0,""ws_mb"":67,""private_mb"":69.73828125},{""pid"":44532,""name"":""conhost.exe"",""cpu_percent"":0.0,""ws_mb"":6.34765625,""private_mb"":1.22265625},{""pid"":45452,""name"":""electron.exe"",""cpu_percent"":0.0,""ws_mb"":88.0546875,""private_mb"":69.53125},{""pid"":43136,""name"":""electron.exe"",""cpu_percent"":0.0,""ws_mb"":38.921875,""private_mb"":13.53125},{""pid"":43860,""name"":""node.exe"",""cpu_percent"":0.0,""ws_mb"":40.9609375,""private_mb"":19.16796875}]"
"2026-10-01T19:59:39.3747363Z","4.9847487","2.1680715151531444","599.07421875","415.4921875","166","4095","11","","0","99.92185464964835","1.296875","5676;6016;12684;40608;42440;43136;43292;43860;43932;44532;45452","[{""pid"":6016,""name"":""conhost.exe"",""cpu_percent"":0.0,""ws_mb"":9.46484375,""private_mb"":1.6875},{""pid"":42440,""name"":""cmd.exe"",""cpu_percent"":0.0,""ws_mb"":8.125,""private_mb"":4.75390625},{""pid"":40608,""name"":""electron.exe"",""cpu_percent"":0.07836403066818595,""ws_mb"":111.18359375,""private_mb"":76.42578125},{""pid"":43932,""name"":""cmd.exe"",""cpu_percent"":0.0,""ws_mb"":8.78125,""private_mb"":4.60546875},{""pid"":12684,""name"":""powershell.exe"",""cpu_percent"":2.0635861409288965,""ws_mb"":134.46875,""private_mb"":114.24609375},{""pid"":43292,""name"":""electron.exe"",""cpu_percent"":0.0,""ws_mb"":85.765625,""private_mb"":40.58203125},{""pid"":5676,""name"":""node.exe"",""cpu_percent"":0.0,""ws_mb"":67,""private_mb"":69.73828125},{""pid"":44532,""name"":""conhost.exe"",""cpu_percent"":0.0,""ws_mb"":6.34765625,""private_mb"":1.22265625},{""pid"":45452,""name"":""electron.exe"",""cpu_percent"":0.026121343556061983,""ws_mb"":88.0546875,""private_mb"":69.53125},{""pid"":43136,""name"":""electron.exe"",""cpu_percent"":0.0,""ws_mb"":38.921875,""private_mb"":13.53125},{""pid"":43860,""name"":""node.exe"",""cpu_percent"":0.0,""ws_mb"":40.9609375,""private_mb"":19.16796875}]"
"2026-10-01T19:59:44.3735947Z","4.9988584","1.9796186531975648","600.9140625","417.10546875","165","4171","11","","0","99.68660224601723","1.1875","5676;6016;12684;40608;42440;43136;43292;43860;43932;44532;45452","[{""pid"":6016,""name"":""conhost.exe"",""cpu_percent"":0.0,""ws_mb"":9.46484375,""private_mb"":1.6875},{""pid"":42440,""name"":""cmd.exe"",""cpu_percent"":0.0,""ws_mb"":8.125,""private_mb"":4.75390625},{""pid"":40608,""name"":""electron.exe"",""cpu_percent"":0.07814284157358808,""ws_mb"":111.28125,""private_mb"":76.50390625},{""pid"":43932,""name"":""cmd.exe"",""cpu_percent"":0.0,""ws_mb"":8.78125,""private_mb"":4.60546875},{""pid"":12684,""name"":""powershell.exe"",""cpu_percent"":1.9014758116239767,""ws_mb"":136.0703125,""private_mb"":115.8125},{""pid"":43292,""name"":""electron.exe"",""cpu_percent"":0.0,""ws_mb"":85.765625,""private_mb"":40.58203125},{""pid"":5676,""name"":""node.exe"",""cpu_percent"":0.0,""ws_mb"":66.98828125,""private_mb"":69.70703125},{""pid"":44532,""name"":""conhost.exe"",""cpu_percent"":0.0,""ws_mb"":6.34765625,""private_mb"":1.22265625},{""pid"":45452,""name"":""electron.exe"",""cpu_percent"":0.0,""ws_mb"":88.20703125,""private_mb"":69.53125},{""pid"":43136,""name"":""electron.exe"",""cpu_percent"":0.0,""ws_mb"":38.921875,""private_mb"":13.53125},{""pid"":43860,""name"":""node.exe"",""cpu_percent"":0.0,""ws_mb"":40.9609375,""private_mb"":19.16796875}]"
"2026-10-01T19:59:48.6799665Z","4.3063718","2.781730705803588","609.2734375","425.48828125","164","4098","11","","0","83.31318016928658","1.4375","5676;6016;12684;40608;42440;43136;43292;43860;43932;44532;45452","[{""pid"":6016,""name"":""conhost.exe"",""cpu_percent"":0.0,""ws_mb"":9.46484375,""private_mb"":1.6875},{""pid"":42440,""name"":""cmd.exe"",""cpu_percent"":0.0,""ws_mb"":8.125,""private_mb"":4.75390625},{""pid"":40608,""name"":""electron.exe"",""cpu_percent"":0.030236203323952042,""ws_mb"":112.1953125,""private_mb"":77.51171875},{""pid"":43932,""name"":""cmd.exe"",""cpu_percent"":0.0,""ws_mb"":8.78125,""private_mb"":4.60546875},{""pid"":12684,""name"":""powershell.exe"",""cpu_percent"":2.751494502479636,""ws_mb"":143.5,""private_mb"":123.2578125},{""pid"":43292,""name"":""electron.exe"",""cpu_percent"":0.0,""ws_mb"":85.82421875,""private_mb"":40.58984375},{""pid"":5676,""name"":""node.exe"",""cpu_percent"":0.0,""ws_mb"":66.98828125,""private_mb"":69.70703125},{""pid"":44532,""name"":""conhost.exe"",""cpu_percent"":0.0,""ws_mb"":6.34765625,""private_mb"":1.22265625},{""pid"":45452,""name"":""electron.exe"",""cpu_percent"":0.0,""ws_mb"":88.1953125,""private_mb"":69.51953125},{""pid"":43136,""name"":""electron.exe"",""cpu_percent"":0.0,""ws_mb"":38.890625,""private_mb"":13.46484375},{""pid"":43860,""name"":""node.exe"",""cpu_percent"":0.0,""ws_mb"":40.9609375,""private_mb"":19.16796875}]"
"2026-10-01T19:59:53.6718222Z","4.9918557","2.060648174051452","609.14453125","425.46484375","164","4524","11","","0","85.38622129436325","1.234375","5676;6016;12684;40608;42440;43136;43292;43860;43932;44532;45452","[{""pid"":6016,""name"":""conhost.exe"",""cpu_percent"":0.0,""ws_mb"":9.46484375,""private_mb"":1.6875},{""pid"":42440,""name"":""cmd.exe"",""cpu_percent"":0.0,""ws_mb"":8.125,""private_mb"":4.75390625},{""pid"":40608,""name"":""electron.exe"",""cpu_percent"":0.10433661640766845,""ws_mb"":112.11328125,""private_mb"":77.43359375},{""pid"":43932,""name"":""cmd.exe"",""cpu_percent"":0.0,""ws_mb"":8.78125,""private_mb"":4.60546875},{""pid"":12684,""name"":""powershell.exe"",""cpu_percent"":1.9302274035418665,""ws_mb"":143.44921875,""private_mb"":123.3125},{""pid"":43292,""name"":""electron.exe"",""cpu_percent"":0.026084154101917112,""ws_mb"":85.82421875,""private_mb"":40.58984375},{""pid"":5676,""name"":""node.exe"",""cpu_percent"":0.0,""ws_mb"":66.98828125,""private_mb"":69.70703125},{""pid"":44532,""name"":""conhost.exe"",""cpu_percent"":0.0,""ws_mb"":6.34765625,""private_mb"":1.22265625},{""pid"":45452,""name"":""electron.exe"",""cpu_percent"":0.0,""ws_mb"":88.1953125,""private_mb"":69.51953125},{""pid"":43136,""name"":""electron.exe"",""cpu_percent"":0.0,""ws_mb"":38.89453125,""private_mb"":13.46484375},{""pid"":43860,""name"":""node.exe"",""cpu_percent"":0.0,""ws_mb"":40.9609375,""private_mb"":19.16796875}]"
"2026-10-01T19:59:58.6971716Z","5.0253494","2.1246449716179603","595.21484375","411.19921875","155","4075","11","","0","75.33748701973","1.28125","5676;6016;12684;40608;42440;43136;43292;43860;43932;44532;45452","[{""pid"":6016,""name"":""conhost.exe"",""cpu_percent"":0.0,""ws_mb"":9.46484375,""private_mb"":1.6875},{""pid"":42440,""name"":""cmd.exe"",""cpu_percent"":0.0,""ws_mb"":8.125,""private_mb"":4.75390625},{""pid"":40608,""name"":""electron.exe"",""cpu_percent"":0.025910304531926345,""ws_mb"":112.390625,""private_mb"":77.58203125},{""pid"":43932,""name"":""cmd.exe"",""cpu_percent"":0.0,""ws_mb"":8.78125,""private_mb"":4.60546875},{""pid"":12684,""name"":""powershell.exe"",""cpu_percent"":2.098734667086034,""ws_mb"":129.38671875,""private_mb"":109.20703125},{""pid"":43292,""name"":""electron.exe"",""cpu_percent"":0.0,""ws_mb"":85.82421875,""private_mb"":40.58984375},{""pid"":5676,""name"":""node.exe"",""cpu_percent"":0.0,""ws_mb"":66.98828125,""private_mb"":69.70703125},{""pid"":44532,""name"":""conhost.exe"",""cpu_percent"":0.0,""ws_mb"":6.34765625,""private_mb"":1.22265625},{""pid"":45452,""name"":""electron.exe"",""cpu_percent"":0.0,""ws_mb"":88.1796875,""private_mb"":69.48828125},{""pid"":43136,""name"":""electron.exe"",""cpu_percent"":0.0,""ws_mb"":38.75390625,""private_mb"":13.21875},{""pid"":43860,""name"":""node.exe"",""cpu_percent"":0.0,""ws_mb"":40.97265625,""private_mb"":19.13671875}]"
"2026-10-01T20:00:03.5339118Z","4.8367402","2.3151784473903865","599.0546875","414.93359375","155","3849","11","","0","80.61827956989248","1.34375","5676;6016;12684;40608;42440;43136;43292;43860;43932;44532;45452","[{""pid"":6016,""name"":""conhost.exe"",""cpu_percent"":0.0,""ws_mb"":9.46484375,""private_mb"":1.6875},{""pid"":42440,""name"":""cmd.exe"",""cpu_percent"":0.0,""ws_mb"":8.125,""private_mb"":4.75390625},{""pid"":40608,""name"":""electron.exe"",""cpu_percent"":0.0,""ws_mb"":111.26953125,""private_mb"":76.30859375},{""pid"":43932,""name"":""cmd.exe"",""cpu_percent"":0.0,""ws_mb"":8.78125,""private_mb"":4.60546875},{""pid"":12684,""name"":""powershell.exe"",""cpu_percent"":2.3151784473903865,""ws_mb"":134.34765625,""private_mb"":114.21484375},{""pid"":43292,""name"":""electron.exe"",""cpu_percent"":0.0,""ws_mb"":85.82421875,""private_mb"":40.58984375},{""pid"":5676,""name"":""node.exe"",""cpu_percent"":0.0,""ws_mb"":66.98828125,""private_mb"":69.70703125},{""pid"":44532,""name"":""conhost.exe"",""cpu_percent"":0.0,""ws_mb"":6.34765625,""private_mb"":1.22265625},{""pid"":45452,""name"":""electron.exe"",""cpu_percent"":0.0,""ws_mb"":88.1796875,""private_mb"":69.48828125},{""pid"":43136,""name"":""electron.exe"",""cpu_percent"":0.0,""ws_mb"":38.75390625,""private_mb"":13.21875},{""pid"":43860,""name"":""node.exe"",""cpu_percent"":0.0,""ws_mb"":40.97265625,""private_mb"":19.13671875}]"
"2026-10-01T20:00:08.6187329Z","5.0848211","2.5095114293532697","600.484375","416.359375","155","4853","11","","0","70.56410256410257","1.53125","5676;6016;12684;40608;42440;43136;43292;43860;43932;44532;45452","[{""pid"":6016,""name"":""conhost.exe"",""cpu_percent"":0.0,""ws_mb"":9.46484375,""private_mb"":1.6875},{""pid"":42440,""name"":""cmd.exe"",""cpu_percent"":0.0,""ws_mb"":8.125,""private_mb"":4.75390625},{""pid"":40608,""name"":""electron.exe"",""cpu_percent"":0.051214518966393265,""ws_mb"":111.06640625,""private_mb"":76.1171875},{""pid"":43932,""name"":""cmd.exe"",""cpu_percent"":0.0,""ws_mb"":8.78125,""private_mb"":4.60546875},{""pid"":12684,""name"":""powershell.exe"",""cpu_percent"":2.4582969103868764,""ws_mb"":135.98046875,""private_mb"":115.83203125},{""pid"":43292,""name"":""electron.exe"",""cpu_percent"":0.0,""ws_mb"":85.82421875,""private_mb"":40.58984375},{""pid"":5676,""name"":""node.exe"",""cpu_percent"":0.0,""ws_mb"":66.98828125,""private_mb"":69.70703125},{""pid"":44532,""name"":""conhost.exe"",""cpu_percent"":0.0,""ws_mb"":6.34765625,""private_mb"":1.22265625},{""pid"":45452,""name"":""electron.exe"",""cpu_percent"":0.0,""ws_mb"":88.1796875,""private_mb"":69.48828125},{""pid"":43136,""name"":""electron.exe"",""cpu_percent"":0.0,""ws_mb"":38.75390625,""private_mb"":13.21875},{""pid"":43860,""name"":""node.exe"",""cpu_percent"":0.0,""ws_mb"":40.97265625,""private_mb"":19.13671875}]"
"2026-10-01T20:00:13.4278069Z","4.809074","1.4079287058866912","604.0859375","420.078125","155","3879","11","","0","70.4004329004329","0.8125","5676;6016;12684;40608;42440;43136;43292;43860;43932;44532;45452","[{""pid"":6016,""name"":""conhost.exe"",""cpu_percent"":0.0,""ws_mb"":9.46484375,""private_mb"":1.6875},{""pid"":42440,""name"":""cmd.exe"",""cpu_percent"":0.0,""ws_mb"":8.125,""private_mb"":4.75390625},{""pid"":40608,""name"":""electron.exe"",""cpu_percent"":0.05415110407256504,""ws_mb"":112.16015625,""private_mb"":77.30859375},{""pid"":43932,""name"":""cmd.exe"",""cpu_percent"":0.0,""ws_mb"":8.78125,""private_mb"":4.60546875},{""pid"":12684,""name"":""powershell.exe"",""cpu_percent"":1.353777601814126,""ws_mb"":138.48828125,""private_mb"":118.359375},{""pid"":43292,""name"":""electron.exe"",""cpu_percent"":0.0,""ws_mb"":85.82421875,""private_mb"":40.58984375},{""pid"":5676,""name"":""node.exe"",""cpu_percent"":0.0,""ws_mb"":66.98828125,""private_mb"":69.70703125},{""pid"":44532,""name"":""conhost.exe"",""cpu_percent"":0.0,""ws_mb"":6.34765625,""private_mb"":1.22265625},{""pid"":45452,""name"":""electron.exe"",""cpu_percent"":0.0,""ws_mb"":88.1796875,""private_mb"":69.48828125},{""pid"":43136,""name"":""electron.exe"",""cpu_percent"":0.0,""ws_mb"":38.75390625,""private_mb"":13.21875},{""pid"":43860,""name"":""node.exe"",""cpu_percent"":0.0,""ws_mb"":40.97265625,""private_mb"":19.13671875}]"
"2026-10-01T20:00:18.5298796Z","5.1020727","2.0671745818126035","587.38671875","403.17578125","155","3848","11","","0","52.14067278287462","1.265625","5676;6016;12684;40608;42440;43136;43292;43860;43932;44532;45452","[{""pid"":6016,""name"":""conhost.exe"",""cpu_percent"":0.0,""ws_mb"":9.46484375,""private_mb"":1.6875},{""pid"":42440,""name"":""cmd.exe"",""cpu_percent"":0.0,""ws_mb"":8.125,""private_mb"":4.75390625},{""pid"":40608,""name"":""electron.exe"",""cpu_percent"":0.025520673849538315,""ws_mb"":112.10546875,""private_mb"":77.24609375},{""pid"":43932,""name"":""cmd.exe"",""cpu_percent"":0.0,""ws_mb"":8.78125,""private_mb"":4.60546875},{""pid"":12684,""name"":""powershell.exe"",""cpu_percent"":2.0161332341135267,""ws_mb"":121.84375,""private_mb"":101.51953125},{""pid"":43292,""name"":""electron.exe"",""cpu_percent"":0.0,""ws_mb"":85.82421875,""private_mb"":40.58984375},{""pid"":5676,""name"":""node.exe"",""cpu_percent"":0.0,""ws_mb"":66.98828125,""private_mb"":69.70703125},{""pid"":44532,""name"":""conhost.exe"",""cpu_percent"":0.0,""ws_mb"":6.34765625,""private_mb"":1.22265625},{""pid"":45452,""name"":""electron.exe"",""cpu_percent"":0.025520673849538315,""ws_mb"":88.1796875,""private_mb"":69.48828125},{""pid"":43136,""name"":""electron.exe"",""cpu_percent"":0.0,""ws_mb"":38.75390625,""private_mb"":13.21875},{""pid"":43860,""name"":""node.exe"",""cpu_percent"":0.0,""ws_mb"":40.97265625,""private_mb"":19.13671875}]"
"2026-10-01T20:00:23.5194845Z","4.9896049","2.192057331032363","586.71484375","402.4375","156","3847","11","","0","58.25496342737722","1.3125","5676;6016;12684;40608;42440;43136;43292;43860;43932;44532;45452","[{""pid"":6016,""name"":""conhost.exe"",""cpu_percent"":0.0,""ws_mb"":9.46484375,""private_mb"":1.6875},{""pid"":42440,""name"":""cmd.exe"",""cpu_percent"":0.0,""ws_mb"":8.125,""private_mb"":4.75390625},{""pid"":40608,""name"":""electron.exe"",""cpu_percent"":0.07828776182258439,""ws_mb"":111.05859375,""private_mb"":76.109375},{""pid"":43932,""name"":""cmd.exe"",""cpu_percent"":0.0,""ws_mb"":8.78125,""private_mb"":4.60546875},{""pid"":12684,""name"":""powershell.exe"",""cpu_percent"":2.1137695692097784,""ws_mb"":122.21875,""private_mb"":101.91796875},{""pid"":43292,""name"":""electron.exe"",""cpu_percent"":0.0,""ws_mb"":85.82421875,""private_mb"":40.58984375},{""pid"":5676,""name"":""node.exe"",""cpu_percent"":0.0,""ws_mb"":66.98828125,""private_mb"":69.70703125},{""pid"":44532,""name"":""conhost.exe"",""cpu_percent"":0.0,""ws_mb"":6.34765625,""private_mb"":1.22265625},{""pid"":45452,""name"":""electron.exe"",""cpu_percent"":0.0,""ws_mb"":88.1796875,""private_mb"":69.48828125},{""pid"":43136,""name"":""electron.exe"",""cpu_percent"":0.0,""ws_mb"":38.75390625,""private_mb"":13.21875},{""pid"":43860,""name"":""node.exe"",""cpu_percent"":0.0,""ws_mb"":40.97265625,""private_mb"":19.13671875}]"
"2026-10-01T20:00:28.5959997Z","5.0765152","2.3597224069508678","592.25","408.0078125","156","4415","11","","0","77.07692307692308","1.4375","5676;6016;12684;40608;42440;43136;43292;43860;43932;44532;45452","[{""pid"":6016,""name"":""conhost.exe"",""cpu_percent"":0.0,""ws_mb"":9.46484375,""private_mb"":1.6875},{""pid"":42440,""name"":""cmd.exe"",""cpu_percent"":0.0,""ws_mb"":8.125,""private_mb"":4.75390625},{""pid"":40608,""name"":""electron.exe"",""cpu_percent"":0.05129831319458408,""ws_mb"":111.328125,""private_mb"":76.3828125},{""pid"":43932,""name"":""cmd.exe"",""cpu_percent"":0.0,""ws_mb"":8.78125,""private_mb"":4.60546875},{""pid"":12684,""name"":""powershell.exe"",""cpu_percent"":2.3084240937562837,""ws_mb"":127.484375,""private_mb"":107.21484375},{""pid"":43292,""name"":""electron.exe"",""cpu_percent"":0.0,""ws_mb"":85.82421875,""private_mb"":40.58984375},{""pid"":5676,""name"":""node.exe"",""cpu_percent"":0.0,""ws_mb"":66.98828125,""private_mb"":69.70703125},{""pid"":44532,""name"":""conhost.exe"",""cpu_percent"":0.0,""ws_mb"":6.34765625,""private_mb"":1.22265625},{""pid"":45452,""name"":""electron.exe"",""cpu_percent"":0.0,""ws_mb"":88.1796875,""private_mb"":69.48828125},{""pid"":43136,""name"":""electron.exe"",""cpu_percent"":0.0,""ws_mb"":38.75390625,""private_mb"":13.21875},{""pid"":43860,""name"":""node.exe"",""cpu_percent"":0.0,""ws_mb"":40.97265625,""private_mb"":19.13671875}]"
"2026-10-01T20:00:33.5524308Z","4.9564311","1.418611468239718","592.4375","408.2578125","156","4197","11","","0","67.98107255520505","0.84375","5676;6016;12684;40608;42440;43136;43292;43860;43932;44532;45452","[{""pid"":6016,""name"":""conhost.exe"",""cpu_percent"":0.0,""ws_mb"":9.46484375,""private_mb"":1.6875},{""pid"":42440,""name"":""cmd.exe"",""cpu_percent"":0.0,""ws_mb"":8.125,""private_mb"":4.75390625},{""pid"":40608,""name"":""electron.exe"",""cpu_percent"":0.05254116549035993,""ws_mb"":112.1484375,""private_mb"":77.27734375},{""pid"":43932,""name"":""cmd.exe"",""cpu_percent"":0.0,""ws_mb"":8.78125,""private_mb"":4.60546875},{""pid"":12684,""name"":""powershell.exe"",""cpu_percent"":1.3660703027493581,""ws_mb"":126.8515625,""private_mb"":106.5703125},{""pid"":43292,""name"":""electron.exe"",""cpu_percent"":0.0,""ws_mb"":85.82421875,""private_mb"":40.58984375},{""pid"":5676,""name"":""node.exe"",""cpu_percent"":0.0,""ws_mb"":66.98828125,""private_mb"":69.70703125},{""pid"":44532,""name"":""conhost.exe"",""cpu_percent"":0.0,""ws_mb"":6.34765625,""private_mb"":1.22265625},{""pid"":45452,""name"":""electron.exe"",""cpu_percent"":0.0,""ws_mb"":88.1796875,""private_mb"":69.48828125},{""pid"":43136,""name"":""electron.exe"",""cpu_percent"":0.0,""ws_mb"":38.75390625,""private_mb"":13.21875},{""pid"":43860,""name"":""node.exe"",""cpu_percent"":0.0,""ws_mb"":40.97265625,""private_mb"":19.13671875}]"
"2026-10-01T20:00:38.4467435Z","4.8943127","2.4209647114156256","588.375","404.05078125","156","4050","11","","0","74.78700745473908","1.421875","5676;6016;12684;40608;42440;43136;43292;43860;43932;44532;45452","[{""pid"":6016,""name"":""conhost.exe"",""cpu_percent"":0.0,""ws_mb"":9.46484375,""private_mb"":1.6875},{""pid"":42440,""name"":""cmd.exe"",""cpu_percent"":0.0,""ws_mb"":8.125,""private_mb"":4.75390625},{""pid"":40608,""name"":""electron.exe"",""cpu_percent"":0.05320801563550826,""ws_mb"":112.3515625,""private_mb"":77.3984375},{""pid"":43932,""name"":""cmd.exe"",""cpu_percent"":0.0,""ws_mb"":8.78125,""private_mb"":4.60546875},{""pid"":12684,""name"":""powershell.exe"",""cpu_percent"":2.3677566957801175,""ws_mb"":122.5859375,""private_mb"":102.2421875},{""pid"":43292,""name"":""electron.exe"",""cpu_percent"":0.0,""ws_mb"":85.82421875,""private_mb"":40.58984375},{""pid"":5676,""name"":""node.exe"",""cpu_percent"":0.0,""ws_mb"":66.98828125,""private_mb"":69.70703125},{""pid"":44532,""name"":""conhost.exe"",""cpu_percent"":0.0,""ws_mb"":6.34765625,""private_mb"":1.22265625},{""pid"":45452,""name"":""electron.exe"",""cpu_percent"":0.0,""ws_mb"":88.1796875,""private_mb"":69.48828125},{""pid"":43136,""name"":""electron.exe"",""cpu_percent"":0.0,""ws_mb"":38.75390625,""private_mb"":13.21875},{""pid"":43860,""name"":""node.exe"",""cpu_percent"":0.0,""ws_mb"":40.97265625,""private_mb"":19.13671875}]"
"2026-10-01T20:00:43.3481538Z","4.9014103","1.8595838290324997","587.37109375","403.0390625","156","4192","11","","0","53.052016985138","1.09375","5676;6016;12684;40608;42440;43136;43292;43860;43932;44532;45452","[{""pid"":6016,""name"":""conhost.exe"",""cpu_percent"":0.0,""ws_mb"":9.46484375,""private_mb"":1.6875},{""pid"":42440,""name"":""cmd.exe"",""cpu_percent"":0.0,""ws_mb"":8.125,""private_mb"":4.75390625},{""pid"":40608,""name"":""electron.exe"",""cpu_percent"":0.053130966543785706,""ws_mb"":111.30859375,""private_mb"":76.34765625},{""pid"":43932,""name"":""cmd.exe"",""cpu_percent"":0.0,""ws_mb"":8.78125,""private_mb"":4.60546875},{""pid"":12684,""name"":""powershell.exe"",""cpu_percent"":1.806452862488714,""ws_mb"":122.625,""private_mb"":102.28125},{""pid"":43292,""name"":""electron.exe"",""cpu_percent"":0.0,""ws_mb"":85.82421875,""private_mb"":40.58984375},{""pid"":5676,""name"":""node.exe"",""cpu_percent"":0.0,""ws_mb"":66.98828125,""private_mb"":69.70703125},{""pid"":44532,""name"":""conhost.exe"",""cpu_percent"":0.0,""ws_mb"":6.34765625,""private_mb"":1.22265625},{""pid"":45452,""name"":""electron.exe"",""cpu_percent"":0.0,""ws_mb"":88.1796875,""private_mb"":69.48828125},{""pid"":43136,""name"":""electron.exe"",""cpu_percent"":0.0,""ws_mb"":38.75390625,""private_mb"":13.21875},{""pid"":43860,""name"":""node.exe"",""cpu_percent"":0.0,""ws_mb"":40.97265625,""private_mb"":19.13671875}]"
"2026-10-01T20:00:48.5664226Z","5.2182688","1.9213348432082815","588.73046875","404.453125","156","4470","11","","0","54.89021956087824","1.203125","5676;6016;12684;40608;42440;43136;43292;43860;43932;44532;45452","[{""pid"":6016,""name"":""conhost.exe"",""cpu_percent"":0.0,""ws_mb"":9.46484375,""private_mb"":1.6875},{""pid"":42440,""name"":""cmd.exe"",""cpu_percent"":0.0,""ws_mb"":8.125,""private_mb"":4.75390625},{""pid"":40608,""name"":""electron.exe"",""cpu_percent"":0.024952400561146514,""ws_mb"":111.25390625,""private_mb"":76.2890625},{""pid"":43932,""name"":""cmd.exe"",""cpu_percent"":0.0,""ws_mb"":8.78125,""private_mb"":4.60546875},{""pid"":12684,""name"":""powershell.exe"",""cpu_percent"":1.8963824426471352,""ws_mb"":124.0390625,""private_mb"":103.75390625},{""pid"":43292,""name"":""electron.exe"",""cpu_percent"":0.0,""ws_mb"":85.82421875,""private_mb"":40.58984375},{""pid"":5676,""name"":""node.exe"",""cpu_percent"":0.0,""ws_mb"":66.98828125,""private_mb"":69.70703125},{""pid"":44532,""name"":""conhost.exe"",""cpu_percent"":0.0,""ws_mb"":6.34765625,""private_mb"":1.22265625},{""pid"":45452,""name"":""electron.exe"",""cpu_percent"":0.0,""ws_mb"":88.1796875,""private_mb"":69.48828125},{""pid"":43136,""name"":""electron.exe"",""cpu_percent"":0.0,""ws_mb"":38.75390625,""private_mb"":13.21875},{""pid"":43860,""name"":""node.exe"",""cpu_percent"":0.0,""ws_mb"":40.97265625,""private_mb"":19.13671875}]"
"2026-10-01T20:00:53.7319552Z","5.1655326","1.9661573716522474","599.19921875","415.0703125","156","3853","11","","0","72.33131923464249","1.21875","5676;6016;12684;40608;42440;43136;43292;43860;43932;44532;45452","[{""pid"":6016,""name"":""conhost.exe"",""cpu_percent"":0.0,""ws_mb"":9.46484375,""private_mb"":1.6875},{""pid"":42440,""name"":""cmd.exe"",""cpu_percent"":0.0,""ws_mb"":8.125,""private_mb"":4.75390625},{""pid"":40608,""name"":""electron.exe"",""cpu_percent"":0.07562143737124029,""ws_mb"":112.19140625,""private_mb"":77.36328125},{""pid"":43932,""name"":""cmd.exe"",""cpu_percent"":0.0,""ws_mb"":8.78125,""private_mb"":4.60546875},{""pid"":12684,""name"":""powershell.exe"",""cpu_percent"":1.890535934281007,""ws_mb"":133.5703125,""private_mb"":113.296875},{""pid"":43292,""name"":""electron.exe"",""cpu_percent"":0.0,""ws_mb"":85.82421875,""private_mb"":40.58984375},{""pid"":5676,""name"":""node.exe"",""cpu_percent"":0.0,""ws_mb"":66.98828125,""private_mb"":69.70703125},{""pid"":44532,""name"":""conhost.exe"",""cpu_percent"":0.0,""ws_mb"":6.34765625,""private_mb"":1.22265625},{""pid"":45452,""name"":""electron.exe"",""cpu_percent"":0.0,""ws_mb"":88.1796875,""private_mb"":69.48828125},{""pid"":43136,""name"":""electron.exe"",""cpu_percent"":0.0,""ws_mb"":38.75390625,""private_mb"":13.21875},{""pid"":43860,""name"":""node.exe"",""cpu_percent"":0.0,""ws_mb"":40.97265625,""private_mb"":19.13671875}]"
"2026-10-01T20:00:58.7676350Z","5.0356798","1.4480004599709988","581.23046875","396.96875","156","4113","11","","0","76.60455486542443","0.875","5676;6016;12684;40608;42440;43136;43292;43860;43932;44532;45452","[{""pid"":6016,""name"":""conhost.exe"",""cpu_percent"":0.0,""ws_mb"":9.46484375,""private_mb"":1.6875},{""pid"":42440,""name"":""cmd.exe"",""cpu_percent"":0.0,""ws_mb"":8.125,""private_mb"":4.75390625},{""pid"":40608,""name"":""electron.exe"",""cpu_percent"":0.025857151070910696,""ws_mb"":112.14453125,""private_mb"":77.26171875},{""pid"":43932,""name"":""cmd.exe"",""cpu_percent"":0.0,""ws_mb"":8.78125,""private_mb"":4.60546875},{""pid"":12684,""name"":""powershell.exe"",""cpu_percent"":1.422143308900088,""ws_mb"":115.6484375,""private_mb"":95.296875},{""pid"":43292,""name"":""electron.exe"",""cpu_percent"":0.0,""ws_mb"":85.82421875,""private_mb"":40.58984375},{""pid"":5676,""name"":""node.exe"",""cpu_percent"":0.0,""ws_mb"":66.98828125,""private_mb"":69.70703125},{""pid"":44532,""name"":""conhost.exe"",""cpu_percent"":0.0,""ws_mb"":6.34765625,""private_mb"":1.22265625},{""pid"":45452,""name"":""electron.exe"",""cpu_percent"":0.0,""ws_mb"":88.1796875,""private_mb"":69.48828125},{""pid"":43136,""name"":""electron.exe"",""cpu_percent"":0.0,""ws_mb"":38.75390625,""private_mb"":13.21875},{""pid"":43860,""name"":""node.exe"",""cpu_percent"":0.0,""ws_mb"":40.97265625,""private_mb"":19.13671875}]"
"2026-10-01T20:01:04.1141347Z","5.3464997","2.2162085473105577","588.74609375","404.4140625","157","4057","11","","0","82.69980506822613","1.421875","5676;6016;12684;40608;42440;43136;43292;43860;43932;44532;45452","[{""pid"":6016,""name"":""conhost.exe"",""cpu_percent"":0.0,""ws_mb"":9.46484375,""private_mb"":1.6875},{""pid"":42440,""name"":""cmd.exe"",""cpu_percent"":0.0,""ws_mb"":8.125,""private_mb"":4.75390625},{""pid"":40608,""name"":""electron.exe"",""cpu_percent"":0.0243539400803358,""ws_mb"":111.28515625,""private_mb"":76.29296875},{""pid"":43932,""name"":""cmd.exe"",""cpu_percent"":0.0,""ws_mb"":8.78125,""private_mb"":4.60546875},{""pid"":12684,""name"":""powershell.exe"",""cpu_percent"":2.191854607230222,""ws_mb"":124.0234375,""private_mb"":103.7109375},{""pid"":43292,""name"":""electron.exe"",""cpu_percent"":0.0,""ws_mb"":85.82421875,""private_mb"":40.58984375},{""pid"":5676,""name"":""node.exe"",""cpu_percent"":0.0,""ws_mb"":66.98828125,""private_mb"":69.70703125},{""pid"":44532,""name"":""conhost.exe"",""cpu_percent"":0.0,""ws_mb"":6.34765625,""private_mb"":1.22265625},{""pid"":45452,""name"":""electron.exe"",""cpu_percent"":0.0,""ws_mb"":88.1796875,""private_mb"":69.48828125},{""pid"":43136,""name"":""electron.exe"",""cpu_percent"":0.0,""ws_mb"":38.75390625,""private_mb"":13.21875},{""pid"":43860,""name"":""node.exe"",""cpu_percent"":0.0,""ws_mb"":40.97265625,""private_mb"":19.13671875}]"
"2026-10-01T20:01:08.9261865Z","4.8120518","1.677645420746856","589.85546875","405.625","156","4309","11","","0","92.85714285714286","0.96875","5676;6016;12684;40608;42440;43136;43292;43860;43932;44532;45452","[{""pid"":6016,""name"":""conhost.exe"",""cpu_percent"":0.0,""ws_mb"":9.46484375,""private_mb"":1.6875},{""pid"":42440,""name"":""cmd.exe"",""cpu_percent"":0.0,""ws_mb"":8.125,""private_mb"":4.75390625},{""pid"":40608,""name"":""electron.exe"",""cpu_percent"":0.0,""ws_mb"":112.19921875,""private_mb"":77.30859375},{""pid"":43932,""name"":""cmd.exe"",""cpu_percent"":0.0,""ws_mb"":8.78125,""private_mb"":4.60546875},{""pid"":12684,""name"":""powershell.exe"",""cpu_percent"":1.677645420746856,""ws_mb"":124.21875,""private_mb"":103.90625},{""pid"":43292,""name"":""electron.exe"",""cpu_percent"":0.0,""ws_mb"":85.82421875,""private_mb"":40.58984375},{""pid"":5676,""name"":""node.exe"",""cpu_percent"":0.0,""ws_mb"":66.98828125,""private_mb"":69.70703125},{""pid"":44532,""name"":""conhost.exe"",""cpu_percent"":0.0,""ws_mb"":6.34765625,""private_mb"":1.22265625},{""pid"":45452,""name"":""electron.exe"",""cpu_percent"":0.0,""ws_mb"":88.1796875,""private_mb"":69.48828125},{""pid"":43136,""name"":""electron.exe"",""cpu_percent"":0.0,""ws_mb"":38.75390625,""private_mb"":13.21875},{""pid"":43860,""name"":""node.exe"",""cpu_percent"":0.0,""ws_mb"":40.97265625,""private_mb"":19.13671875}]"
"2026-10-01T20:01:13.3588316Z","4.4326451","2.3499888738366774","599.125","414.4921875","156","4889","11","","0","52.67018779342723","1.25","5676;6016;12684;40608;42440;43136;43292;43860;43932;44532;45452","[{""pid"":6016,""name"":""conhost.exe"",""cpu_percent"":0.0,""ws_mb"":9.46484375,""private_mb"":1.6875},{""pid"":42440,""name"":""cmd.exe"",""cpu_percent"":0.0,""ws_mb"":8.125,""private_mb"":4.75390625},{""pid"":40608,""name"":""electron.exe"",""cpu_percent"":0.029374860922958466,""ws_mb"":112.15625,""private_mb"":77.28125},{""pid"":43932,""name"":""cmd.exe"",""cpu_percent"":0.0,""ws_mb"":8.78125,""private_mb"":4.60546875},{""pid"":12684,""name"":""powershell.exe"",""cpu_percent"":2.2912391519907604,""ws_mb"":134.5859375,""private_mb"":114.296875},{""pid"":43292,""name"":""electron.exe"",""cpu_percent"":0.029374860922958466,""ws_mb"":84.76953125,""private_mb"":39.09375},{""pid"":5676,""name"":""node.exe"",""cpu_percent"":0.0,""ws_mb"":66.98828125,""private_mb"":69.70703125},{""pid"":44532,""name"":""conhost.exe"",""cpu_percent"":0.0,""ws_mb"":6.34765625,""private_mb"":1.22265625},{""pid"":45452,""name"":""electron.exe"",""cpu_percent"":0.0,""ws_mb"":88.1796875,""private_mb"":69.48828125},{""pid"":43136,""name"":""electron.exe"",""cpu_percent"":0.0,""ws_mb"":38.75390625,""private_mb"":13.21875},{""pid"":43860,""name"":""node.exe"",""cpu_percent"":0.0,""ws_mb"":40.97265625,""private_mb"":19.13671875}]"
"2026-10-01T20:01:19.1364808Z","5.7776492","1.4423397899154786","598.58984375","413.87109375","157","4290","11","","0","81.98198198198199","1","5676;6016;12684;40608;42440;43136;43292;43860;43932;44532;45452","[{""pid"":6016,""name"":""conhost.exe"",""cpu_percent"":0.0,""ws_mb"":9.46484375,""private_mb"":1.6875},{""pid"":42440,""name"":""cmd.exe"",""cpu_percent"":0.0,""ws_mb"":8.125,""private_mb"":4.75390625},{""pid"":40608,""name"":""electron.exe"",""cpu_percent"":0.0,""ws_mb"":111.0625,""private_mb"":76.08984375},{""pid"":43932,""name"":""cmd.exe"",""cpu_percent"":0.0,""ws_mb"":8.78125,""private_mb"":4.60546875},{""pid"":12684,""name"":""powershell.exe"",""cpu_percent"":1.4423397899154786,""ws_mb"":135.14453125,""private_mb"":114.8671875},{""pid"":43292,""name"":""electron.exe"",""cpu_percent"":0.0,""ws_mb"":84.76953125,""private_mb"":39.09375},{""pid"":5676,""name"":""node.exe"",""cpu_percent"":0.0,""ws_mb"":66.98828125,""private_mb"":69.70703125},{""pid"":44532,""name"":""conhost.exe"",""cpu_percent"":0.0,""ws_mb"":6.34765625,""private_mb"":1.22265625},{""pid"":45452,""name"":""electron.exe"",""cpu_percent"":0.0,""ws_mb"":88.1796875,""private_mb"":69.48828125},{""pid"":43136,""name"":""electron.exe"",""cpu_percent"":0.0,""ws_mb"":38.75390625,""private_mb"":13.21875},{""pid"":43860,""name"":""node.exe"",""cpu_percent"":0.0,""ws_mb"":40.97265625,""private_mb"":19.13671875}]"
"2026-10-01T20:01:24.2569086Z","5.1204278","2.390343895354473","598.7578125","414.02734375","156","4542","11","","0","94.91869918699187","1.46875","5676;6016;12684;40608;42440;43136;43292;43860;43932;44532;45452","[{""pid"":6016,""name"":""conhost.exe"",""cpu_percent"":0.0,""ws_mb"":9.46484375,""private_mb"":1.6875},{""pid"":42440,""name"":""cmd.exe"",""cpu_percent"":0.0,""ws_mb"":8.125,""private_mb"":4.75390625},{""pid"":40608,""name"":""electron.exe"",""cpu_percent"":0.0,""ws_mb"":111.23828125,""private_mb"":76.265625},{""pid"":43932,""name"":""cmd.exe"",""cpu_percent"":0.0,""ws_mb"":8.78125,""private_mb"":4.60546875},{""pid"":12684,""name"":""powershell.exe"",""cpu_percent"":2.390343895354473,""ws_mb"":135.13671875,""private_mb"":114.84765625},{""pid"":43292,""name"":""electron.exe"",""cpu_percent"":0.0,""ws_mb"":84.76953125,""private_mb"":39.09375},{""pid"":5676,""name"":""node.exe"",""cpu_percent"":0.0,""ws_mb"":66.98828125,""private_mb"":69.70703125},{""pid"":44532,""name"":""conhost.exe"",""cpu_percent"":0.0,""ws_mb"":6.34765625,""private_mb"":1.22265625},{""pid"":45452,""name"":""electron.exe"",""cpu_percent"":0.0,""ws_mb"":88.1796875,""private_mb"":69.48828125},{""pid"":43136,""name"":""electron.exe"",""cpu_percent"":0.0,""ws_mb"":38.75390625,""private_mb"":13.21875},{""pid"":43860,""name"":""node.exe"",""cpu_percent"":0.0,""ws_mb"":40.97265625,""private_mb"":19.13671875}]"
"2026-10-01T20:01:29.3312720Z","5.0743634","1.7192222246702578","598.63671875","413.890625","156","4492","11","","0","97.73662551440329","1.046875","5676;6016;12684;40608;42440;43136;43292;43860;43932;44532;45452","[{""pid"":6016,""name"":""conhost.exe"",""cpu_percent"":0.0,""ws_mb"":9.46484375,""private_mb"":1.6875},{""pid"":42440,""name"":""cmd.exe"",""cpu_percent"":0.0,""ws_mb"":8.125,""private_mb"":4.75390625},{""pid"":40608,""name"":""electron.exe"",""cpu_percent"":0.025660033204033695,""ws_mb"":111.12890625,""private_mb"":76.14453125},{""pid"":43932,""name"":""cmd.exe"",""cpu_percent"":0.0,""ws_mb"":8.78125,""private_mb"":4.60546875},{""pid"":12684,""name"":""powershell.exe"",""cpu_percent"":1.693562191466224,""ws_mb"":135.125,""private_mb"":114.83203125},{""pid"":43292,""name"":""electron.exe"",""cpu_percent"":0.0,""ws_mb"":84.76953125,""private_mb"":39.09375},{""pid"":5676,""name"":""node.exe"",""cpu_percent"":0.0,""ws_mb"":66.98828125,""private_mb"":69.70703125},{""pid"":44532,""name"":""conhost.exe"",""cpu_percent"":0.0,""ws_mb"":6.34765625,""private_mb"":1.22265625},{""pid"":45452,""name"":""electron.exe"",""cpu_percent"":0.0,""ws_mb"":88.1796875,""private_mb"":69.48828125},{""pid"":43136,""name"":""electron.exe"",""cpu_percent"":0.0,""ws_mb"":38.75390625,""private_mb"":13.21875},{""pid"":43860,""name"":""node.exe"",""cpu_percent"":0.0,""ws_mb"":40.97265625,""private_mb"":19.13671875}]"
"2026-10-01T20:01:33.9772535Z","4.6459815","2.1580029250367585","586.6875","401.92578125","157","3851","11","","0","96.35241301907969","1.203125","5676;6016;12684;40608;42440;43136;43292;43860;43932;44532;45452","[{""pid"":6016,""name"":""conhost.exe"",""cpu_percent"":0.0,""ws_mb"":9.46484375,""private_mb"":1.6875},{""pid"":42440,""name"":""cmd.exe"",""cpu_percent"":0.0,""ws_mb"":8.125,""private_mb"":4.75390625},{""pid"":40608,""name"":""electron.exe"",""cpu_percent"":0.028026012013464396,""ws_mb"":111.1953125,""private_mb"":76.22265625},{""pid"":43932,""name"":""cmd.exe"",""cpu_percent"":0.0,""ws_mb"":8.78125,""private_mb"":4.60546875},{""pid"":12684,""name"":""powershell.exe"",""cpu_percent"":2.129976913023294,""ws_mb"":123.109375,""private_mb"":102.7890625},{""pid"":43292,""name"":""electron.exe"",""cpu_percent"":0.0,""ws_mb"":84.76953125,""private_mb"":39.09375},{""pid"":5676,""name"":""node.exe"",""cpu_percent"":0.0,""ws_mb"":66.98828125,""private_mb"":69.70703125},{""pid"":44532,""name"":""conhost.exe"",""cpu_percent"":0.0,""ws_mb"":6.34765625,""private_mb"":1.22265625},{""pid"":45452,""name"":""electron.exe"",""cpu_percent"":0.0,""ws_mb"":88.1796875,""private_mb"":69.48828125},{""pid"":43136,""name"":""electron.exe"",""cpu_percent"":0.0,""ws_mb"":38.75390625,""private_mb"":13.21875},{""pid"":43860,""name"":""node.exe"",""cpu_percent"":0.0,""ws_mb"":40.97265625,""private_mb"":19.13671875}]"
"2026-10-01T20:01:38.5142415Z","4.536988","1.7793559662636682","591.24609375","406.484375","156","4053","11","","0","73.45360824742268","0.96875","5676;6016;12684;40608;42440;43136;43292;43860;43932;44532;45452","[{""pid"":6016,""name"":""conhost.exe"",""cpu_percent"":0.0,""ws_mb"":9.46484375,""private_mb"":1.6875},{""pid"":42440,""name"":""cmd.exe"",""cpu_percent"":0.0,""ws_mb"":8.125,""private_mb"":4.75390625},{""pid"":40608,""name"":""electron.exe"",""cpu_percent"":0.02869928977844626,""ws_mb"":111.23046875,""private_mb"":76.24609375},{""pid"":43932,""name"":""cmd.exe"",""cpu_percent"":0.0,""ws_mb"":8.78125,""private_mb"":4.60546875},{""pid"":12684,""name"":""powershell.exe"",""cpu_percent"":1.7506566764852218,""ws_mb"":127.6328125,""private_mb"":107.32421875},{""pid"":43292,""name"":""electron.exe"",""cpu_percent"":0.0,""ws_mb"":84.76953125,""private_mb"":39.09375},{""pid"":5676,""name"":""node.exe"",""cpu_percent"":0.0,""ws_mb"":66.98828125,""private_mb"":69.70703125},{""pid"":44532,""name"":""conhost.exe"",""cpu_percent"":0.0,""ws_mb"":6.34765625,""private_mb"":1.22265625},{""pid"":45452,""name"":""electron.exe"",""cpu_percent"":0.0,""ws_mb"":88.1796875,""private_mb"":69.48828125},{""pid"":43136,""name"":""electron.exe"",""cpu_percent"":0.0,""ws_mb"":38.75390625,""private_mb"":13.21875},{""pid"":43860,""name"":""node.exe"",""cpu_percent"":0.0,""ws_mb"":40.97265625,""private_mb"":19.13671875}]"
"2026-10-01T20:01:44.4806474Z","5.9664059","1.5712977221345266","591.17578125","406.4375","156","4380","11","","0","97.20767888307155","1.125","5676;6016;12684;40608;42440;43136;43292;43860;43932;44532;45452","[{""pid"":6016,""name"":""conhost.exe"",""cpu_percent"":0.0,""ws_mb"":9.46484375,""private_mb"":1.6875},{""pid"":42440,""name"":""cmd.exe"",""cpu_percent"":0.0,""ws_mb"":8.125,""private_mb"":4.75390625},{""pid"":40608,""name"":""electron.exe"",""cpu_percent"":0.0,""ws_mb"":111.1328125,""private_mb"":76.1484375},{""pid"":43932,""name"":""cmd.exe"",""cpu_percent"":0.0,""ws_mb"":8.78125,""private_mb"":4.60546875},{""pid"":12684,""name"":""powershell.exe"",""cpu_percent"":1.5712977221345266,""ws_mb"":127.62109375,""private_mb"":107.34765625},{""pid"":43292,""name"":""electron.exe"",""cpu_percent"":0.0,""ws_mb"":84.76953125,""private_mb"":39.09375},{""pid"":5676,""name"":""node.exe"",""cpu_percent"":0.0,""ws_mb"":66.98828125,""private_mb"":69.70703125},{""pid"":44532,""name"":""conhost.exe"",""cpu_percent"":0.0,""ws_mb"":6.34765625,""private_mb"":1.22265625},{""pid"":45452,""name"":""electron.exe"",""cpu_percent"":0.0,""ws_mb"":88.1796875,""private_mb"":69.48828125},{""pid"":43136,""name"":""electron.exe"",""cpu_percent"":0.0,""ws_mb"":38.79296875,""private_mb"":13.24609375},{""pid"":43860,""name"":""node.exe"",""cpu_percent"":0.0,""ws_mb"":40.97265625,""private_mb"":19.13671875}]"
"2026-10-01T20:01:48.9850139Z","4.5043665","2.7750850202797666","595.890625","411.3984375","157","4938","11","","0","92.33217592592592","1.5","5676;6016;12684;40608;42440;43136;43292;43860;43932;44532;45452","[{""pid"":6016,""name"":""conhost.exe"",""cpu_percent"":0.0,""ws_mb"":9.46484375,""private_mb"":1.6875},{""pid"":42440,""name"":""cmd.exe"",""cpu_percent"":0.0,""ws_mb"":8.125,""private_mb"":4.75390625},{""pid"":40608,""name"":""electron.exe"",""cpu_percent"":0.028907135627914235,""ws_mb"":111.26953125,""private_mb"":76.28515625},{""pid"":43932,""name"":""cmd.exe"",""cpu_percent"":0.0,""ws_mb"":8.78125,""private_mb"":4.60546875},{""pid"":12684,""name"":""powershell.exe"",""cpu_percent"":2.746177884651852,""ws_mb"":132.14453125,""private_mb"":111.94921875},{""pid"":43292,""name"":""electron.exe"",""cpu_percent"":0.0,""ws_mb"":84.83203125,""private_mb"":39.34375},{""pid"":5676,""name"":""node.exe"",""cpu_percent"":0.0,""ws_mb"":66.98828125,""private_mb"":69.70703125},{""pid"":44532,""name"":""conhost.exe"",""cpu_percent"":0.0,""ws_mb"":6.34765625,""private_mb"":1.22265625},{""pid"":45452,""name"":""electron.exe"",""cpu_percent"":0.0,""ws_mb"":88.1796875,""private_mb"":69.48828125},{""pid"":43136,""name"":""electron.exe"",""cpu_percent"":0.0,""ws_mb"":38.78515625,""private_mb"":13.21875},{""pid"":43860,""name"":""node.exe"",""cpu_percent"":0.0,""ws_mb"":40.97265625,""private_mb"":19.13671875}]"
"2026-10-01T20:01:54.2726917Z","5.2876778","1.6498657186210048","602.15234375","417.55078125","154","4131","11","","0","85.67554240631164","1.046875","5676;6016;12684;40608;42440;43136;43292;43860;43932;44532;45452","[{""pid"":6016,""name"":""conhost.exe"",""cpu_percent"":0.0,""ws_mb"":9.46484375,""private_mb"":1.6875},{""pid"":42440,""name"":""cmd.exe"",""cpu_percent"":0.0,""ws_mb"":8.125,""private_mb"":4.75390625},{""pid"":40608,""name"":""electron.exe"",""cpu_percent"":0.04924972294391059,""ws_mb"":112.2578125,""private_mb"":77.25},{""pid"":43932,""name"":""cmd.exe"",""cpu_percent"":0.0,""ws_mb"":8.78125,""private_mb"":4.60546875},{""pid"":12684,""name"":""powershell.exe"",""cpu_percent"":1.6006159956770942,""ws_mb"":137.41796875,""private_mb"":117.13671875},{""pid"":43292,""name"":""electron.exe"",""cpu_percent"":0.0,""ws_mb"":84.83203125,""private_mb"":39.34375},{""pid"":5676,""name"":""node.exe"",""cpu_percent"":0.0,""ws_mb"":66.98828125,""private_mb"":69.70703125},{""pid"":44532,""name"":""conhost.exe"",""cpu_percent"":0.0,""ws_mb"":6.34765625,""private_mb"":1.22265625},{""pid"":45452,""name"":""electron.exe"",""cpu_percent"":0.0,""ws_mb"":88.1796875,""private_mb"":69.48828125},{""pid"":43136,""name"":""electron.exe"",""cpu_percent"":0.0,""ws_mb"":38.78515625,""private_mb"":13.21875},{""pid"":43860,""name"":""node.exe"",""cpu_percent"":0.0,""ws_mb"":40.97265625,""private_mb"":19.13671875}]"
"2026-10-01T20:01:59.3182113Z","5.0455196","1.7548572532879796","601.16796875","416.66015625","154","4054","11","","0","99.53560371517028","1.0625","5676;6016;12684;40608;42440;43136;43292;43860;43932;44532;45452","[{""pid"":6016,""name"":""conhost.exe"",""cpu_percent"":0.0,""ws_mb"":9.46484375,""private_mb"":1.6875},{""pid"":42440,""name"":""cmd.exe"",""cpu_percent"":0.0,""ws_mb"":8.125,""private_mb"":4.75390625},{""pid"":40608,""name"":""electron.exe"",""cpu_percent"":0.025806724313058523,""ws_mb"":111.30859375,""private_mb"":76.39453125},{""pid"":43932,""name"":""cmd.exe"",""cpu_percent"":0.0,""ws_mb"":8.78125,""private_mb"":4.60546875},{""pid"":12684,""name"":""powershell.exe"",""cpu_percent"":1.7290505289749212,""ws_mb"":137.390625,""private_mb"":117.109375},{""pid"":43292,""name"":""electron.exe"",""cpu_percent"":0.0,""ws_mb"":84.83203125,""private_mb"":39.34375},{""pid"":5676,""name"":""node.exe"",""cpu_percent"":0.0,""ws_mb"":66.98828125,""private_mb"":69.70703125},{""pid"":44532,""name"":""conhost.exe"",""cpu_percent"":0.0,""ws_mb"":6.34765625,""private_mb"":1.22265625},{""pid"":45452,""name"":""electron.exe"",""cpu_percent"":0.0,""ws_mb"":88.1796875,""private_mb"":69.48828125},{""pid"":43136,""name"":""electron.exe"",""cpu_percent"":0.0,""ws_mb"":38.77734375,""private_mb"":13.2109375},{""pid"":43860,""name"":""node.exe"",""cpu_percent"":0.0,""ws_mb"":40.97265625,""private_mb"":19.13671875}]"
"2026-10-01T20:02:03.8604361Z","4.5422248","1.748638317798215","600.1796875","415.62109375","154","4319","11","","0","91.55211912943872","0.953125","5676;6016;12684;40608;42440;43136;43292;43860;43932;44532;45452","[{""pid"":6016,""name"":""conhost.exe"",""cpu_percent"":0.0,""ws_mb"":9.46484375,""private_mb"":1.6875},{""pid"":42440,""name"":""cmd.exe"",""cpu_percent"":0.0,""ws_mb"":8.125,""private_mb"":4.75390625},{""pid"":40608,""name"":""electron.exe"",""cpu_percent"":0.0,""ws_mb"":111.16015625,""private_mb"":76.20703125},{""pid"":43932,""name"":""cmd.exe"",""cpu_percent"":0.0,""ws_mb"":8.78125,""private_mb"":4.60546875},{""pid"":12684,""name"":""powershell.exe"",""cpu_percent"":1.748638317798215,""ws_mb"":136.55078125,""private_mb"":116.2578125},{""pid"":43292,""name"":""electron.exe"",""cpu_percent"":0.0,""ws_mb"":84.83203125,""private_mb"":39.34375},{""pid"":5676,""name"":""node.exe"",""cpu_percent"":0.0,""ws_mb"":66.98828125,""private_mb"":69.70703125},{""pid"":44532,""name"":""conhost.exe"",""cpu_percent"":0.0,""ws_mb"":6.34765625,""private_mb"":1.22265625},{""pid"":45452,""name"":""electron.exe"",""cpu_percent"":0.0,""ws_mb"":88.1796875,""private_mb"":69.48828125},{""pid"":43136,""name"":""electron.exe"",""cpu_percent"":0.0,""ws_mb"":38.77734375,""private_mb"":13.2109375},{""pid"":43860,""name"":""node.exe"",""cpu_percent"":0.0,""ws_mb"":40.97265625,""private_mb"":19.13671875}]"
"2026-10-01T20:02:08.7089331Z","4.848497","2.9003833559142143","590.5703125","405.96484375","154","4793","11","","0","88.95161290322581","1.6875","5676;6016;12684;40608;42440;43136;43292;43860;43932;44532;45452","[{""pid"":6016,""name"":""conhost.exe"",""cpu_percent"":0.0,""ws_mb"":9.46484375,""private_mb"":1.6875},{""pid"":42440,""name"":""cmd.exe"",""cpu_percent"":0.0,""ws_mb"":8.125,""private_mb"":4.75390625},{""pid"":40608,""name"":""electron.exe"",""cpu_percent"":0.05371080288730026,""ws_mb"":111.33984375,""private_mb"":76.37890625},{""pid"":43932,""name"":""cmd.exe"",""cpu_percent"":0.0,""ws_mb"":8.78125,""private_mb"":4.60546875},{""pid"":12684,""name"":""powershell.exe"",""cpu_percent"":2.846672553026914,""ws_mb"":126.76171875,""private_mb"":106.4296875},{""pid"":43292,""name"":""electron.exe"",""cpu_percent"":0.0,""ws_mb"":84.83203125,""private_mb"":39.34375},{""pid"":5676,""name"":""node.exe"",""cpu_percent"":0.0,""ws_mb"":66.98828125,""private_mb"":69.70703125},{""pid"":44532,""name"":""conhost.exe"",""cpu_percent"":0.0,""ws_mb"":6.34765625,""private_mb"":1.22265625},{""pid"":45452,""name"":""electron.exe"",""cpu_percent"":0.0,""ws_mb"":88.1796875,""private_mb"":69.48828125},{""pid"":43136,""name"":""electron.exe"",""cpu_percent"":0.0,""ws_mb"":38.77734375,""private_mb"":13.2109375},{""pid"":43860,""name"":""node.exe"",""cpu_percent"":0.0,""ws_mb"":40.97265625,""private_mb"":19.13671875}]"
"2026-10-01T20:02:13.9095774Z","5.2006443","2.0780678399148864","596.14453125","411.5625","152","4220","11","","0","88.16316316316316","1.296875","5676;6016;12684;40608;42440;43136;43292;43860;43932;44532;45452","[{""pid"":6016,""name"":""conhost.exe"",""cpu_percent"":0.0,""ws_mb"":9.46484375,""private_mb"":1.6875},{""pid"":42440,""name"":""cmd.exe"",""cpu_percent"":0.0,""ws_mb"":8.125,""private_mb"":4.75390625},{""pid"":40608,""name"":""electron.exe"",""cpu_percent"":0.12518480963342687,""ws_mb"":112.17578125,""private_mb"":77.23046875},{""pid"":43932,""name"":""cmd.exe"",""cpu_percent"":0.0,""ws_mb"":8.78125,""private_mb"":4.60546875},{""pid"":12684,""name"":""powershell.exe"",""cpu_percent"":1.9528830302814595,""ws_mb"":131.5,""private_mb"":111.17578125},{""pid"":43292,""name"":""electron.exe"",""cpu_percent"":0.0,""ws_mb"":84.83203125,""private_mb"":39.34375},{""pid"":5676,""name"":""node.exe"",""cpu_percent"":0.0,""ws_mb"":66.98828125,""private_mb"":69.70703125},{""pid"":44532,""name"":""conhost.exe"",""cpu_percent"":0.0,""ws_mb"":6.34765625,""private_mb"":1.22265625},{""pid"":45452,""name"":""electron.exe"",""cpu_percent"":0.0,""ws_mb"":88.1796875,""private_mb"":69.48828125},{""pid"":43136,""name"":""electron.exe"",""cpu_percent"":0.0,""ws_mb"":38.77734375,""private_mb"":13.2109375},{""pid"":43860,""name"":""node.exe"",""cpu_percent"":0.0,""ws_mb"":40.97265625,""private_mb"":19.13671875}]"
"2026-10-01T20:02:19.3135862Z","5.4040088","2.144434270104569","596.24609375","411.68359375","153","4383","11","","0","85.76589595375722","1.390625","5676;6016;12684;40608;42440;43136;43292;43860;43932;44532;45452","[{""pid"":6016,""name"":""conhost.exe"",""cpu_percent"":0.0,""ws_mb"":9.46484375,""private_mb"":1.6875},{""pid"":42440,""name"":""cmd.exe"",""cpu_percent"":0.0,""ws_mb"":8.125,""private_mb"":4.75390625},{""pid"":40608,""name"":""electron.exe"",""cpu_percent"":0.024094767079826617,""ws_mb"":112.2265625,""private_mb"":77.27734375},{""pid"":43932,""name"":""cmd.exe"",""cpu_percent"":0.0,""ws_mb"":8.78125,""private_mb"":4.60546875},{""pid"":12684,""name"":""powershell.exe"",""cpu_percent"":2.1203395030247423,""ws_mb"":131.55078125,""private_mb"":111.25},{""pid"":43292,""name"":""electron.exe"",""cpu_percent"":0.0,""ws_mb"":84.83203125,""private_mb"":39.34375},{""pid"":5676,""name"":""node.exe"",""cpu_percent"":0.0,""ws_mb"":66.98828125,""private_mb"":69.70703125},{""pid"":44532,""name"":""conhost.exe"",""cpu_percent"":0.0,""ws_mb"":6.34765625,""private_mb"":1.22265625},{""pid"":45452,""name"":""electron.exe"",""cpu_percent"":0.0,""ws_mb"":88.1796875,""private_mb"":69.48828125},{""pid"":43136,""name"":""electron.exe"",""cpu_percent"":0.0,""ws_mb"":38.77734375,""private_mb"":13.2109375},{""pid"":43860,""name"":""node.exe"",""cpu_percent"":0.0,""ws_mb"":40.97265625,""private_mb"":19.13671875}]"
"2026-10-01T20:02:23.8087382Z","4.495152","1.5931515404447578","599.49609375","414.80078125","152","4265","11","","0","82.4074074074074","0.859375","5676;6016;12684;40608;42440;43136;43292;43860;43932;44532;45452","[{""pid"":6016,""name"":""conhost.exe"",""cpu_percent"":0.0,""ws_mb"":9.46484375,""private_mb"":1.6875},{""pid"":42440,""name"":""cmd.exe"",""cpu_percent"":0.0,""ws_mb"":8.125,""private_mb"":4.75390625},{""pid"":40608,""name"":""electron.exe"",""cpu_percent"":0.0,""ws_mb"":111.14453125,""private_mb"":76.07421875},{""pid"":43932,""name"":""cmd.exe"",""cpu_percent"":0.0,""ws_mb"":8.78125,""private_mb"":4.60546875},{""pid"":12684,""name"":""powershell.exe"",""cpu_percent"":1.5931515404447578,""ws_mb"":135.8828125,""private_mb"":115.5703125},{""pid"":43292,""name"":""electron.exe"",""cpu_percent"":0.0,""ws_mb"":84.83203125,""private_mb"":39.34375},{""pid"":5676,""name"":""node.exe"",""cpu_percent"":0.0,""ws_mb"":66.98828125,""private_mb"":69.70703125},{""pid"":44532,""name"":""conhost.exe"",""cpu_percent"":0.0,""ws_mb"":6.34765625,""private_mb"":1.22265625},{""pid"":45452,""name"":""electron.exe"",""cpu_percent"":0.0,""ws_mb"":88.1796875,""private_mb"":69.48828125},{""pid"":43136,""name"":""electron.exe"",""cpu_percent"":0.0,""ws_mb"":38.77734375,""private_mb"":13.2109375},{""pid"":43860,""name"":""node.exe"",""cpu_percent"":0.0,""ws_mb"":40.97265625,""private_mb"":19.13671875}]"
"2026-10-01T20:02:28.7788863Z","4.9701481","2.0172520948956563","602.828125","419","157","4041","11","","0","66.0377358490566","1.203125","5676;6016;12684;40608;42440;43136;43292;43860;43932;44532;45452","[{""pid"":6016,""name"":""conhost.exe"",""cpu_percent"":0.0,""ws_mb"":9.61328125,""private_mb"":1.76953125},{""pid"":42440,""name"":""cmd.exe"",""cpu_percent"":0.0,""ws_mb"":8.125,""private_mb"":4.75390625},{""pid"":40608,""name"":""electron.exe"",""cpu_percent"":0.052396158308978084,""ws_mb"":111.14453125,""private_mb"":76.0859375},{""pid"":43932,""name"":""cmd.exe"",""cpu_percent"":0.0,""ws_mb"":8.88671875,""private_mb"":5.61328125},{""pid"":12684,""name"":""powershell.exe"",""cpu_percent"":1.9648559365866782,""ws_mb"":138.84765625,""private_mb"":118.6015625},{""pid"":43292,""name"":""electron.exe"",""cpu_percent"":0.0,""ws_mb"":84.83203125,""private_mb"":39.34375},{""pid"":5676,""name"":""node.exe"",""cpu_percent"":0.0,""ws_mb"":67.1015625,""private_mb"":69.7734375},{""pid"":44532,""name"":""conhost.exe"",""cpu_percent"":0.0,""ws_mb"":6.34765625,""private_mb"":1.22265625},{""pid"":45452,""name"":""electron.exe"",""cpu_percent"":0.0,""ws_mb"":88.1796875,""private_mb"":69.48828125},{""pid"":43136,""name"":""electron.exe"",""cpu_percent"":0.0,""ws_mb"":38.77734375,""private_mb"":13.2109375},{""pid"":43860,""name"":""node.exe"",""cpu_percent"":0.0,""ws_mb"":40.97265625,""private_mb"":19.13671875}]"
"2026-10-01T20:02:34.0524782Z","5.2735919","2.0987039845334508","579.3671875","395.49609375","158","4558","11","","0","87.63600395647873","1.328125","5676;6016;12684;40608;42440;43136;43292;43860;43932;44532;45452","[{""pid"":6016,""name"":""conhost.exe"",""cpu_percent"":0.0,""ws_mb"":9.61328125,""private_mb"":1.76953125},{""pid"":42440,""name"":""cmd.exe"",""cpu_percent"":0.0,""ws_mb"":8.125,""private_mb"":4.75390625},{""pid"":40608,""name"":""electron.exe"",""cpu_percent"":0.07407190533647473,""ws_mb"":111.26171875,""private_mb"":76.21484375},{""pid"":43932,""name"":""cmd.exe"",""cpu_percent"":0.0,""ws_mb"":8.88671875,""private_mb"":5.61328125},{""pid"":12684,""name"":""powershell.exe"",""cpu_percent"":2.024632079196976,""ws_mb"":115.26953125,""private_mb"":94.96875},{""pid"":43292,""name"":""electron.exe"",""cpu_percent"":0.0,""ws_mb"":84.83203125,""private_mb"":39.34375},{""pid"":5676,""name"":""node.exe"",""cpu_percent"":0.0,""ws_mb"":67.1015625,""private_mb"":69.7734375},{""pid"":44532,""name"":""conhost.exe"",""cpu_percent"":0.0,""ws_mb"":6.34765625,""private_mb"":1.22265625},{""pid"":45452,""name"":""electron.exe"",""cpu_percent"":0.0,""ws_mb"":88.1796875,""private_mb"":69.48828125},{""pid"":43136,""name"":""electron.exe"",""cpu_percent"":0.0,""ws_mb"":38.77734375,""private_mb"":13.2109375},{""pid"":43860,""name"":""node.exe"",""cpu_percent"":0.0,""ws_mb"":40.97265625,""private_mb"":19.13671875}]"
"2026-10-01T20:02:38.7146322Z","4.662154","2.1225882571303596","585.703125","401.8984375","157","3842","11","","0","94.53734671125976","1.1875","5676;6016;12684;40608;42440;43136;43292;43860;43932;44532;45452","[{""pid"":6016,""name"":""conhost.exe"",""cpu_percent"":0.0,""ws_mb"":9.61328125,""private_mb"":1.76953125},{""pid"":42440,""name"":""cmd.exe"",""cpu_percent"":0.0,""ws_mb"":8.125,""private_mb"":4.75390625},{""pid"":40608,""name"":""electron.exe"",""cpu_percent"":0.0,""ws_mb"":112.23828125,""private_mb"":77.23828125},{""pid"":43932,""name"":""cmd.exe"",""cpu_percent"":0.0,""ws_mb"":8.88671875,""private_mb"":5.61328125},{""pid"":12684,""name"":""powershell.exe"",""cpu_percent"":2.1225882571303596,""ws_mb"":120.62890625,""private_mb"":100.34765625},{""pid"":43292,""name"":""electron.exe"",""cpu_percent"":0.0,""ws_mb"":84.83203125,""private_mb"":39.34375},{""pid"":5676,""name"":""node.exe"",""cpu_percent"":0.0,""ws_mb"":67.1015625,""private_mb"":69.7734375},{""pid"":44532,""name"":""conhost.exe"",""cpu_percent"":0.0,""ws_mb"":6.34765625,""private_mb"":1.22265625},{""pid"":45452,""name"":""electron.exe"",""cpu_percent"":0.0,""ws_mb"":88.1796875,""private_mb"":69.48828125},{""pid"":43136,""name"":""electron.exe"",""cpu_percent"":0.0,""ws_mb"":38.77734375,""private_mb"":13.2109375},{""pid"":43860,""name"":""node.exe"",""cpu_percent"":0.0,""ws_mb"":40.97265625,""private_mb"":19.13671875}]"
"2026-10-01T20:02:43.4416142Z","4.726982","2.396481518228756","597.6875","415.00390625","172","4925","11","","0","81.23620309050773","1.359375","5676;6016;12684;40608;42440;43136;43292;43860;43932;44532;45452","[{""pid"":6016,""name"":""conhost.exe"",""cpu_percent"":0.0,""ws_mb"":9.61328125,""private_mb"":1.76953125},{""pid"":42440,""name"":""cmd.exe"",""cpu_percent"":0.0,""ws_mb"":8.25,""private_mb"":6.765625},{""pid"":40608,""name"":""electron.exe"",""cpu_percent"":0.027545764577342022,""ws_mb"":112.375,""private_mb"":77.1796875},{""pid"":43932,""name"":""cmd.exe"",""cpu_percent"":0.0,""ws_mb"":8.88671875,""private_mb"":5.61328125},{""pid"":12684,""name"":""powershell.exe"",""cpu_percent"":2.3689357536514137,""ws_mb"":131.63671875,""private_mb"":111.2109375},{""pid"":43292,""name"":""electron.exe"",""cpu_percent"":0.0,""ws_mb"":84.98046875,""private_mb"":39.41015625},{""pid"":5676,""name"":""node.exe"",""cpu_percent"":0.0,""ws_mb"":67.1015625,""private_mb"":69.7734375},{""pid"":44532,""name"":""conhost.exe"",""cpu_percent"":0.0,""ws_mb"":6.4765625,""private_mb"":1.30859375},{""pid"":45452,""name"":""electron.exe"",""cpu_percent"":0.0,""ws_mb"":88.3828125,""private_mb"":69.5234375},{""pid"":43136,""name"":""electron.exe"",""cpu_percent"":0.0,""ws_mb"":38.89453125,""private_mb"":13.24609375},{""pid"":43860,""name"":""node.exe"",""cpu_percent"":0.0,""ws_mb"":41.08984375,""private_mb"":19.203125}]"
"2026-10-01T20:02:48.3542362Z","4.912622","1.0336893414555404","598.31640625","415.5703125","172","3858","11","","0","36.69408331122314","0.609375","5676;6016;12684;40608;42440;43136;43292;43860;43932;44532;45452","[{""pid"":6016,""name"":""conhost.exe"",""cpu_percent"":0.0,""ws_mb"":9.61328125,""private_mb"":1.76953125},{""pid"":42440,""name"":""cmd.exe"",""cpu_percent"":0.0,""ws_mb"":8.25,""private_mb"":6.765625},{""pid"":40608,""name"":""electron.exe"",""cpu_percent"":0.026504854909116422,""ws_mb"":111.625,""private_mb"":76.34765625},{""pid"":43932,""name"":""cmd.exe"",""cpu_percent"":0.0,""ws_mb"":8.88671875,""private_mb"":5.61328125},{""pid"":12684,""name"":""powershell.exe"",""cpu_percent"":1.007184486546424,""ws_mb"":133.015625,""private_mb"":112.609375},{""pid"":43292,""name"":""electron.exe"",""cpu_percent"":0.0,""ws_mb"":84.98046875,""private_mb"":39.41015625},{""pid"":5676,""name"":""node.exe"",""cpu_percent"":0.0,""ws_mb"":67.1015625,""private_mb"":69.7734375},{""pid"":44532,""name"":""conhost.exe"",""cpu_percent"":0.0,""ws_mb"":6.4765625,""private_mb"":1.30859375},{""pid"":45452,""name"":""electron.exe"",""cpu_percent"":0.0,""ws_mb"":88.3828125,""private_mb"":69.5234375},{""pid"":43136,""name"":""electron.exe"",""cpu_percent"":0.0,""ws_mb"":38.89453125,""private_mb"":13.24609375},{""pid"":43860,""name"":""node.exe"",""cpu_percent"":0.0,""ws_mb"":41.08984375,""private_mb"":19.203125}]"
"2026-10-01T20:02:53.3790271Z","5.0247909","1.7880097259370533","578.9765625","396.0390625","172","4020","11","","0","50.76365519026663","1.078125","5676;6016;12684;40608;42440;43136;43292;43860;43932;44532;45452","[{""pid"":6016,""name"":""conhost.exe"",""cpu_percent"":0.0,""ws_mb"":9.61328125,""private_mb"":1.76953125},{""pid"":42440,""name"":""cmd.exe"",""cpu_percent"":0.0,""ws_mb"":8.25,""private_mb"":6.765625},{""pid"":40608,""name"":""electron.exe"",""cpu_percent"":0.025913184433870338,""ws_mb"":111.8046875,""private_mb"":76.46875},{""pid"":43932,""name"":""cmd.exe"",""cpu_percent"":0.0,""ws_mb"":8.88671875,""private_mb"":5.61328125},{""pid"":12684,""name"":""powershell.exe"",""cpu_percent"":1.7361833570693126,""ws_mb"":113.44140625,""private_mb"":92.95703125},{""pid"":43292,""name"":""electron.exe"",""cpu_percent"":0.0,""ws_mb"":85.0078125,""private_mb"":39.41015625},{""pid"":5676,""name"":""node.exe"",""cpu_percent"":0.0,""ws_mb"":67.1015625,""private_mb"":69.7734375},{""pid"":44532,""name"":""conhost.exe"",""cpu_percent"":0.0,""ws_mb"":6.4765625,""private_mb"":1.30859375},{""pid"":45452,""name"":""electron.exe"",""cpu_percent"":0.0,""ws_mb"":88.41015625,""private_mb"":69.5234375},{""pid"":43136,""name"":""electron.exe"",""cpu_percent"":0.025913184433870338,""ws_mb"":38.89453125,""private_mb"":13.24609375},{""pid"":43860,""name"":""node.exe"",""cpu_percent"":0.0,""ws_mb"":41.08984375,""private_mb"":19.203125}]"
"2026-10-01T20:02:58.3468824Z","4.9678553","1.9133424303508464","592.484375","409.69140625","172","3835","11","","0","50.183438155136265","1.140625","5676;6016;12684;40608;42440;43136;43292;43860;43932;44532;45452","[{""pid"":6016,""name"":""conhost.exe"",""cpu_percent"":0.0,""ws_mb"":9.61328125,""private_mb"":1.76953125},{""pid"":42440,""name"":""cmd.exe"",""cpu_percent"":0.0,""ws_mb"":8.25,""private_mb"":6.765625},{""pid"":40608,""name"":""electron.exe"",""cpu_percent"":0.052420340557557434,""ws_mb"":112.4296875,""private_mb"":77.15625},{""pid"":43932,""name"":""cmd.exe"",""cpu_percent"":0.0,""ws_mb"":8.88671875,""private_mb"":5.61328125},{""pid"":12684,""name"":""powershell.exe"",""cpu_percent"":1.860922089793289,""ws_mb"":126.32421875,""private_mb"":105.921875},{""pid"":43292,""name"":""electron.exe"",""cpu_percent"":0.0,""ws_mb"":85.0078125,""private_mb"":39.41015625},{""pid"":5676,""name"":""node.exe"",""cpu_percent"":0.0,""ws_mb"":67.1015625,""private_mb"":69.7734375},{""pid"":44532,""name"":""conhost.exe"",""cpu_percent"":0.0,""ws_mb"":6.4765625,""private_mb"":1.30859375},{""pid"":45452,""name"":""electron.exe"",""cpu_percent"":0.0,""ws_mb"":88.41015625,""private_mb"":69.5234375},{""pid"":43136,""name"":""electron.exe"",""cpu_percent"":0.0,""ws_mb"":38.89453125,""private_mb"":13.24609375},{""pid"":43860,""name"":""node.exe"",""cpu_percent"":0.0,""ws_mb"":41.08984375,""private_mb"":19.203125}]"
"2026-10-01T20:03:03.3077883Z","4.9609059","1.8110351579133963","596.5546875","413.78125","172","3836","11","","0","54.82180293501048","1.078125","5676;6016;12684;40608;42440;43136;43292;43860;43932;44532;45452","[{""pid"":6016,""name"":""conhost.exe"",""cpu_percent"":0.0,""ws_mb"":9.61328125,""private_mb"":1.76953125},{""pid"":42440,""name"":""cmd.exe"",""cpu_percent"":0.0,""ws_mb"":8.25,""private_mb"":6.765625},{""pid"":40608,""name"":""electron.exe"",""cpu_percent"":0.05249377269314192,""ws_mb"":112.671875,""private_mb"":77.41796875},{""pid"":43932,""name"":""cmd.exe"",""cpu_percent"":0.0,""ws_mb"":8.88671875,""private_mb"":5.61328125},{""pid"":12684,""name"":""powershell.exe"",""cpu_percent"":1.7585413852202545,""ws_mb"":130.203125,""private_mb"":109.80078125},{""pid"":43292,""name"":""electron.exe"",""cpu_percent"":0.0,""ws_mb"":85.0078125,""private_mb"":39.41015625},{""pid"":5676,""name"":""node.exe"",""cpu_percent"":0.0,""ws_mb"":67.1015625,""private_mb"":69.7734375},{""pid"":44532,""name"":""conhost.exe"",""cpu_percent"":0.0,""ws_mb"":6.4765625,""private_mb"":1.30859375},{""pid"":45452,""name"":""electron.exe"",""cpu_percent"":0.0,""ws_mb"":88.359375,""private_mb"":69.47265625},{""pid"":43136,""name"":""electron.exe"",""cpu_percent"":0.0,""ws_mb"":38.89453125,""private_mb"":13.24609375},{""pid"":43860,""name"":""node.exe"",""cpu_percent"":0.0,""ws_mb"":41.08984375,""private_mb"":19.203125}]"
"2026-10-01T20:03:08.5000491Z","5.1922608","1.7303397009641737","599.01171875","416.12109375","172","4026","11","","0","43.850401606425706","1.078125","5676;6016;12684;40608;42440;43136;43292;43860;43932;44532;45452","[{""pid"":6016,""name"":""conhost.exe"",""cpu_percent"":0.0,""ws_mb"":9.61328125,""private_mb"":1.76953125},{""pid"":42440,""name"":""cmd.exe"",""cpu_percent"":0.0,""ws_mb"":8.25,""private_mb"":6.765625},{""pid"":40608,""name"":""electron.exe"",""cpu_percent"":0.025077386970495268,""ws_mb"":111.8671875,""private_mb"":76.5},{""pid"":43932,""name"":""cmd.exe"",""cpu_percent"":0.0,""ws_mb"":8.88671875,""private_mb"":5.61328125},{""pid"":12684,""name"":""powershell.exe"",""cpu_percent"":1.7052623139936782,""ws_mb"":133.46484375,""private_mb"":113.05859375},{""pid"":43292,""name"":""electron.exe"",""cpu_percent"":0.0,""ws_mb"":85.0078125,""private_mb"":39.41015625},{""pid"":5676,""name"":""node.exe"",""cpu_percent"":0.0,""ws_mb"":67.1015625,""private_mb"":69.7734375},{""pid"":44532,""name"":""conhost.exe"",""cpu_percent"":0.0,""ws_mb"":6.4765625,""private_mb"":1.30859375},{""pid"":45452,""name"":""electron.exe"",""cpu_percent"":0.0,""ws_mb"":88.359375,""private_mb"":69.47265625},{""pid"":43136,""name"":""electron.exe"",""cpu_percent"":0.0,""ws_mb"":38.89453125,""private_mb"":13.24609375},{""pid"":43860,""name"":""node.exe"",""cpu_percent"":0.0,""ws_mb"":41.08984375,""private_mb"":19.203125}]"
"2026-10-01T20:03:13.4620380Z","4.9619889","1.9156045136121393","580.1484375","397.18359375","172","3832","11","","0","68.00736067297582","1.140625","5676;6016;12684;40608;42440;43136;43292;43860;43932;44532;45452","[{""pid"":6016,""name"":""conhost.exe"",""cpu_percent"":0.0,""ws_mb"":9.61328125,""private_mb"":1.76953125},{""pid"":42440,""name"":""cmd.exe"",""cpu_percent"":0.0,""ws_mb"":8.25,""private_mb"":6.765625},{""pid"":40608,""name"":""electron.exe"",""cpu_percent"":0.026241157720714236,""ws_mb"":111.80078125,""private_mb"":76.43359375},{""pid"":43932,""name"":""cmd.exe"",""cpu_percent"":0.0,""ws_mb"":8.88671875,""private_mb"":5.61328125},{""pid"":12684,""name"":""powershell.exe"",""cpu_percent"":1.8893633558914251,""ws_mb"":114.66796875,""private_mb"":94.1875},{""pid"":43292,""name"":""electron.exe"",""cpu_percent"":0.0,""ws_mb"":85.0078125,""private_mb"":39.41015625},{""pid"":5676,""name"":""node.exe"",""cpu_percent"":0.0,""ws_mb"":67.1015625,""private_mb"":69.7734375},{""pid"":44532,""name"":""conhost.exe"",""cpu_percent"":0.0,""ws_mb"":6.4765625,""private_mb"":1.30859375},{""pid"":45452,""name"":""electron.exe"",""cpu_percent"":0.0,""ws_mb"":88.359375,""private_mb"":69.47265625},{""pid"":43136,""name"":""electron.exe"",""cpu_percent"":0.0,""ws_mb"":38.89453125,""private_mb"":13.24609375},{""pid"":43860,""name"":""node.exe"",""cpu_percent"":0.0,""ws_mb"":41.08984375,""private_mb"":19.203125}]"
"2026-10-01T20:03:18.2942473Z","4.8322093","1.7784308308003132","589.90234375","407.0859375","172","3880","11","","0","31.584611245628196","1.03125","5676;6016;12684;40608;42440;43136;43292;43860;43932;44532;45452","[{""pid"":6016,""name"":""conhost.exe"",""cpu_percent"":0.0,""ws_mb"":9.61328125,""private_mb"":1.76953125},{""pid"":42440,""name"":""cmd.exe"",""cpu_percent"":0.0,""ws_mb"":8.25,""private_mb"":6.765625},{""pid"":40608,""name"":""electron.exe"",""cpu_percent"":0.05389184335758525,""ws_mb"":112.796875,""private_mb"":77.515625},{""pid"":43932,""name"":""cmd.exe"",""cpu_percent"":0.0,""ws_mb"":8.88671875,""private_mb"":5.61328125},{""pid"":12684,""name"":""powershell.exe"",""cpu_percent"":1.724538987442728,""ws_mb"":123.42578125,""private_mb"":103.0078125},{""pid"":43292,""name"":""electron.exe"",""cpu_percent"":0.0,""ws_mb"":85.0078125,""private_mb"":39.41015625},{""pid"":5676,""name"":""node.exe"",""cpu_percent"":0.0,""ws_mb"":67.1015625,""private_mb"":69.7734375},{""pid"":44532,""name"":""conhost.exe"",""cpu_percent"":0.0,""ws_mb"":6.4765625,""private_mb"":1.30859375},{""pid"":45452,""name"":""electron.exe"",""cpu_percent"":0.0,""ws_mb"":88.359375,""private_mb"":69.47265625},{""pid"":43136,""name"":""electron.exe"",""cpu_percent"":0.0,""ws_mb"":38.89453125,""private_mb"":13.24609375},{""pid"":43860,""name"":""node.exe"",""cpu_percent"":0.0,""ws_mb"":41.08984375,""private_mb"":19.203125}]"
"2026-10-01T20:03:23.3911136Z","5.0968663","1.4817110924281716","596.24609375","413.3125","172","4025","11","","0","33.4610472541507","0.90625","5676;6016;12684;40608;42440;43136;43292;43860;43932;44532;45452","[{""pid"":6016,""name"":""conhost.exe"",""cpu_percent"":0.0,""ws_mb"":9.61328125,""private_mb"":1.76953125},{""pid"":42440,""name"":""cmd.exe"",""cpu_percent"":0.0,""ws_mb"":8.25,""private_mb"":6.765625},{""pid"":40608,""name"":""electron.exe"",""cpu_percent"":0.0,""ws_mb"":111.71484375,""private_mb"":76.3515625},{""pid"":43932,""name"":""cmd.exe"",""cpu_percent"":0.0,""ws_mb"":8.88671875,""private_mb"":5.61328125},{""pid"":12684,""name"":""powershell.exe"",""cpu_percent"":1.4817110924281716,""ws_mb"":130.8515625,""private_mb"":110.3984375},{""pid"":43292,""name"":""electron.exe"",""cpu_percent"":0.0,""ws_mb"":85.0078125,""private_mb"":39.41015625},{""pid"":5676,""name"":""node.exe"",""cpu_percent"":0.0,""ws_mb"":67.1015625,""private_mb"":69.7734375},{""pid"":44532,""name"":""conhost.exe"",""cpu_percent"":0.0,""ws_mb"":6.4765625,""private_mb"":1.30859375},{""pid"":45452,""name"":""electron.exe"",""cpu_percent"":0.0,""ws_mb"":88.359375,""private_mb"":69.47265625},{""pid"":43136,""name"":""electron.exe"",""cpu_percent"":0.0,""ws_mb"":38.89453125,""private_mb"":13.24609375},{""pid"":43860,""name"":""node.exe"",""cpu_percent"":0.0,""ws_mb"":41.08984375,""private_mb"":19.203125}]"
"2026-10-01T20:03:28.4075923Z","5.0164787","1.505455078147413","599.12890625","420.22265625","172","3973","11","","0","35.886782653856145","0.90625","5676;6016;12684;40608;42440;43136;43292;43860;43932;44532;45452","[{""pid"":6016,""name"":""conhost.exe"",""cpu_percent"":0.0,""ws_mb"":9.58203125,""private_mb"":1.76953125},{""pid"":42440,""name"":""cmd.exe"",""cpu_percent"":0.0,""ws_mb"":7.90234375,""private_mb"":6.765625},{""pid"":40608,""name"":""electron.exe"",""cpu_percent"":0.02595612203702436,""ws_mb"":112.72265625,""private_mb"":77.44140625},{""pid"":43932,""name"":""cmd.exe"",""cpu_percent"":0.0,""ws_mb"":8.34765625,""private_mb"":5.61328125},{""pid"":12684,""name"":""powershell.exe"",""cpu_percent"":1.4794989561103886,""ws_mb"":136.59375,""private_mb"":116.21875},{""pid"":43292,""name"":""electron.exe"",""cpu_percent"":0.0,""ws_mb"":85.0078125,""private_mb"":39.41015625},{""pid"":5676,""name"":""node.exe"",""cpu_percent"":0.0,""ws_mb"":67.1015625,""private_mb"":69.7734375},{""pid"":44532,""name"":""conhost.exe"",""cpu_percent"":0.0,""ws_mb"":6.4765625,""private_mb"":1.30859375},{""pid"":45452,""name"":""electron.exe"",""cpu_percent"":0.0,""ws_mb"":85.5,""private_mb"":69.47265625},{""pid"":43136,""name"":""electron.exe"",""cpu_percent"":0.0,""ws_mb"":38.8046875,""private_mb"":13.24609375},{""pid"":43860,""name"":""node.exe"",""cpu_percent"":0.0,""ws_mb"":41.08984375,""private_mb"":19.203125}]"
"2026-10-01T20:03:33.5325031Z","5.1249108","2.1341834866667337","591.93359375","420.0078125","172","4157","11","","0","72.03454406908814","1.3125","5676;6016;12684;40608;42440;43136;43292;43860;43932;44532;45452","[{""pid"":6016,""name"":""conhost.exe"",""cpu_percent"":0.0,""ws_mb"":9.578125,""private_mb"":1.76953125},{""pid"":42440,""name"":""cmd.exe"",""cpu_percent"":0.0,""ws_mb"":7.5,""private_mb"":6.765625},{""pid"":40608,""name"":""electron.exe"",""cpu_percent"":0.05081389253968414,""ws_mb"":110.1484375,""private_mb"":75.8984375},{""pid"":43932,""name"":""cmd.exe"",""cpu_percent"":0.0,""ws_mb"":8.13671875,""private_mb"":5.61328125},{""pid"":12684,""name"":""powershell.exe"",""cpu_percent"":2.0833695941270496,""ws_mb"":137.43359375,""private_mb"":117.546875},{""pid"":43292,""name"":""electron.exe"",""cpu_percent"":0.0,""ws_mb"":82.23828125,""private_mb"":39.41015625},{""pid"":5676,""name"":""node.exe"",""cpu_percent"":0.0,""ws_mb"":66.71875,""private_mb"":69.7734375},{""pid"":44532,""name"":""conhost.exe"",""cpu_percent"":0.0,""ws_mb"":6.45703125,""private_mb"":1.30859375},{""pid"":45452,""name"":""electron.exe"",""cpu_percent"":0.0,""ws_mb"":83.98828125,""private_mb"":69.47265625},{""pid"":43136,""name"":""electron.exe"",""cpu_percent"":0.0,""ws_mb"":38.79296875,""private_mb"":13.24609375},{""pid"":43860,""name"":""node.exe"",""cpu_percent"":0.0,""ws_mb"":40.94140625,""private_mb"":19.203125}]"
"2026-10-01T20:03:38.2646520Z","4.7321489","2.146223674407202","579.9921875","408.25","172","3917","11","","0","48.18481848184818","1.21875","5676;6016;12684;40608;42440;43136;43292;43860;43932;44532;45452","[{""pid"":6016,""name"":""conhost.exe"",""cpu_percent"":0.0,""ws_mb"":9.578125,""private_mb"":1.76953125},{""pid"":42440,""name"":""cmd.exe"",""cpu_percent"":0.0,""ws_mb"":7.5,""private_mb"":6.765625},{""pid"":40608,""name"":""electron.exe"",""cpu_percent"":0.05503137626685133,""ws_mb"":110.19921875,""private_mb"":76.296875},{""pid"":43932,""name"":""cmd.exe"",""cpu_percent"":0.0,""ws_mb"":8.13671875,""private_mb"":5.61328125},{""pid"":12684,""name"":""powershell.exe"",""cpu_percent"":2.0911922981403506,""ws_mb"":125.4453125,""private_mb"":105.390625},{""pid"":43292,""name"":""electron.exe"",""cpu_percent"":0.0,""ws_mb"":82.23828125,""private_mb"":39.41015625},{""pid"":5676,""name"":""node.exe"",""cpu_percent"":0.0,""ws_mb"":66.71875,""private_mb"":69.7734375},{""pid"":44532,""name"":""conhost.exe"",""cpu_percent"":0.0,""ws_mb"":6.453125,""private_mb"":1.30859375},{""pid"":45452,""name"":""electron.exe"",""cpu_percent"":0.0,""ws_mb"":83.98828125,""private_mb"":69.47265625},{""pid"":43136,""name"":""electron.exe"",""cpu_percent"":0.0,""ws_mb"":38.79296875,""private_mb"":13.24609375},{""pid"":43860,""name"":""node.exe"",""cpu_percent"":0.0,""ws_mb"":40.94140625,""private_mb"":19.203125}]"
"2026-10-01T20:03:43.3297597Z","5.0651077","1.4652946076546407","590.328125","418.7265625","172","4025","11","","0","32.150205761316876","0.890625","5676;6016;12684;40608;42440;43136;43292;43860;43932;44532;45452","[{""pid"":6016,""name"":""conhost.exe"",""cpu_percent"":0.0,""ws_mb"":9.578125,""private_mb"":1.76953125},{""pid"":42440,""name"":""cmd.exe"",""cpu_percent"":0.0,""ws_mb"":7.5,""private_mb"":6.765625},{""pid"":40608,""name"":""electron.exe"",""cpu_percent"":0.05141384588261897,""ws_mb"":112.14453125,""private_mb"":78.37890625},{""pid"":43932,""name"":""cmd.exe"",""cpu_percent"":0.0,""ws_mb"":8.13671875,""private_mb"":5.61328125},{""pid"":12684,""name"":""powershell.exe"",""cpu_percent"":1.4138807617720217,""ws_mb"":133.8359375,""private_mb"":113.78515625},{""pid"":43292,""name"":""electron.exe"",""cpu_percent"":0.0,""ws_mb"":82.23828125,""private_mb"":39.41015625},{""pid"":5676,""name"":""node.exe"",""cpu_percent"":0.0,""ws_mb"":66.71875,""private_mb"":69.7734375},{""pid"":44532,""name"":""conhost.exe"",""cpu_percent"":0.0,""ws_mb"":6.453125,""private_mb"":1.30859375},{""pid"":45452,""name"":""electron.exe"",""cpu_percent"":0.0,""ws_mb"":83.98828125,""private_mb"":69.47265625},{""pid"":43136,""name"":""electron.exe"",""cpu_percent"":0.0,""ws_mb"":38.79296875,""private_mb"":13.24609375},{""pid"":43860,""name"":""node.exe"",""cpu_percent"":0.0,""ws_mb"":40.94140625,""private_mb"":19.203125}]"
"2026-10-01T20:03:48.3905922Z","5.0608325","1.3893465156177367","588.41015625","416.68359375","172","3963","11","","0","25.56584362139918","0.84375","5676;6016;12684;40608;42440;43136;43292;43860;43932;44532;45452","[{""pid"":6016,""name"":""conhost.exe"",""cpu_percent"":0.0,""ws_mb"":9.578125,""private_mb"":1.76953125},{""pid"":42440,""name"":""cmd.exe"",""cpu_percent"":0.0,""ws_mb"":7.5,""private_mb"":6.765625},{""pid"":40608,""name"":""electron.exe"",""cpu_percent"":0.025728639178106236,""ws_mb"":110.23046875,""private_mb"":76.33984375},{""pid"":43932,""name"":""cmd.exe"",""cpu_percent"":0.0,""ws_mb"":8.13671875,""private_mb"":5.61328125},{""pid"":12684,""name"":""powershell.exe"",""cpu_percent"":1.3636178764396305,""ws_mb"":133.83203125,""private_mb"":113.78125},{""pid"":43292,""name"":""electron.exe"",""cpu_percent"":0.0,""ws_mb"":82.23828125,""private_mb"":39.41015625},{""pid"":5676,""name"":""node.exe"",""cpu_percent"":0.0,""ws_mb"":66.71875,""private_mb"":69.7734375},{""pid"":44532,""name"":""conhost.exe"",""cpu_percent"":0.0,""ws_mb"":6.453125,""private_mb"":1.30859375},{""pid"":45452,""name"":""electron.exe"",""cpu_percent"":0.0,""ws_mb"":83.98828125,""private_mb"":69.47265625},{""pid"":43136,""name"":""electron.exe"",""cpu_percent"":0.0,""ws_mb"":38.79296875,""private_mb"":13.24609375},{""pid"":43860,""name"":""node.exe"",""cpu_percent"":0.0,""ws_mb"":40.94140625,""private_mb"":19.203125}]"
"2026-10-01T20:03:53.3634830Z","4.9728908","1.6495686975471089","593.4765625","421.86328125","172","3915","11","","0","34.66981132075472","0.984375","5676;6016;12684;40608;42440;43136;43292;43860;43932;44532;45452","[{""pid"":6016,""name"":""conhost.exe"",""cpu_percent"":0.0,""ws_mb"":9.578125,""private_mb"":1.76953125},{""pid"":42440,""name"":""cmd.exe"",""cpu_percent"":0.0,""ws_mb"":7.5,""private_mb"":6.765625},{""pid"":40608,""name"":""electron.exe"",""cpu_percent"":0.0,""ws_mb"":110.98828125,""private_mb"":77.1953125},{""pid"":43932,""name"":""cmd.exe"",""cpu_percent"":0.0,""ws_mb"":8.13671875,""private_mb"":5.61328125},{""pid"":12684,""name"":""powershell.exe"",""cpu_percent"":1.6495686975471089,""ws_mb"":138.140625,""private_mb"":118.10546875},{""pid"":43292,""name"":""electron.exe"",""cpu_percent"":0.0,""ws_mb"":82.23828125,""private_mb"":39.41015625},{""pid"":5676,""name"":""node.exe"",""cpu_percent"":0.0,""ws_mb"":66.71875,""private_mb"":69.7734375},{""pid"":44532,""name"":""conhost.exe"",""cpu_percent"":0.0,""ws_mb"":6.453125,""private_mb"":1.30859375},{""pid"":45452,""name"":""electron.exe"",""cpu_percent"":0.0,""ws_mb"":83.98828125,""private_mb"":69.47265625},{""pid"":43136,""name"":""electron.exe"",""cpu_percent"":0.0,""ws_mb"":38.79296875,""private_mb"":13.24609375},{""pid"":43860,""name"":""node.exe"",""cpu_percent"":0.0,""ws_mb"":40.94140625,""private_mb"":19.203125}]"
"2026-10-01T20:03:58.3809263Z","5.0174433","1.894432635309169","578.421875","406.796875","172","4034","11","","0","40.680166147455864","1.140625","5676;6016;12684;40608;42440;43136;43292;43860;43932;44532;45452","[{""pid"":6016,""name"":""conhost.exe"",""cpu_percent"":0.0,""ws_mb"":9.578125,""private_mb"":1.76953125},{""pid"":42440,""name"":""cmd.exe"",""cpu_percent"":0.0,""ws_mb"":7.5,""private_mb"":6.765625},{""pid"":40608,""name"":""electron.exe"",""cpu_percent"":0.02595113199053656,""ws_mb"":111.1015625,""private_mb"":77.31640625},{""pid"":43932,""name"":""cmd.exe"",""cpu_percent"":0.0,""ws_mb"":8.13671875,""private_mb"":5.61328125},{""pid"":12684,""name"":""powershell.exe"",""cpu_percent"":1.8684815033186324,""ws_mb"":122.97265625,""private_mb"":102.91796875},{""pid"":43292,""name"":""electron.exe"",""cpu_percent"":0.0,""ws_mb"":82.23828125,""private_mb"":39.41015625},{""pid"":5676,""name"":""node.exe"",""cpu_percent"":0.0,""ws_mb"":66.71875,""private_mb"":69.7734375},{""pid"":44532,""name"":""conhost.exe"",""cpu_percent"":0.0,""ws_mb"":6.453125,""private_mb"":1.30859375},{""pid"":45452,""name"":""electron.exe"",""cpu_percent"":0.0,""ws_mb"":83.98828125,""private_mb"":69.47265625},{""pid"":43136,""name"":""electron.exe"",""cpu_percent"":0.0,""ws_mb"":38.79296875,""private_mb"":13.24609375},{""pid"":43860,""name"":""node.exe"",""cpu_percent"":0.0,""ws_mb"":40.94140625,""private_mb"":19.203125}]"
"2026-10-01T20:04:03.5280085Z","5.1470822","1.9479078198258941","583.74609375","412.05078125","172","4814","11","","0","50.53030303030303","1.203125","5676;6016;12684;40608;42440;43136;43292;43860;43932;44532;45452","[{""pid"":6016,""name"":""conhost.exe"",""cpu_percent"":0.0,""ws_mb"":9.578125,""private_mb"":1.76953125},{""pid"":42440,""name"":""cmd.exe"",""cpu_percent"":0.0,""ws_mb"":7.5,""private_mb"":6.765625},{""pid"":40608,""name"":""electron.exe"",""cpu_percent"":0.0,""ws_mb"":110.0234375,""private_mb"":76.140625},{""pid"":43932,""name"":""cmd.exe"",""cpu_percent"":0.0,""ws_mb"":8.13671875,""private_mb"":5.61328125},{""pid"":12684,""name"":""powershell.exe"",""cpu_percent"":1.9479078198258941,""ws_mb"":129.375,""private_mb"":109.34765625},{""pid"":43292,""name"":""electron.exe"",""cpu_percent"":0.0,""ws_mb"":82.23828125,""private_mb"":39.41015625},{""pid"":5676,""name"":""node.exe"",""cpu_percent"":0.0,""ws_mb"":66.71875,""private_mb"":69.7734375},{""pid"":44532,""name"":""conhost.exe"",""cpu_percent"":0.0,""ws_mb"":6.453125,""private_mb"":1.30859375},{""pid"":45452,""name"":""electron.exe"",""cpu_percent"":0.0,""ws_mb"":83.98828125,""private_mb"":69.47265625},{""pid"":43136,""name"":""electron.exe"",""cpu_percent"":0.0,""ws_mb"":38.79296875,""private_mb"":13.24609375},{""pid"":43860,""name"":""node.exe"",""cpu_percent"":0.0,""ws_mb"":40.94140625,""private_mb"":19.203125}]"
"2026-10-01T20:04:08.4139289Z","4.8859204","1.7322307720499637","587.765625","415.921875","173","4852","11","","0","52.99145299145299","1.015625","5676;6016;12684;40608;42440;43136;43292;43860;43932;44532;45452","[{""pid"":6016,""name"":""conhost.exe"",""cpu_percent"":0.0,""ws_mb"":9.578125,""private_mb"":1.76953125},{""pid"":42440,""name"":""cmd.exe"",""cpu_percent"":0.0,""ws_mb"":7.5,""private_mb"":6.765625},{""pid"":40608,""name"":""electron.exe"",""cpu_percent"":0.026649704185384055,""ws_mb"":110.60546875,""private_mb"":76.703125},{""pid"":43932,""name"":""cmd.exe"",""cpu_percent"":0.0,""ws_mb"":8.13671875,""private_mb"":5.61328125},{""pid"":12684,""name"":""powershell.exe"",""cpu_percent"":1.7055810678645795,""ws_mb"":132.8046875,""private_mb"":112.65625},{""pid"":43292,""name"":""electron.exe"",""cpu_percent"":0.0,""ws_mb"":82.23828125,""private_mb"":39.41015625},{""pid"":5676,""name"":""node.exe"",""cpu_percent"":0.0,""ws_mb"":66.71875,""private_mb"":69.7734375},{""pid"":44532,""name"":""conhost.exe"",""cpu_percent"":0.0,""ws_mb"":6.453125,""private_mb"":1.30859375},{""pid"":45452,""name"":""electron.exe"",""cpu_percent"":0.0,""ws_mb"":83.98828125,""private_mb"":69.47265625},{""pid"":43136,""name"":""electron.exe"",""cpu_percent"":0.0,""ws_mb"":38.80078125,""private_mb"":13.24609375},{""pid"":43860,""name"":""node.exe"",""cpu_percent"":0.0,""ws_mb"":40.94140625,""private_mb"":19.203125}]"
"2026-10-01T20:04:13.4079029Z","4.993974","1.9554817466010037","593.40625","421.5703125","171","5048","11","","0","54.505208333333336","1.171875","5676;6016;12684;40608;42440;43136;43292;43860;43932;44532;45452","[{""pid"":6016,""name"":""conhost.exe"",""cpu_percent"":0.0,""ws_mb"":9.55078125,""private_mb"":1.72265625},{""pid"":42440,""name"":""cmd.exe"",""cpu_percent"":0.0,""ws_mb"":7.5,""private_mb"":6.765625},{""pid"":40608,""name"":""electron.exe"",""cpu_percent"":0.07821926986404015,""ws_mb"":111.30859375,""private_mb"":77.39453125},{""pid"":43932,""name"":""cmd.exe"",""cpu_percent"":0.0,""ws_mb"":8.140625,""private_mb"":5.61328125},{""pid"":12684,""name"":""powershell.exe"",""cpu_percent"":1.8772624767369634,""ws_mb"":137.78515625,""private_mb"":117.69140625},{""pid"":43292,""name"":""electron.exe"",""cpu_percent"":0.0,""ws_mb"":82.23828125,""private_mb"":39.41015625},{""pid"":5676,""name"":""node.exe"",""cpu_percent"":0.0,""ws_mb"":66.69921875,""private_mb"":69.73828125},{""pid"":44532,""name"":""conhost.exe"",""cpu_percent"":0.0,""ws_mb"":6.453125,""private_mb"":1.30859375},{""pid"":45452,""name"":""electron.exe"",""cpu_percent"":0.0,""ws_mb"":83.98828125,""private_mb"":69.47265625},{""pid"":43136,""name"":""electron.exe"",""cpu_percent"":0.0,""ws_mb"":38.80078125,""private_mb"":13.25},{""pid"":43860,""name"":""node.exe"",""cpu_percent"":0.0,""ws_mb"":40.94140625,""private_mb"":19.203125}]"
"2026-10-01T20:04:18.4378349Z","5.029932","1.7344088018154784","582.76171875","410.921875","171","4883","11","","0","52.56211180124224","1.046875","5676;6016;12684;40608;42440;43136;43292;43860;43932;44532;45452","[{""pid"":6016,""name"":""conhost.exe"",""cpu_percent"":0.0,""ws_mb"":9.55078125,""private_mb"":1.72265625},{""pid"":42440,""name"":""cmd.exe"",""cpu_percent"":0.0,""ws_mb"":7.5,""private_mb"":6.765625},{""pid"":40608,""name"":""electron.exe"",""cpu_percent"":0.0,""ws_mb"":112.1015625,""private_mb"":78.2421875},{""pid"":43932,""name"":""cmd.exe"",""cpu_percent"":0.0,""ws_mb"":8.140625,""private_mb"":5.61328125},{""pid"":12684,""name"":""powershell.exe"",""cpu_percent"":1.7344088018154784,""ws_mb"":126.34765625,""private_mb"":106.1953125},{""pid"":43292,""name"":""electron.exe"",""cpu_percent"":0.0,""ws_mb"":82.23828125,""private_mb"":39.41015625},{""pid"":5676,""name"":""node.exe"",""cpu_percent"":0.0,""ws_mb"":66.69921875,""private_mb"":69.73828125},{""pid"":44532,""name"":""conhost.exe"",""cpu_percent"":0.0,""ws_mb"":6.453125,""private_mb"":1.30859375},{""pid"":45452,""name"":""electron.exe"",""cpu_percent"":0.0,""ws_mb"":83.98828125,""private_mb"":69.47265625},{""pid"":43136,""name"":""electron.exe"",""cpu_percent"":0.0,""ws_mb"":38.80078125,""private_mb"":13.25},{""pid"":43860,""name"":""node.exe"",""cpu_percent"":0.0,""ws_mb"":40.94140625,""private_mb"":19.203125}]"
"2026-10-01T20:04:23.5817879Z","5.143953","1.9490927826647457","584.1640625","411.14453125","169","4754","11","","0","64.36170212765957","1.203125","5676;6016;12684;40608;42440;43136;43292;43860;43932;44532;45452","[{""pid"":6016,""name"":""conhost.exe"",""cpu_percent"":0.0,""ws_mb"":9.55078125,""private_mb"":1.72265625},{""pid"":42440,""name"":""cmd.exe"",""cpu_percent"":0.0,""ws_mb"":7.48828125,""private_mb"":5.76171875},{""pid"":40608,""name"":""electron.exe"",""cpu_percent"":0.05062578656272067,""ws_mb"":110.5625,""private_mb"":76.484375},{""pid"":43932,""name"":""cmd.exe"",""cpu_percent"":0.0,""ws_mb"":8.140625,""private_mb"":5.61328125},{""pid"":12684,""name"":""powershell.exe"",""cpu_percent"":1.898466996102025,""ws_mb"":129.3203125,""private_mb"":109.21484375},{""pid"":43292,""name"":""electron.exe"",""cpu_percent"":0.0,""ws_mb"":82.23828125,""private_mb"":39.41015625},{""pid"":5676,""name"":""node.exe"",""cpu_percent"":0.0,""ws_mb"":66.69921875,""private_mb"":69.73828125},{""pid"":44532,""name"":""conhost.exe"",""cpu_percent"":0.0,""ws_mb"":6.453125,""private_mb"":1.30859375},{""pid"":45452,""name"":""electron.exe"",""cpu_percent"":0.0,""ws_mb"":83.98828125,""private_mb"":69.47265625},{""pid"":43136,""name"":""electron.exe"",""cpu_percent"":0.0,""ws_mb"":38.80078125,""private_mb"":13.25},{""pid"":43860,""name"":""node.exe"",""cpu_percent"":0.0,""ws_mb"":40.921875,""private_mb"":19.16796875}]"
"2026-10-01T20:04:28.5233431Z","4.9415552","2.3978196850524576","587.15234375","414.046875","166","3956","11","","0","85.44303797468355","1.421875","5676;6016;12684;40608;42440;43136;43292;43860;43932;44532;45452","[{""pid"":6016,""name"":""conhost.exe"",""cpu_percent"":0.0,""ws_mb"":9.55078125,""private_mb"":1.72265625},{""pid"":42440,""name"":""cmd.exe"",""cpu_percent"":0.0,""ws_mb"":7.48828125,""private_mb"":5.76171875},{""pid"":40608,""name"":""electron.exe"",""cpu_percent"":0.05269933373741665,""ws_mb"":110.50390625,""private_mb"":76.4375},{""pid"":43932,""name"":""cmd.exe"",""cpu_percent"":0.0,""ws_mb"":8.140625,""private_mb"":5.61328125},{""pid"":12684,""name"":""powershell.exe"",""cpu_percent"":2.3451203513150407,""ws_mb"":132.390625,""private_mb"":112.26171875},{""pid"":43292,""name"":""electron.exe"",""cpu_percent"":0.0,""ws_mb"":82.24609375,""private_mb"":39.37890625},{""pid"":5676,""name"":""node.exe"",""cpu_percent"":0.0,""ws_mb"":66.69921875,""private_mb"":69.73828125},{""pid"":44532,""name"":""conhost.exe"",""cpu_percent"":0.0,""ws_mb"":6.4375,""private_mb"":1.2734375},{""pid"":45452,""name"":""electron.exe"",""cpu_percent"":0.0,""ws_mb"":83.98828125,""private_mb"":69.47265625},{""pid"":43136,""name"":""electron.exe"",""cpu_percent"":0.0,""ws_mb"":38.78515625,""private_mb"":13.21875},{""pid"":43860,""name"":""node.exe"",""cpu_percent"":0.0,""ws_mb"":40.921875,""private_mb"":19.16796875}]"
"2026-10-01T20:04:33.7342039Z","5.2108608","2.0490056716413023","590.8515625","417.734375","166","4497","11","","0","84.78043912175649","1.28125","5676;6016;12684;40608;42440;43136;43292;43860;43932;44532;45452","[{""pid"":6016,""name"":""conhost.exe"",""cpu_percent"":0.0,""ws_mb"":9.55078125,""private_mb"":1.72265625},{""pid"":42440,""name"":""cmd.exe"",""cpu_percent"":0.0,""ws_mb"":7.48828125,""private_mb"":5.76171875},{""pid"":40608,""name"":""electron.exe"",""cpu_percent"":0.07496362213321837,""ws_mb"":110.55859375,""private_mb"":76.484375},{""pid"":43932,""name"":""cmd.exe"",""cpu_percent"":0.0,""ws_mb"":8.140625,""private_mb"":5.61328125},{""pid"":12684,""name"":""powershell.exe"",""cpu_percent"":1.9740420495080837,""ws_mb"":136.03515625,""private_mb"":115.90234375},{""pid"":43292,""name"":""electron.exe"",""cpu_percent"":0.0,""ws_mb"":82.24609375,""private_mb"":39.37890625},{""pid"":5676,""name"":""node.exe"",""cpu_percent"":0.0,""ws_mb"":66.69921875,""private_mb"":69.73828125},{""pid"":44532,""name"":""conhost.exe"",""cpu_percent"":0.0,""ws_mb"":6.4375,""private_mb"":1.2734375},{""pid"":45452,""name"":""electron.exe"",""cpu_percent"":0.0,""ws_mb"":83.98828125,""private_mb"":69.47265625},{""pid"":43136,""name"":""electron.exe"",""cpu_percent"":0.0,""ws_mb"":38.78515625,""private_mb"":13.21875},{""pid"":43860,""name"":""node.exe"",""cpu_percent"":0.0,""ws_mb"":40.921875,""private_mb"":19.16796875}]"
"2026-10-01T20:04:38.4880501Z","4.7538462","1.752966541772709","583.3984375","410.37109375","166","4090","11","","0","81.22258771929825","1","5676;6016;12684;40608;42440;43136;43292;43860;43932;44532;45452","[{""pid"":6016,""name"":""conhost.exe"",""cpu_percent"":0.0,""ws_mb"":9.55078125,""private_mb"":1.72265625},{""pid"":42440,""name"":""cmd.exe"",""cpu_percent"":0.0,""ws_mb"":7.48828125,""private_mb"":5.76171875},{""pid"":40608,""name"":""electron.exe"",""cpu_percent"":0.027390102215198577,""ws_mb"":111.26953125,""private_mb"":77.3046875},{""pid"":43932,""name"":""cmd.exe"",""cpu_percent"":0.0,""ws_mb"":8.140625,""private_mb"":5.61328125},{""pid"":12684,""name"":""powershell.exe"",""cpu_percent"":1.7255764395575104,""ws_mb"":127.87109375,""private_mb"":107.71875},{""pid"":43292,""name"":""electron.exe"",""cpu_percent"":0.0,""ws_mb"":82.24609375,""private_mb"":39.37890625},{""pid"":5676,""name"":""node.exe"",""cpu_percent"":0.0,""ws_mb"":66.69921875,""private_mb"":69.73828125},{""pid"":44532,""name"":""conhost.exe"",""cpu_percent"":0.0,""ws_mb"":6.4375,""private_mb"":1.2734375},{""pid"":45452,""name"":""electron.exe"",""cpu_percent"":0.0,""ws_mb"":83.98828125,""private_mb"":69.47265625},{""pid"":43136,""name"":""electron.exe"",""cpu_percent"":0.0,""ws_mb"":38.78515625,""private_mb"":13.21875},{""pid"":43860,""name"":""node.exe"",""cpu_percent"":0.0,""ws_mb"":40.921875,""private_mb"":19.16796875}]"
"2026-10-01T20:04:43.3592749Z","4.8712248","1.550345887000192","582.53515625","409.38671875","166","4043","11","","0","43.05555555555556","0.90625","5676;6016;12684;40608;42440;43136;43292;43860;43932;44532;45452","[{""pid"":6016,""name"":""conhost.exe"",""cpu_percent"":0.0,""ws_mb"":9.55078125,""private_mb"":1.72265625},{""pid"":42440,""name"":""cmd.exe"",""cpu_percent"":0.0,""ws_mb"":7.48828125,""private_mb"":5.76171875},{""pid"":40608,""name"":""electron.exe"",""cpu_percent"":0.026730101500003312,""ws_mb"":110.3984375,""private_mb"":76.32421875},{""pid"":43932,""name"":""cmd.exe"",""cpu_percent"":0.0,""ws_mb"":8.140625,""private_mb"":5.61328125},{""pid"":12684,""name"":""powershell.exe"",""cpu_percent"":1.5236157855001886,""ws_mb"":127.875,""private_mb"":107.71484375},{""pid"":43292,""name"":""electron.exe"",""cpu_percent"":0.0,""ws_mb"":82.24609375,""private_mb"":39.37890625},{""pid"":5676,""name"":""node.exe"",""cpu_percent"":0.0,""ws_mb"":66.69921875,""private_mb"":69.73828125},{""pid"":44532,""name"":""conhost.exe"",""cpu_percent"":0.0,""ws_mb"":6.4375,""private_mb"":1.2734375},{""pid"":45452,""name"":""electron.exe"",""cpu_percent"":0.0,""ws_mb"":83.98828125,""private_mb"":69.47265625},{""pid"":43136,""name"":""electron.exe"",""cpu_percent"":0.0,""ws_mb"":38.7890625,""private_mb"":13.21875},{""pid"":43860,""name"":""node.exe"",""cpu_percent"":0.0,""ws_mb"":40.921875,""private_mb"":19.16796875}]"
"2026-10-01T20:04:48.4313193Z","5.0720444","1.642992978005739","590.95703125","417.9453125","166","3947","11","","0","39.120370370370374","1","5676;6016;12684;40608;42440;43136;43292;43860;43932;44532;45452","[{""pid"":6016,""name"":""conhost.exe"",""cpu_percent"":0.0,""ws_mb"":9.55078125,""private_mb"":1.72265625},{""pid"":42440,""name"":""cmd.exe"",""cpu_percent"":0.0,""ws_mb"":7.48828125,""private_mb"":5.76171875},{""pid"":40608,""name"":""electron.exe"",""cpu_percent"":0.0,""ws_mb"":111.2109375,""private_mb"":77.23046875},{""pid"":43932,""name"":""cmd.exe"",""cpu_percent"":0.0,""ws_mb"":8.140625,""private_mb"":5.61328125},{""pid"":12684,""name"":""powershell.exe"",""cpu_percent"":1.642992978005739,""ws_mb"":135.484375,""private_mb"":115.3671875},{""pid"":43292,""name"":""electron.exe"",""cpu_percent"":0.0,""ws_mb"":82.24609375,""private_mb"":39.37890625},{""pid"":5676,""name"":""node.exe"",""cpu_percent"":0.0,""ws_mb"":66.69921875,""private_mb"":69.73828125},{""pid"":44532,""name"":""conhost.exe"",""cpu_percent"":0.0,""ws_mb"":6.4375,""private_mb"":1.2734375},{""pid"":45452,""name"":""electron.exe"",""cpu_percent"":0.0,""ws_mb"":83.98828125,""private_mb"":69.47265625},{""pid"":43136,""name"":""electron.exe"",""cpu_percent"":0.0,""ws_mb"":38.7890625,""private_mb"":13.21875},{""pid"":43860,""name"":""node.exe"",""cpu_percent"":0.0,""ws_mb"":40.921875,""private_mb"":19.16796875}]"
"2026-10-01T20:04:53.5998966Z","5.1685773","1.8894222593904129","593.875","420.8984375","166","4036","11","","0","70.29204431017119","1.171875","5676;6016;12684;40608;42440;43136;43292;43860;43932;44532;45452","[{""pid"":6016,""name"":""conhost.exe"",""cpu_percent"":0.0,""ws_mb"":9.55078125,""private_mb"":1.72265625},{""pid"":42440,""name"":""cmd.exe"",""cpu_percent"":0.0,""ws_mb"":7.48828125,""private_mb"":5.76171875},{""pid"":40608,""name"":""electron.exe"",""cpu_percent"":0.02519229679187217,""ws_mb"":111.1796875,""private_mb"":77.19921875},{""pid"":43932,""name"":""cmd.exe"",""cpu_percent"":0.0,""ws_mb"":8.140625,""private_mb"":5.61328125},{""pid"":12684,""name"":""powershell.exe"",""cpu_percent"":1.8390376658066685,""ws_mb"":138.43359375,""private_mb"":118.3515625},{""pid"":43292,""name"":""electron.exe"",""cpu_percent"":0.02519229679187217,""ws_mb"":82.24609375,""private_mb"":39.37890625},{""pid"":5676,""name"":""node.exe"",""cpu_percent"":0.0,""ws_mb"":66.69921875,""private_mb"":69.73828125},{""pid"":44532,""name"":""conhost.exe"",""cpu_percent"":0.0,""ws_mb"":6.4375,""private_mb"":1.2734375},{""pid"":45452,""name"":""electron.exe"",""cpu_percent"":0.0,""ws_mb"":83.98828125,""private_mb"":69.47265625},{""pid"":43136,""name"":""electron.exe"",""cpu_percent"":0.0,""ws_mb"":38.7890625,""private_mb"":13.21875},{""pid"":43860,""name"":""node.exe"",""cpu_percent"":0.0,""ws_mb"":40.921875,""private_mb"":19.16796875}]"
"2026-10-01T20:04:58.3920445Z","4.7921479","2.418235394334692","579.8359375","406.6796875","166","4047","11","","0","68.89250814332247","1.390625","5676;6016;12684;40608;42440;43136;43292;43860;43932;44532;45452","[{""pid"":6016,""name"":""conhost.exe"",""cpu_percent"":0.0,""ws_mb"":9.55078125,""private_mb"":1.72265625},{""pid"":42440,""name"":""cmd.exe"",""cpu_percent"":0.0,""ws_mb"":7.48828125,""private_mb"":5.76171875},{""pid"":40608,""name"":""electron.exe"",""cpu_percent"":0.054342368412015556,""ws_mb"":110.265625,""private_mb"":76.1875},{""pid"":43932,""name"":""cmd.exe"",""cpu_percent"":0.0,""ws_mb"":8.140625,""private_mb"":5.61328125},{""pid"":12684,""name"":""powershell.exe"",""cpu_percent"":2.3638930259226765,""ws_mb"":125.30859375,""private_mb"":105.14453125},{""pid"":43292,""name"":""electron.exe"",""cpu_percent"":0.0,""ws_mb"":82.24609375,""private_mb"":39.37890625},{""pid"":5676,""name"":""node.exe"",""cpu_percent"":0.0,""ws_mb"":66.69921875,""private_mb"":69.73828125},{""pid"":44532,""name"":""conhost.exe"",""cpu_percent"":0.0,""ws_mb"":6.4375,""private_mb"":1.2734375},{""pid"":45452,""name"":""electron.exe"",""cpu_percent"":0.0,""ws_mb"":83.98828125,""private_mb"":69.47265625},{""pid"":43136,""name"":""electron.exe"",""cpu_percent"":0.0,""ws_mb"":38.7890625,""private_mb"":13.21875},{""pid"":43860,""name"":""node.exe"",""cpu_percent"":0.0,""ws_mb"":40.921875,""private_mb"":19.16796875}]"
"2026-10-01T20:05:03.3621638Z","4.9701193","1.9910655531615373","585.84765625","412.75390625","166","3982","11","","0","74.84276729559748","1.1875","5676;6016;12684;40608;42440;43136;43292;43860;43932;44532;45452","[{""pid"":6016,""name"":""conhost.exe"",""cpu_percent"":0.0,""ws_mb"":9.55078125,""private_mb"":1.72265625},{""pid"":42440,""name"":""cmd.exe"",""cpu_percent"":0.0,""ws_mb"":7.48828125,""private_mb"":5.76171875},{""pid"":40608,""name"":""electron.exe"",""cpu_percent"":0.02619823096265181,""ws_mb"":110.55859375,""private_mb"":76.48828125},{""pid"":43932,""name"":""cmd.exe"",""cpu_percent"":0.0,""ws_mb"":8.140625,""private_mb"":5.61328125},{""pid"":12684,""name"":""powershell.exe"",""cpu_percent"":1.9648673221988855,""ws_mb"":131.02734375,""private_mb"":110.91796875},{""pid"":43292,""name"":""electron.exe"",""cpu_percent"":0.0,""ws_mb"":82.24609375,""private_mb"":39.37890625},{""pid"":5676,""name"":""node.exe"",""cpu_percent"":0.0,""ws_mb"":66.69921875,""private_mb"":69.73828125},{""pid"":44532,""name"":""conhost.exe"",""cpu_percent"":0.0,""ws_mb"":6.4375,""private_mb"":1.2734375},{""pid"":45452,""name"":""electron.exe"",""cpu_percent"":0.0,""ws_mb"":83.98828125,""private_mb"":69.47265625},{""pid"":43136,""name"":""electron.exe"",""cpu_percent"":0.0,""ws_mb"":38.7890625,""private_mb"":13.21875},{""pid"":43860,""name"":""node.exe"",""cpu_percent"":0.0,""ws_mb"":40.921875,""private_mb"":19.16796875}]"
"2026-10-01T20:05:08.2917388Z","4.929575","1.241444073102989","589.953125","416.8359375","166","4050","11","","0","21.21693121693122","0.734375","5676;6016;12684;40608;42440;43136;43292;43860;43932;44532;45452","[{""pid"":6016,""name"":""conhost.exe"",""cpu_percent"":0.0,""ws_mb"":9.55078125,""private_mb"":1.72265625},{""pid"":42440,""name"":""cmd.exe"",""cpu_percent"":0.0,""ws_mb"":7.48828125,""private_mb"":5.76171875},{""pid"":40608,""name"":""electron.exe"",""cpu_percent"":0.0,""ws_mb"":110.265625,""private_mb"":76.18359375},{""pid"":43932,""name"":""cmd.exe"",""cpu_percent"":0.0,""ws_mb"":8.140625,""private_mb"":5.61328125},{""pid"":12684,""name"":""powershell.exe"",""cpu_percent"":1.241444073102989,""ws_mb"":135.42578125,""private_mb"":115.3046875},{""pid"":43292,""name"":""electron.exe"",""cpu_percent"":0.0,""ws_mb"":82.24609375,""private_mb"":39.37890625},{""pid"":5676,""name"":""node.exe"",""cpu_percent"":0.0,""ws_mb"":66.69921875,""private_mb"":69.73828125},{""pid"":44532,""name"":""conhost.exe"",""cpu_percent"":0.0,""ws_mb"":6.4375,""private_mb"":1.2734375},{""pid"":45452,""name"":""electron.exe"",""cpu_percent"":0.0,""ws_mb"":83.98828125,""private_mb"":69.47265625},{""pid"":43136,""name"":""electron.exe"",""cpu_percent"":0.0,""ws_mb"":38.7890625,""private_mb"":13.21875},{""pid"":43860,""name"":""node.exe"",""cpu_percent"":0.0,""ws_mb"":40.921875,""private_mb"":19.16796875}]"
"2026-10-01T20:05:13.3773760Z","5.0856372","1.9458394187720143","591.26953125","418.17578125","166","4276","11","","0","32.668711656441715","1.1875","5676;6016;12684;40608;42440;43136;43292;43860;43932;44532;45452","[{""pid"":6016,""name"":""conhost.exe"",""cpu_percent"":0.0,""ws_mb"":9.55078125,""private_mb"":1.72265625},{""pid"":42440,""name"":""cmd.exe"",""cpu_percent"":0.0,""ws_mb"":7.48828125,""private_mb"":5.76171875},{""pid"":40608,""name"":""electron.exe"",""cpu_percent"":0.02560315024700019,""ws_mb"":110.90625,""private_mb"":76.85546875},{""pid"":43932,""name"":""cmd.exe"",""cpu_percent"":0.0,""ws_mb"":8.140625,""private_mb"":5.61328125},{""pid"":12684,""name"":""powershell.exe"",""cpu_percent"":1.920236268525014,""ws_mb"":136.1015625,""private_mb"":115.97265625},{""pid"":43292,""name"":""electron.exe"",""cpu_percent"":0.0,""ws_mb"":82.24609375,""private_mb"":39.37890625},{""pid"":5676,""name"":""node.exe"",""cpu_percent"":0.0,""ws_mb"":66.69921875,""private_mb"":69.73828125},{""pid"":44532,""name"":""conhost.exe"",""cpu_percent"":0.0,""ws_mb"":6.4375,""private_mb"":1.2734375},{""pid"":45452,""name"":""electron.exe"",""cpu_percent"":0.0,""ws_mb"":83.98828125,""private_mb"":69.47265625},{""pid"":43136,""name"":""electron.exe"",""cpu_percent"":0.0,""ws_mb"":38.7890625,""private_mb"":13.21875},{""pid"":43860,""name"":""node.exe"",""cpu_percent"":0.0,""ws_mb"":40.921875,""private_mb"":19.16796875}]"
"2026-10-01T20:05:18.3875457Z","5.0101697","1.6892724545171927","583.34765625","410.30859375","166","4886","11","","0","46.20976116303219","1.015625","5676;6016;12684;40608;42440;43136;43292;43860;43932;44532;45452","[{""pid"":6016,""name"":""conhost.exe"",""cpu_percent"":0.0,""ws_mb"":9.55078125,""private_mb"":1.72265625},{""pid"":42440,""name"":""cmd.exe"",""cpu_percent"":0.0,""ws_mb"":7.48828125,""private_mb"":5.76171875},{""pid"":40608,""name"":""electron.exe"",""cpu_percent"":0.07796642097771658,""ws_mb"":111.3359375,""private_mb"":77.36328125},{""pid"":43932,""name"":""cmd.exe"",""cpu_percent"":0.0,""ws_mb"":8.140625,""private_mb"":5.61328125},{""pid"":12684,""name"":""powershell.exe"",""cpu_percent"":1.611306033539476,""ws_mb"":127.75,""private_mb"":107.59765625},{""pid"":43292,""name"":""electron.exe"",""cpu_percent"":0.0,""ws_mb"":82.24609375,""private_mb"":39.37890625},{""pid"":5676,""name"":""node.exe"",""cpu_percent"":0.0,""ws_mb"":66.69921875,""private_mb"":69.73828125},{""pid"":44532,""name"":""conhost.exe"",""cpu_percent"":0.0,""ws_mb"":6.4375,""private_mb"":1.2734375},{""pid"":45452,""name"":""electron.exe"",""cpu_percent"":0.0,""ws_mb"":83.98828125,""private_mb"":69.47265625},{""pid"":43136,""name"":""electron.exe"",""cpu_percent"":0.0,""ws_mb"":38.7890625,""private_mb"":13.21875},{""pid"":43860,""name"":""node.exe"",""cpu_percent"":0.0,""ws_mb"":40.921875,""private_mb"":19.16796875}]"
"2026-10-01T20:05:23.6586380Z","5.2710923","2.050294521814134","585.4375","412.3359375","166","4802","11","","0","88.6003956478734","1.296875","5676;6016;12684;40608;42440;43136;43292;43860;43932;44532;45452","[{""pid"":6016,""name"":""conhost.exe"",""cpu_percent"":0.0,""ws_mb"":9.55078125,""private_mb"":1.72265625},{""pid"":42440,""name"":""cmd.exe"",""cpu_percent"":0.0,""ws_mb"":7.48828125,""private_mb"":5.76171875},{""pid"":40608,""name"":""electron.exe"",""cpu_percent"":0.02470234363631487,""ws_mb"":110.421875,""private_mb"":76.359375},{""pid"":43932,""name"":""cmd.exe"",""cpu_percent"":0.0,""ws_mb"":8.140625,""private_mb"":5.61328125},{""pid"":12684,""name"":""powershell.exe"",""cpu_percent"":2.0255921781778197,""ws_mb"":130.75390625,""private_mb"":110.62890625},{""pid"":43292,""name"":""electron.exe"",""cpu_percent"":0.0,""ws_mb"":82.24609375,""private_mb"":39.37890625},{""pid"":5676,""name"":""node.exe"",""cpu_percent"":0.0,""ws_mb"":66.69921875,""private_mb"":69.73828125},{""pid"":44532,""name"":""conhost.exe"",""cpu_percent"":0.0,""ws_mb"":6.4375,""private_mb"":1.2734375},{""pid"":45452,""name"":""electron.exe"",""cpu_percent"":0.0,""ws_mb"":83.98828125,""private_mb"":69.47265625},{""pid"":43136,""name"":""electron.exe"",""cpu_percent"":0.0,""ws_mb"":38.7890625,""private_mb"":13.21875},{""pid"":43860,""name"":""node.exe"",""cpu_percent"":0.0,""ws_mb"":40.921875,""private_mb"":19.16796875}]"
"2026-10-01T20:05:28.3798652Z","4.7212272","1.6547604402516363","585.21484375","412.234375","166","4493","11","","0","60.95474613686534","0.9375","5676;6016;12684;40608;42440;43136;43292;43860;43932;44532;45452","[{""pid"":6016,""name"":""conhost.exe"",""cpu_percent"":0.0,""ws_mb"":9.55078125,""private_mb"":1.72265625},{""pid"":42440,""name"":""cmd.exe"",""cpu_percent"":0.0,""ws_mb"":7.48828125,""private_mb"":5.76171875},{""pid"":40608,""name"":""electron.exe"",""cpu_percent"":0.0,""ws_mb"":110.1796875,""private_mb"":76.21875},{""pid"":43932,""name"":""cmd.exe"",""cpu_percent"":0.0,""ws_mb"":8.140625,""private_mb"":5.61328125},{""pid"":12684,""name"":""powershell.exe"",""cpu_percent"":1.6547604402516363,""ws_mb"":130.7734375,""private_mb"":110.66796875},{""pid"":43292,""name"":""electron.exe"",""cpu_percent"":0.0,""ws_mb"":82.24609375,""private_mb"":39.37890625},{""pid"":5676,""name"":""node.exe"",""cpu_percent"":0.0,""ws_mb"":66.69921875,""private_mb"":69.73828125},{""pid"":44532,""name"":""conhost.exe"",""cpu_percent"":0.0,""ws_mb"":6.4375,""private_mb"":1.2734375},{""pid"":45452,""name"":""electron.exe"",""cpu_percent"":0.0,""ws_mb"":83.98828125,""private_mb"":69.47265625},{""pid"":43136,""name"":""electron.exe"",""cpu_percent"":0.0,""ws_mb"":38.7890625,""private_mb"":13.21875},{""pid"":43860,""name"":""node.exe"",""cpu_percent"":0.0,""ws_mb"":40.921875,""private_mb"":19.16796875}]"
"2026-10-01T20:05:33.5854274Z","5.2055622","2.1261312242764734","591.0703125","416.91796875","154","4865","11","","0","58.18318318318318","1.328125","5676;6016;12684;40608;42440;43136;43292;43860;43932;44532;45452","[{""pid"":6016,""name"":""conhost.exe"",""cpu_percent"":0.0,""ws_mb"":9.55078125,""private_mb"":1.72265625},{""pid"":42440,""name"":""cmd.exe"",""cpu_percent"":0.0,""ws_mb"":7.4765625,""private_mb"":4.75390625},{""pid"":40608,""name"":""electron.exe"",""cpu_percent"":0.025013308520899686,""ws_mb"":110.11328125,""private_mb"":76.08984375},{""pid"":43932,""name"":""cmd.exe"",""cpu_percent"":0.0,""ws_mb"":8.140625,""private_mb"":5.61328125},{""pid"":12684,""name"":""powershell.exe"",""cpu_percent"":2.101117915755574,""ws_mb"":136.7890625,""private_mb"":116.6640625},{""pid"":43292,""name"":""electron.exe"",""cpu_percent"":0.0,""ws_mb"":82.2265625,""private_mb"":39.34375},{""pid"":5676,""name"":""node.exe"",""cpu_percent"":0.0,""ws_mb"":66.69921875,""private_mb"":69.73828125},{""pid"":44532,""name"":""conhost.exe"",""cpu_percent"":0.0,""ws_mb"":6.4140625,""private_mb"":1.23046875},{""pid"":45452,""name"":""electron.exe"",""cpu_percent"":0.0,""ws_mb"":83.97265625,""private_mb"":69.44140625},{""pid"":43136,""name"":""electron.exe"",""cpu_percent"":0.0,""ws_mb"":38.77734375,""private_mb"":13.18359375},{""pid"":43860,""name"":""node.exe"",""cpu_percent"":0.0,""ws_mb"":40.91015625,""private_mb"":19.13671875}]"
"2026-10-01T20:05:38.6171293Z","5.0317019","1.3973900162885247","577.46875","403.328125","154","4058","11","","0","80.33126293995859","0.84375","5676;6016;12684;40608;42440;43136;43292;43860;43932;44532;45452","[{""pid"":6016,""name"":""conhost.exe"",""cpu_percent"":0.0,""ws_mb"":9.55078125,""private_mb"":1.72265625},{""pid"":42440,""name"":""cmd.exe"",""cpu_percent"":0.0,""ws_mb"":7.4765625,""private_mb"":4.75390625},{""pid"":40608,""name"":""electron.exe"",""cpu_percent"":0.0,""ws_mb"":111.22265625,""private_mb"":77.26171875},{""pid"":43932,""name"":""cmd.exe"",""cpu_percent"":0.0,""ws_mb"":8.140625,""private_mb"":5.61328125},{""pid"":12684,""name"":""powershell.exe"",""cpu_percent"":1.3973900162885247,""ws_mb"":122.078125,""private_mb"":101.90234375},{""pid"":43292,""name"":""electron.exe"",""cpu_percent"":0.0,""ws_mb"":82.2265625,""private_mb"":39.34375},{""pid"":5676,""name"":""node.exe"",""cpu_percent"":0.0,""ws_mb"":66.69921875,""private_mb"":69.73828125},{""pid"":44532,""name"":""conhost.exe"",""cpu_percent"":0.0,""ws_mb"":6.4140625,""private_mb"":1.23046875},{""pid"":45452,""name"":""electron.exe"",""cpu_percent"":0.0,""ws_mb"":83.97265625,""private_mb"":69.44140625},{""pid"":43136,""name"":""electron.exe"",""cpu_percent"":0.0,""ws_mb"":38.77734375,""private_mb"":13.18359375},{""pid"":43860,""name"":""node.exe"",""cpu_percent"":0.0,""ws_mb"":40.91015625,""private_mb"":19.13671875}]"
"2026-10-01T20:05:43.4636559Z","4.8465266","2.283637179115727","585.53125","411.2734375","154","4559","11","","0","78.49087003222341","1.328125","5676;6016;12684;40608;42440;43136;43292;43860;43932;44532;45452","[{""pid"":6016,""name"":""conhost.exe"",""cpu_percent"":0.0,""ws_mb"":9.55078125,""private_mb"":1.72265625},{""pid"":42440,""name"":""cmd.exe"",""cpu_percent"":0.0,""ws_mb"":7.4765625,""private_mb"":4.75390625},{""pid"":40608,""name"":""electron.exe"",""cpu_percent"":0.05373263950860534,""ws_mb"":110.33203125,""private_mb"":76.2265625},{""pid"":43932,""name"":""cmd.exe"",""cpu_percent"":0.0,""ws_mb"":8.140625,""private_mb"":5.61328125},{""pid"":12684,""name"":""powershell.exe"",""cpu_percent"":2.2299045396071215,""ws_mb"":131.03125,""private_mb"":110.8828125},{""pid"":43292,""name"":""electron.exe"",""cpu_percent"":0.0,""ws_mb"":82.2265625,""private_mb"":39.34375},{""pid"":5676,""name"":""node.exe"",""cpu_percent"":0.0,""ws_mb"":66.69921875,""private_mb"":69.73828125},{""pid"":44532,""name"":""conhost.exe"",""cpu_percent"":0.0,""ws_mb"":6.4140625,""private_mb"":1.23046875},{""pid"":45452,""name"":""electron.exe"",""cpu_percent"":0.0,""ws_mb"":83.97265625,""private_mb"":69.44140625},{""pid"":43136,""name"":""electron.exe"",""cpu_percent"":0.0,""ws_mb"":38.77734375,""private_mb"":13.18359375},{""pid"":43860,""name"":""node.exe"",""cpu_percent"":0.0,""ws_mb"":40.91015625,""private_mb"":19.13671875}]"
"2026-10-01T20:05:49.1063448Z","5.6426889","1.984500096517224","588.0234375","413.86328125","155","3838","11","","0","76.22119815668202","1.34375","5676;6016;12684;40608;42440;43136;43292;43860;43932;44532;45452","[{""pid"":6016,""name"":""conhost.exe"",""cpu_percent"":0.0,""ws_mb"":9.55078125,""private_mb"":1.72265625},{""pid"":42440,""name"":""cmd.exe"",""cpu_percent"":0.0,""ws_mb"":7.4765625,""private_mb"":4.75390625},{""pid"":40608,""name"":""electron.exe"",""cpu_percent"":0.023075582517642138,""ws_mb"":111.25390625,""private_mb"":77.24609375},{""pid"":43932,""name"":""cmd.exe"",""cpu_percent"":0.0,""ws_mb"":8.140625,""private_mb"":5.61328125},{""pid"":12684,""name"":""powershell.exe"",""cpu_percent"":1.9614245139995816,""ws_mb"":132.6015625,""private_mb"":112.453125},{""pid"":43292,""name"":""electron.exe"",""cpu_percent"":0.0,""ws_mb"":82.2265625,""private_mb"":39.34375},{""pid"":5676,""name"":""node.exe"",""cpu_percent"":0.0,""ws_mb"":66.69921875,""private_mb"":69.73828125},{""pid"":44532,""name"":""conhost.exe"",""cpu_percent"":0.0,""ws_mb"":6.4140625,""private_mb"":1.23046875},{""pid"":45452,""name"":""electron.exe"",""cpu_percent"":0.0,""ws_mb"":83.97265625,""private_mb"":69.44140625},{""pid"":43136,""name"":""electron.exe"",""cpu_percent"":0.0,""ws_mb"":38.77734375,""private_mb"":13.18359375},{""pid"":43860,""name"":""node.exe"",""cpu_percent"":0.0,""ws_mb"":40.91015625,""private_mb"":19.13671875}]"
"2026-10-01T20:05:54.1059955Z","4.9996507","2.1355658572974576","585.7421875","411.671875","154","4730","11","","0","88.46354166666667","1.28125","5676;6016;12684;40608;42440;43136;43292;43860;43932;44532;45452","[{""pid"":6016,""name"":""conhost.exe"",""cpu_percent"":0.0,""ws_mb"":9.55078125,""private_mb"":1.72265625},{""pid"":42440,""name"":""cmd.exe"",""cpu_percent"":0.0,""ws_mb"":7.4765625,""private_mb"":4.75390625},{""pid"":40608,""name"":""electron.exe"",""cpu_percent"":0.0,""ws_mb"":109.7734375,""private_mb"":75.90234375},{""pid"":43932,""name"":""cmd.exe"",""cpu_percent"":0.0,""ws_mb"":8.140625,""private_mb"":5.61328125},{""pid"":12684,""name"":""powershell.exe"",""cpu_percent"":2.1355658572974576,""ws_mb"":131.80078125,""private_mb"":111.60546875},{""pid"":43292,""name"":""electron.exe"",""cpu_percent"":0.0,""ws_mb"":82.2265625,""private_mb"":39.34375},{""pid"":5676,""name"":""node.exe"",""cpu_percent"":0.0,""ws_mb"":66.69921875,""private_mb"":69.73828125},{""pid"":44532,""name"":""conhost.exe"",""cpu_percent"":0.0,""ws_mb"":6.4140625,""private_mb"":1.23046875},{""pid"":45452,""name"":""electron.exe"",""cpu_percent"":0.0,""ws_mb"":83.97265625,""private_mb"":69.44140625},{""pid"":43136,""name"":""electron.exe"",""cpu_percent"":0.0,""ws_mb"":38.77734375,""private_mb"":13.18359375},{""pid"":43860,""name"":""node.exe"",""cpu_percent"":0.0,""ws_mb"":40.91015625,""private_mb"":19.13671875}]"
"2026-10-01T20:05:58.8854675Z","4.779472","2.124973218799064","577.89453125","403.72265625","154","3834","11","","0","95.15118496322528","1.21875","5676;6016;12684;40608;42440;43136;43292;43860;43932;44532;45452","[{""pid"":6016,""name"":""conhost.exe"",""cpu_percent"":0.0,""ws_mb"":9.55078125,""private_mb"":1.72265625},{""pid"":42440,""name"":""cmd.exe"",""cpu_percent"":0.0,""ws_mb"":7.4765625,""private_mb"":4.75390625},{""pid"":40608,""name"":""electron.exe"",""cpu_percent"":0.054486492789719586,""ws_mb"":110.19921875,""private_mb"":76.2265625},{""pid"":43932,""name"":""cmd.exe"",""cpu_percent"":0.0,""ws_mb"":8.140625,""private_mb"":5.61328125},{""pid"":12684,""name"":""powershell.exe"",""cpu_percent"":2.0704867260093445,""ws_mb"":123.52734375,""private_mb"":103.33203125},{""pid"":43292,""name"":""electron.exe"",""cpu_percent"":0.0,""ws_mb"":82.2265625,""private_mb"":39.34375},{""pid"":5676,""name"":""node.exe"",""cpu_percent"":0.0,""ws_mb"":66.69921875,""private_mb"":69.73828125},{""pid"":44532,""name"":""conhost.exe"",""cpu_percent"":0.0,""ws_mb"":6.4140625,""private_mb"":1.23046875},{""pid"":45452,""name"":""electron.exe"",""cpu_percent"":0.0,""ws_mb"":83.97265625,""private_mb"":69.44140625},{""pid"":43136,""name"":""electron.exe"",""cpu_percent"":0.0,""ws_mb"":38.77734375,""private_mb"":13.18359375},{""pid"":43860,""name"":""node.exe"",""cpu_percent"":0.0,""ws_mb"":40.91015625,""private_mb"":19.13671875}]"
"2026-10-01T20:06:03.8043647Z","4.9188972","2.223567510213468","581.27734375","407.21484375","154","4776","11","","0","85.43380206951446","1.3125","5676;6016;12684;40608;42440;43136;43292;43860;43932;44532;45452","[{""pid"":6016,""name"":""conhost.exe"",""cpu_percent"":0.0,""ws_mb"":9.55078125,""private_mb"":1.72265625},{""pid"":42440,""name"":""cmd.exe"",""cpu_percent"":0.0,""ws_mb"":7.4765625,""private_mb"":4.75390625},{""pid"":40608,""name"":""electron.exe"",""cpu_percent"":0.026471041788255573,""ws_mb"":111.1015625,""private_mb"":77.2265625},{""pid"":43932,""name"":""cmd.exe"",""cpu_percent"":0.0,""ws_mb"":8.140625,""private_mb"":5.61328125},{""pid"":12684,""name"":""powershell.exe"",""cpu_percent"":2.1970964684252126,""ws_mb"":126.0078125,""private_mb"":105.8203125},{""pid"":43292,""name"":""electron.exe"",""cpu_percent"":0.0,""ws_mb"":82.2265625,""private_mb"":39.34375},{""pid"":5676,""name"":""node.exe"",""cpu_percent"":0.0,""ws_mb"":66.69921875,""private_mb"":69.73828125},{""pid"":44532,""name"":""conhost.exe"",""cpu_percent"":0.0,""ws_mb"":6.4140625,""private_mb"":1.23046875},{""pid"":45452,""name"":""electron.exe"",""cpu_percent"":0.0,""ws_mb"":83.97265625,""private_mb"":69.4453125},{""pid"":43136,""name"":""electron.exe"",""cpu_percent"":0.0,""ws_mb"":38.77734375,""private_mb"":13.18359375},{""pid"":43860,""name"":""node.exe"",""cpu_percent"":0.0,""ws_mb"":40.91015625,""private_mb"":19.13671875}]"
"2026-10-01T20:06:09.1082760Z","5.3039113","1.3747716080143848","586.046875","411.765625","154","4131","11","","0","95.41666666666667","0.875","5676;6016;12684;40608;42440;43136;43292;43860;43932;44532;45452","[{""pid"":6016,""name"":""conhost.exe"",""cpu_percent"":0.0,""ws_mb"":9.55078125,""private_mb"":1.72265625},{""pid"":42440,""name"":""cmd.exe"",""cpu_percent"":0.0,""ws_mb"":7.4765625,""private_mb"":4.75390625},{""pid"":40608,""name"":""electron.exe"",""cpu_percent"":0.0,""ws_mb"":110.359375,""private_mb"":76.25},{""pid"":43932,""name"":""cmd.exe"",""cpu_percent"":0.0,""ws_mb"":8.140625,""private_mb"":5.61328125},{""pid"":12684,""name"":""powershell.exe"",""cpu_percent"":1.3747716080143848,""ws_mb"":131.51953125,""private_mb"":111.34765625},{""pid"":43292,""name"":""electron.exe"",""cpu_percent"":0.0,""ws_mb"":82.2265625,""private_mb"":39.34375},{""pid"":5676,""name"":""node.exe"",""cpu_percent"":0.0,""ws_mb"":66.69921875,""private_mb"":69.73828125},{""pid"":44532,""name"":""conhost.exe"",""cpu_percent"":0.0,""ws_mb"":6.4140625,""private_mb"":1.23046875},{""pid"":45452,""name"":""electron.exe"",""cpu_percent"":0.0,""ws_mb"":83.97265625,""private_mb"":69.4453125},{""pid"":43136,""name"":""electron.exe"",""cpu_percent"":0.0,""ws_mb"":38.77734375,""private_mb"":13.18359375},{""pid"":43860,""name"":""node.exe"",""cpu_percent"":0.0,""ws_mb"":40.91015625,""private_mb"":19.13671875}]"
"2026-10-01T20:06:14.2139279Z","5.1056519","2.601283883063003","589.2265625","414.9140625","154","3843","11","","0","97.70642201834862","1.59375","5676;6016;12684;40608;42440;43136;43292;43860;43932;44532;45452","[{""pid"":6016,""name"":""conhost.exe"",""cpu_percent"":0.0,""ws_mb"":9.55078125,""private_mb"":1.72265625},{""pid"":42440,""name"":""cmd.exe"",""cpu_percent"":0.0,""ws_mb"":7.4765625,""private_mb"":4.75390625},{""pid"":40608,""name"":""electron.exe"",""cpu_percent"":0.025502783167284347,""ws_mb"":110.44140625,""private_mb"":76.33203125},{""pid"":43932,""name"":""cmd.exe"",""cpu_percent"":0.0,""ws_mb"":8.140625,""private_mb"":5.61328125},{""pid"":12684,""name"":""powershell.exe"",""cpu_percent"":2.575781099895719,""ws_mb"":134.6171875,""private_mb"":114.4140625},{""pid"":43292,""name"":""electron.exe"",""cpu_percent"":0.0,""ws_mb"":82.2265625,""private_mb"":39.34375},{""pid"":5676,""name"":""node.exe"",""cpu_percent"":0.0,""ws_mb"":66.69921875,""private_mb"":69.73828125},{""pid"":44532,""name"":""conhost.exe"",""cpu_percent"":0.0,""ws_mb"":6.4140625,""private_mb"":1.23046875},{""pid"":45452,""name"":""electron.exe"",""cpu_percent"":0.0,""ws_mb"":83.97265625,""private_mb"":69.4453125},{""pid"":43136,""name"":""electron.exe"",""cpu_percent"":0.0,""ws_mb"":38.77734375,""private_mb"":13.18359375},{""pid"":43860,""name"":""node.exe"",""cpu_percent"":0.0,""ws_mb"":40.91015625,""private_mb"":19.13671875}]"
"2026-10-01T20:06:19.1883005Z","4.9743726","2.1987697503801784","589.1484375","414.8359375","155","3845","11","","0","98.87316561844864","1.3125","5676;6016;12684;40608;42440;43136;43292;43860;43932;44532;45452","[{""pid"":6016,""name"":""conhost.exe"",""cpu_percent"":0.0,""ws_mb"":9.55078125,""private_mb"":1.72265625},{""pid"":42440,""name"":""cmd.exe"",""cpu_percent"":0.0,""ws_mb"":7.4765625,""private_mb"":4.75390625},{""pid"":40608,""name"":""electron.exe"",""cpu_percent"":0.026175830361668793,""ws_mb"":110.35546875,""private_mb"":76.234375},{""pid"":43932,""name"":""cmd.exe"",""cpu_percent"":0.0,""ws_mb"":8.140625,""private_mb"":5.61328125},{""pid"":12684,""name"":""powershell.exe"",""cpu_percent"":2.17259392001851,""ws_mb"":134.625,""private_mb"":114.43359375},{""pid"":43292,""name"":""electron.exe"",""cpu_percent"":0.0,""ws_mb"":82.2265625,""private_mb"":39.34375},{""pid"":5676,""name"":""node.exe"",""cpu_percent"":0.0,""ws_mb"":66.69921875,""private_mb"":69.73828125},{""pid"":44532,""name"":""conhost.exe"",""cpu_percent"":0.0,""ws_mb"":6.4140625,""private_mb"":1.23046875},{""pid"":45452,""name"":""electron.exe"",""cpu_percent"":0.0,""ws_mb"":83.97265625,""private_mb"":69.4453125},{""pid"":43136,""name"":""electron.exe"",""cpu_percent"":0.0,""ws_mb"":38.77734375,""private_mb"":13.18359375},{""pid"":43860,""name"":""node.exe"",""cpu_percent"":0.0,""ws_mb"":40.91015625,""private_mb"":19.13671875}]"
"2026-10-01T20:06:23.6635060Z","4.4752055","1.8039208851228545","567.36328125","391.95703125","152","4056","11","","0","97.5574294853155","0.96875","5676;6016;12684;40608;42440;43136;43292;43860;43932;44532;45452","[{""pid"":6016,""name"":""conhost.exe"",""cpu_percent"":0.0,""ws_mb"":9.53125,""private_mb"":1.6875},{""pid"":42440,""name"":""cmd.exe"",""cpu_percent"":0.0,""ws_mb"":7.4765625,""private_mb"":4.75390625},{""pid"":40608,""name"":""electron.exe"",""cpu_percent"":0.08728649444142844,""ws_mb"":110.3125,""private_mb"":76.1875},{""pid"":43932,""name"":""cmd.exe"",""cpu_percent"":0.0,""ws_mb"":8.125,""private_mb"":4.60546875},{""pid"":12684,""name"":""powershell.exe"",""cpu_percent"":1.716634390681426,""ws_mb"":112.9140625,""private_mb"":92.64453125},{""pid"":43292,""name"":""electron.exe"",""cpu_percent"":0.0,""ws_mb"":82.2265625,""private_mb"":39.34375},{""pid"":5676,""name"":""node.exe"",""cpu_percent"":0.0,""ws_mb"":66.69921875,""private_mb"":69.73828125},{""pid"":44532,""name"":""conhost.exe"",""cpu_percent"":0.0,""ws_mb"":6.4140625,""private_mb"":1.23046875},{""pid"":45452,""name"":""electron.exe"",""cpu_percent"":0.0,""ws_mb"":83.9765625,""private_mb"":69.4453125},{""pid"":43136,""name"":""electron.exe"",""cpu_percent"":0.0,""ws_mb"":38.77734375,""private_mb"":13.18359375},{""pid"":43860,""name"":""node.exe"",""cpu_percent"":0.0,""ws_mb"":40.91015625,""private_mb"":19.13671875}]"
"2026-10-01T20:06:29.2088263Z","5.5453203","2.4419990071027398","581.9453125","406.62890625","151","4875","11","","0","89.09474671669794","1.625","5676;6016;12684;40608;42440;43136;43292;43860;43932;44532;45452","[{""pid"":6016,""name"":""conhost.exe"",""cpu_percent"":0.0,""ws_mb"":9.53125,""private_mb"":1.6875},{""pid"":42440,""name"":""cmd.exe"",""cpu_percent"":0.0,""ws_mb"":7.4765625,""private_mb"":4.75390625},{""pid"":40608,""name"":""electron.exe"",""cpu_percent"":0.02348075968368019,""ws_mb"":110.3203125,""private_mb"":76.19921875},{""pid"":43932,""name"":""cmd.exe"",""cpu_percent"":0.0,""ws_mb"":8.125,""private_mb"":4.60546875},{""pid"":12684,""name"":""powershell.exe"",""cpu_percent"":2.395037487735379,""ws_mb"":127.50390625,""private_mb"":107.3359375},{""pid"":43292,""name"":""electron.exe"",""cpu_percent"":0.0,""ws_mb"":82.2265625,""private_mb"":39.34375},{""pid"":5676,""name"":""node.exe"",""cpu_percent"":0.0,""ws_mb"":66.68359375,""private_mb"":69.70703125},{""pid"":44532,""name"":""conhost.exe"",""cpu_percent"":0.0,""ws_mb"":6.4140625,""private_mb"":1.23046875},{""pid"":45452,""name"":""electron.exe"",""cpu_percent"":0.0,""ws_mb"":83.9765625,""private_mb"":69.4453125},{""pid"":43136,""name"":""electron.exe"",""cpu_percent"":0.02348075968368019,""ws_mb"":38.77734375,""private_mb"":13.18359375},{""pid"":43860,""name"":""node.exe"",""cpu_percent"":0.0,""ws_mb"":40.91015625,""private_mb"":19.13671875}]"
"2026-10-01T20:06:34.0194548Z","4.8106285","1.786408990010349","584.9609375","409.58984375","151","3955","11","","0","98.26322930800542","1.03125","5676;6016;12684;40608;42440;43136;43292;43860;43932;44532;45452","[{""pid"":6016,""name"":""conhost.exe"",""cpu_percent"":0.0,""ws_mb"":9.53125,""private_mb"":1.6875},{""pid"":42440,""name"":""cmd.exe"",""cpu_percent"":0.0,""ws_mb"":7.4765625,""private_mb"":4.75390625},{""pid"":40608,""name"":""electron.exe"",""cpu_percent"":0.054133605757889364,""ws_mb"":110.1796875,""private_mb"":76.0546875},{""pid"":43932,""name"":""cmd.exe"",""cpu_percent"":0.0,""ws_mb"":8.125,""private_mb"":4.60546875},{""pid"":12684,""name"":""powershell.exe"",""cpu_percent"":1.7322753842524596,""ws_mb"":130.66015625,""private_mb"":110.44140625},{""pid"":43292,""name"":""electron.exe"",""cpu_percent"":0.0,""ws_mb"":82.2265625,""private_mb"":39.34375},{""pid"":5676,""name"":""node.exe"",""cpu_percent"":0.0,""ws_mb"":66.68359375,""private_mb"":69.70703125},{""pid"":44532,""name"":""conhost.exe"",""cpu_percent"":0.0,""ws_mb"":6.4140625,""private_mb"":1.23046875},{""pid"":45452,""name"":""electron.exe"",""cpu_percent"":0.0,""ws_mb"":83.9765625,""private_mb"":69.4453125},{""pid"":43136,""name"":""electron.exe"",""cpu_percent"":0.0,""ws_mb"":38.77734375,""private_mb"":13.18359375},{""pid"":43860,""name"":""node.exe"",""cpu_percent"":0.0,""ws_mb"":40.91015625,""private_mb"":19.13671875}]"
"2026-10-01T20:06:39.2016455Z","5.1821907","1.482440942720743","585.109375","409.7578125","151","3989","11","","0","93.19779116465864","0.921875","5676;6016;12684;40608;42440;43136;43292;43860;43932;44532;45452","[{""pid"":6016,""name"":""conhost.exe"",""cpu_percent"":0.0,""ws_mb"":9.53125,""private_mb"":1.6875},{""pid"":42440,""name"":""cmd.exe"",""cpu_percent"":0.0,""ws_mb"":7.4765625,""private_mb"":4.75390625},{""pid"":40608,""name"":""electron.exe"",""cpu_percent"":0.0,""ws_mb"":110.30078125,""private_mb"":76.19140625},{""pid"":43932,""name"":""cmd.exe"",""cpu_percent"":0.0,""ws_mb"":8.125,""private_mb"":4.60546875},{""pid"":12684,""name"":""powershell.exe"",""cpu_percent"":1.482440942720743,""ws_mb"":130.6875,""private_mb"":110.47265625},{""pid"":43292,""name"":""electron.exe"",""cpu_percent"":0.0,""ws_mb"":82.2265625,""private_mb"":39.34375},{""pid"":5676,""name"":""node.exe"",""cpu_percent"":0.0,""ws_mb"":66.68359375,""private_mb"":69.70703125},{""pid"":44532,""name"":""conhost.exe"",""cpu_percent"":0.0,""ws_mb"":6.4140625,""private_mb"":1.23046875},{""pid"":45452,""name"":""electron.exe"",""cpu_percent"":0.0,""ws_mb"":83.9765625,""private_mb"":69.4453125},{""pid"":43136,""name"":""electron.exe"",""cpu_percent"":0.0,""ws_mb"":38.77734375,""private_mb"":13.18359375},{""pid"":43860,""name"":""node.exe"",""cpu_percent"":0.0,""ws_mb"":40.91015625,""private_mb"":19.13671875}]"
"2026-10-01T20:06:43.9909417Z","4.7892962","2.6371741913422126","586.0546875","410.80859375","151","4572","11","","0","98.69281045751634","1.515625","5676;6016;12684;40608;42440;43136;43292;43860;43932;44532;45452","[{""pid"":6016,""name"":""conhost.exe"",""cpu_percent"":0.0,""ws_mb"":9.53125,""private_mb"":1.6875},{""pid"":42440,""name"":""cmd.exe"",""cpu_percent"":0.0,""ws_mb"":7.4765625,""private_mb"":4.75390625},{""pid"":40608,""name"":""electron.exe"",""cpu_percent"":0.0271873627973424,""ws_mb"":111.2421875,""private_mb"":77.22265625},{""pid"":43932,""name"":""cmd.exe"",""cpu_percent"":0.0,""ws_mb"":8.125,""private_mb"":4.60546875},{""pid"":12684,""name"":""powershell.exe"",""cpu_percent"":2.6099868285448706,""ws_mb"":130.69140625,""private_mb"":110.4921875},{""pid"":43292,""name"":""electron.exe"",""cpu_percent"":0.0,""ws_mb"":82.2265625,""private_mb"":39.34375},{""pid"":5676,""name"":""node.exe"",""cpu_percent"":0.0,""ws_mb"":66.68359375,""private_mb"":69.70703125},{""pid"":44532,""name"":""conhost.exe"",""cpu_percent"":0.0,""ws_mb"":6.4140625,""private_mb"":1.23046875},{""pid"":45452,""name"":""electron.exe"",""cpu_percent"":0.0,""ws_mb"":83.9765625,""private_mb"":69.4453125},{""pid"":43136,""name"":""electron.exe"",""cpu_percent"":0.0,""ws_mb"":38.77734375,""private_mb"":13.18359375},{""pid"":43860,""name"":""node.exe"",""cpu_percent"":0.0,""ws_mb"":40.91015625,""private_mb"":19.13671875}]"
"2026-10-01T20:06:48.6979792Z","4.7070375","2.0193610807930322","585.11328125","409.7265625","151","4059","11","","0","94.75717439293598","1.140625","5676;6016;12684;40608;42440;43136;43292;43860;43932;44532;45452","[{""pid"":6016,""name"":""conhost.exe"",""cpu_percent"":0.0,""ws_mb"":9.53125,""private_mb"":1.6875},{""pid"":42440,""name"":""cmd.exe"",""cpu_percent"":0.0,""ws_mb"":7.4765625,""private_mb"":4.75390625},{""pid"":40608,""name"":""electron.exe"",""cpu_percent"":0.11064992223523465,""ws_mb"":110.33203125,""private_mb"":76.19140625},{""pid"":43932,""name"":""cmd.exe"",""cpu_percent"":0.0,""ws_mb"":8.125,""private_mb"":4.60546875},{""pid"":12684,""name"":""powershell.exe"",""cpu_percent"":1.8533861974401804,""ws_mb"":130.66015625,""private_mb"":110.44140625},{""pid"":43292,""name"":""electron.exe"",""cpu_percent"":0.0,""ws_mb"":82.2265625,""private_mb"":39.34375},{""pid"":5676,""name"":""node.exe"",""cpu_percent"":0.0,""ws_mb"":66.68359375,""private_mb"":69.70703125},{""pid"":44532,""name"":""conhost.exe"",""cpu_percent"":0.0,""ws_mb"":6.4140625,""private_mb"":1.23046875},{""pid"":45452,""name"":""electron.exe"",""cpu_percent"":0.027662480558808662,""ws_mb"":83.9765625,""private_mb"":69.4453125},{""pid"":43136,""name"":""electron.exe"",""cpu_percent"":0.027662480558808662,""ws_mb"":38.77734375,""private_mb"":13.18359375},{""pid"":43860,""name"":""node.exe"",""cpu_percent"":0.0,""ws_mb"":40.91015625,""private_mb"":19.13671875}]"
"2026-10-01T20:06:54.1599398Z","5.4619606","2.669981422665944","594.90625","419.55078125","151","3854","11","","0","95.89302769818529","1.75","5676;6016;12684;40608;42440;43136;43292;43860;43932;44532;45452","[{""pid"":6016,""name"":""conhost.exe"",""cpu_percent"":0.0,""ws_mb"":9.53125,""private_mb"":1.6875},{""pid"":42440,""name"":""cmd.exe"",""cpu_percent"":0.0,""ws_mb"":7.4765625,""private_mb"":4.75390625},{""pid"":40608,""name"":""electron.exe"",""cpu_percent"":0.0,""ws_mb"":110.171875,""private_mb"":76.0390625},{""pid"":43932,""name"":""cmd.exe"",""cpu_percent"":0.0,""ws_mb"":8.125,""private_mb"":4.60546875},{""pid"":12684,""name"":""powershell.exe"",""cpu_percent"":2.669981422665944,""ws_mb"":140.61328125,""private_mb"":120.41796875},{""pid"":43292,""name"":""electron.exe"",""cpu_percent"":0.0,""ws_mb"":82.2265625,""private_mb"":39.34375},{""pid"":5676,""name"":""node.exe"",""cpu_percent"":0.0,""ws_mb"":66.68359375,""private_mb"":69.70703125},{""pid"":44532,""name"":""conhost.exe"",""cpu_percent"":0.0,""ws_mb"":6.4140625,""private_mb"":1.23046875},{""pid"":45452,""name"":""electron.exe"",""cpu_percent"":0.0,""ws_mb"":83.9765625,""private_mb"":69.4453125},{""pid"":43136,""name"":""electron.exe"",""cpu_percent"":0.0,""ws_mb"":38.77734375,""private_mb"":13.18359375},{""pid"":43860,""name"":""node.exe"",""cpu_percent"":0.0,""ws_mb"":40.91015625,""private_mb"":19.13671875}]"
"2026-10-01T20:06:59.2719684Z","5.1120286","1.5027873018289972","577.109375","401.76171875","151","3850","11","","0","97.70642201834862","0.921875","5676;6016;12684;40608;42440;43136;43292;43860;43932;44532;45452","[{""pid"":6016,""name"":""conhost.exe"",""cpu_percent"":0.0,""ws_mb"":9.53125,""private_mb"":1.6875},{""pid"":42440,""name"":""cmd.exe"",""cpu_percent"":0.0,""ws_mb"":7.4765625,""private_mb"":4.75390625},{""pid"":40608,""name"":""electron.exe"",""cpu_percent"":0.02547097121744063,""ws_mb"":109.7578125,""private_mb"":75.609375},{""pid"":43932,""name"":""cmd.exe"",""cpu_percent"":0.0,""ws_mb"":8.125,""private_mb"":4.60546875},{""pid"":12684,""name"":""powershell.exe"",""cpu_percent"":1.4773163306115566,""ws_mb"":123.23046875,""private_mb"":103.05859375},{""pid"":43292,""name"":""electron.exe"",""cpu_percent"":0.0,""ws_mb"":82.2265625,""private_mb"":39.34375},{""pid"":5676,""name"":""node.exe"",""cpu_percent"":0.0,""ws_mb"":66.68359375,""private_mb"":69.70703125},{""pid"":44532,""name"":""conhost.exe"",""cpu_percent"":0.0,""ws_mb"":6.4140625,""private_mb"":1.23046875},{""pid"":45452,""name"":""electron.exe"",""cpu_percent"":0.0,""ws_mb"":83.9765625,""private_mb"":69.4453125},{""pid"":43136,""name"":""electron.exe"",""cpu_percent"":0.0,""ws_mb"":38.77734375,""private_mb"":13.18359375},{""pid"":43860,""name"":""node.exe"",""cpu_percent"":0.0,""ws_mb"":40.91015625,""private_mb"":19.13671875}]"
"2026-10-01T20:07:03.9368063Z","4.6648379","1.81432706732782","577.92578125","402.6875","151","4056","11","","0","93.9799331103679","1.015625","5676;6016;12684;40608;42440;43136;43292;43860;43932;44532;45452","[{""pid"":6016,""name"":""conhost.exe"",""cpu_percent"":0.0,""ws_mb"":9.53125,""private_mb"":1.6875},{""pid"":42440,""name"":""cmd.exe"",""cpu_percent"":0.0,""ws_mb"":7.4765625,""private_mb"":4.75390625},{""pid"":40608,""name"":""electron.exe"",""cpu_percent"":0.027912724112735692,""ws_mb"":110.359375,""private_mb"":76.375},{""pid"":43932,""name"":""cmd.exe"",""cpu_percent"":0.0,""ws_mb"":8.125,""private_mb"":4.60546875},{""pid"":12684,""name"":""powershell.exe"",""cpu_percent"":1.7864143432150843,""ws_mb"":123.4453125,""private_mb"":103.21875},{""pid"":43292,""name"":""electron.exe"",""cpu_percent"":0.0,""ws_mb"":82.2265625,""private_mb"":39.34375},{""pid"":5676,""name"":""node.exe"",""cpu_percent"":0.0,""ws_mb"":66.68359375,""private_mb"":69.70703125},{""pid"":44532,""name"":""conhost.exe"",""cpu_percent"":0.0,""ws_mb"":6.4140625,""private_mb"":1.23046875},{""pid"":45452,""name"":""electron.exe"",""cpu_percent"":0.0,""ws_mb"":83.9765625,""private_mb"":69.4453125},{""pid"":43136,""name"":""electron.exe"",""cpu_percent"":0.0,""ws_mb"":38.77734375,""private_mb"":13.18359375},{""pid"":43860,""name"":""node.exe"",""cpu_percent"":0.0,""ws_mb"":40.91015625,""private_mb"":19.13671875}]"
"2026-10-01T20:07:08.7800342Z","4.8432279","2.2045386989394684","588.46484375","413.234375","151","3842","11","","0","77.60752688172043","1.28125","5676;6016;12684;40608;42440;43136;43292;43860;43932;44532;45452","[{""pid"":6016,""name"":""conhost.exe"",""cpu_percent"":0.0,""ws_mb"":9.53125,""private_mb"":1.6875},{""pid"":42440,""name"":""cmd.exe"",""cpu_percent"":0.0,""ws_mb"":7.4765625,""private_mb"":4.75390625},{""pid"":40608,""name"":""electron.exe"",""cpu_percent"":0.0,""ws_mb"":110.1015625,""private_mb"":76.09765625},{""pid"":43932,""name"":""cmd.exe"",""cpu_percent"":0.0,""ws_mb"":8.125,""private_mb"":4.60546875},{""pid"":12684,""name"":""powershell.exe"",""cpu_percent"":2.2045386989394684,""ws_mb"":134.2421875,""private_mb"":114.04296875},{""pid"":43292,""name"":""electron.exe"",""cpu_percent"":0.0,""ws_mb"":82.2265625,""private_mb"":39.34375},{""pid"":5676,""name"":""node.exe"",""cpu_percent"":0.0,""ws_mb"":66.68359375,""private_mb"":69.70703125},{""pid"":44532,""name"":""conhost.exe"",""cpu_percent"":0.0,""ws_mb"":6.4140625,""private_mb"":1.23046875},{""pid"":45452,""name"":""electron.exe"",""cpu_percent"":0.0,""ws_mb"":83.9765625,""private_mb"":69.4453125},{""pid"":43136,""name"":""electron.exe"",""cpu_percent"":0.0,""ws_mb"":38.77734375,""private_mb"":13.18359375},{""pid"":43860,""name"":""node.exe"",""cpu_percent"":0.0,""ws_mb"":40.91015625,""private_mb"":19.13671875}]"
"2026-10-01T20:07:13.4645832Z","4.684549","2.2792126485032678","589.55859375","414.43359375","151","3898","11","","0","61.52777777777778","1.28125","5676;6016;12684;40608;42440;43136;43292;43860;43932;44532;45452","[{""pid"":6016,""name"":""conhost.exe"",""cpu_percent"":0.0,""ws_mb"":9.53125,""private_mb"":1.6875},{""pid"":42440,""name"":""cmd.exe"",""cpu_percent"":0.0,""ws_mb"":7.4765625,""private_mb"":4.75390625},{""pid"":40608,""name"":""electron.exe"",""cpu_percent"":0.05559055240251873,""ws_mb"":111.15234375,""private_mb"":77.2421875},{""pid"":43932,""name"":""cmd.exe"",""cpu_percent"":0.0,""ws_mb"":8.125,""private_mb"":4.60546875},{""pid"":12684,""name"":""powershell.exe"",""cpu_percent"":2.223622096100749,""ws_mb"":134.28515625,""private_mb"":114.09765625},{""pid"":43292,""name"":""electron.exe"",""cpu_percent"":0.0,""ws_mb"":82.2265625,""private_mb"":39.34375},{""pid"":5676,""name"":""node.exe"",""cpu_percent"":0.0,""ws_mb"":66.68359375,""private_mb"":69.70703125},{""pid"":44532,""name"":""conhost.exe"",""cpu_percent"":0.0,""ws_mb"":6.4140625,""private_mb"":1.23046875},{""pid"":45452,""name"":""electron.exe"",""cpu_percent"":0.0,""ws_mb"":83.9765625,""private_mb"":69.4453125},{""pid"":43136,""name"":""electron.exe"",""cpu_percent"":0.0,""ws_mb"":38.77734375,""private_mb"":13.18359375},{""pid"":43860,""name"":""node.exe"",""cpu_percent"":0.0,""ws_mb"":40.91015625,""private_mb"":19.13671875}]"
"2026-10-01T20:07:18.9843312Z","5.519748","1.9815216201899073","594.8125","419.68359375","151","4376","11","","0","86.70915958451369","1.3125","5676;6016;12684;40608;42440;43136;43292;43860;43932;44532;45452","[{""pid"":6016,""name"":""conhost.exe"",""cpu_percent"":0.0,""ws_mb"":9.53125,""private_mb"":1.6875},{""pid"":42440,""name"":""cmd.exe"",""cpu_percent"":0.0,""ws_mb"":7.4765625,""private_mb"":4.75390625},{""pid"":40608,""name"":""electron.exe"",""cpu_percent"":0.04717908619499779,""ws_mb"":111.2421875,""private_mb"":77.33984375},{""pid"":43932,""name"":""cmd.exe"",""cpu_percent"":0.0,""ws_mb"":8.125,""private_mb"":4.60546875},{""pid"":12684,""name"":""powershell.exe"",""cpu_percent"":1.9343425339949094,""ws_mb"":139.44921875,""private_mb"":119.25},{""pid"":43292,""name"":""electron.exe"",""cpu_percent"":0.0,""ws_mb"":82.2265625,""private_mb"":39.34375},{""pid"":5676,""name"":""node.exe"",""cpu_percent"":0.0,""ws_mb"":66.68359375,""private_mb"":69.70703125},{""pid"":44532,""name"":""conhost.exe"",""cpu_percent"":0.0,""ws_mb"":6.4140625,""private_mb"":1.23046875},{""pid"":45452,""name"":""electron.exe"",""cpu_percent"":0.0,""ws_mb"":83.9765625,""private_mb"":69.4453125},{""pid"":43136,""name"":""electron.exe"",""cpu_percent"":0.0,""ws_mb"":38.77734375,""private_mb"":13.18359375},{""pid"":43860,""name"":""node.exe"",""cpu_percent"":0.0,""ws_mb"":40.91015625,""private_mb"":19.13671875}]"
"2026-10-01T20:07:23.9258406Z","4.9415094","2.5295914645027286","580.15234375","404.87109375","151","4763","11","","0","93.80274261603375","1.5","5676;6016;12684;40608;42440;43136;43292;43860;43932;44532;45452","[{""pid"":6016,""name"":""conhost.exe"",""cpu_percent"":0.0,""ws_mb"":9.53125,""private_mb"":1.6875},{""pid"":42440,""name"":""cmd.exe"",""cpu_percent"":0.0,""ws_mb"":7.4765625,""private_mb"":4.75390625},{""pid"":40608,""name"":""electron.exe"",""cpu_percent"":0.052699822177140185,""ws_mb"":110.7265625,""private_mb"":76.6640625},{""pid"":43932,""name"":""cmd.exe"",""cpu_percent"":0.0,""ws_mb"":8.125,""private_mb"":4.60546875},{""pid"":12684,""name"":""powershell.exe"",""cpu_percent"":2.4768916423255884,""ws_mb"":125.3046875,""private_mb"":105.11328125},{""pid"":43292,""name"":""electron.exe"",""cpu_percent"":0.0,""ws_mb"":82.2265625,""private_mb"":39.34375},{""pid"":5676,""name"":""node.exe"",""cpu_percent"":0.0,""ws_mb"":66.68359375,""private_mb"":69.70703125},{""pid"":44532,""name"":""conhost.exe"",""cpu_percent"":0.0,""ws_mb"":6.4140625,""private_mb"":1.23046875},{""pid"":45452,""name"":""electron.exe"",""cpu_percent"":0.0,""ws_mb"":83.9765625,""private_mb"":69.4453125},{""pid"":43136,""name"":""electron.exe"",""cpu_percent"":0.0,""ws_mb"":38.77734375,""private_mb"":13.18359375},{""pid"":43860,""name"":""node.exe"",""cpu_percent"":0.0,""ws_mb"":40.91015625,""private_mb"":19.13671875}]"
"2026-10-01T20:07:29.3665725Z","5.4407319","1.4598602686769646","564.39453125","391.19140625","157","4055","11","","0","96.37144903318215","0.953125","5676;6016;12684;40608;42440;43136;43292;43860;43932;44532;45452","[{""pid"":6016,""name"":""conhost.exe"",""cpu_percent"":0.0,""ws_mb"":9.578125,""private_mb"":1.76171875},{""pid"":42440,""name"":""cmd.exe"",""cpu_percent"":0.0,""ws_mb"":7.4765625,""private_mb"":4.75390625},{""pid"":40608,""name"":""electron.exe"",""cpu_percent"":0.023932135552081388,""ws_mb"":111.36328125,""private_mb"":77.35546875},{""pid"":43932,""name"":""cmd.exe"",""cpu_percent"":0.0,""ws_mb"":8.15625,""private_mb"":6.6171875},{""pid"":12684,""name"":""powershell.exe"",""cpu_percent"":1.4359281331248832,""ws_mb"":108.80078125,""private_mb"":88.59375},{""pid"":43292,""name"":""electron.exe"",""cpu_percent"":0.0,""ws_mb"":82.2265625,""private_mb"":39.34375},{""pid"":5676,""name"":""node.exe"",""cpu_percent"":0.0,""ws_mb"":66.71484375,""private_mb"":69.76953125},{""pid"":44532,""name"":""conhost.exe"",""cpu_percent"":0.0,""ws_mb"":6.4140625,""private_mb"":1.23046875},{""pid"":45452,""name"":""electron.exe"",""cpu_percent"":0.0,""ws_mb"":83.9765625,""private_mb"":69.4453125},{""pid"":43136,""name"":""electron.exe"",""cpu_percent"":0.0,""ws_mb"":38.77734375,""private_mb"":13.18359375},{""pid"":43860,""name"":""node.exe"",""cpu_percent"":0.0,""ws_mb"":40.91015625,""private_mb"":19.13671875}]"
"2026-10-01T20:07:33.6285292Z","4.2619567","1.8636295233438982","558.58203125","390.38671875","157","4066","11","","0","98.49831443456941","0.953125","5676;6016;12684;40608;42440;43136;43292;43860;43932;44532;45452","[{""pid"":6016,""name"":""conhost.exe"",""cpu_percent"":0.0,""ws_mb"":9.45703125,""private_mb"":1.76171875},{""pid"":42440,""name"":""cmd.exe"",""cpu_percent"":0.0,""ws_mb"":7.36328125,""private_mb"":4.75390625},{""pid"":40608,""name"":""electron.exe"",""cpu_percent"":0.06110260732275076,""ws_mb"":109.7890625,""private_mb"":76.23828125},{""pid"":43932,""name"":""cmd.exe"",""cpu_percent"":0.0,""ws_mb"":8.02734375,""private_mb"":6.6171875},{""pid"":12684,""name"":""powershell.exe"",""cpu_percent"":1.8025269160211475,""ws_mb"":108.62890625,""private_mb"":88.90625},{""pid"":43292,""name"":""electron.exe"",""cpu_percent"":0.0,""ws_mb"":81.69140625,""private_mb"":39.34375},{""pid"":5676,""name"":""node.exe"",""cpu_percent"":0.0,""ws_mb"":65.84375,""private_mb"":69.76953125},{""pid"":44532,""name"":""conhost.exe"",""cpu_percent"":0.0,""ws_mb"":6.328125,""private_mb"":1.23046875},{""pid"":45452,""name"":""electron.exe"",""cpu_percent"":0.0,""ws_mb"":83.359375,""private_mb"":69.4453125},{""pid"":43136,""name"":""electron.exe"",""cpu_percent"":0.0,""ws_mb"":37.9453125,""private_mb"":13.18359375},{""pid"":43860,""name"":""node.exe"",""cpu_percent"":0.0,""ws_mb"":40.1484375,""private_mb"":19.13671875}]"
"2026-10-01T20:07:38.9039375Z","5.2754083","2.4188491091138227","564.48046875","396.328125","157","3835","11","","0","85.47830374753451","1.53125","5676;6016;12684;40608;42440;43136;43292;43860;43932;44532;45452","[{""pid"":6016,""name"":""conhost.exe"",""cpu_percent"":0.0,""ws_mb"":9.45703125,""private_mb"":1.76171875},{""pid"":42440,""name"":""cmd.exe"",""cpu_percent"":0.0,""ws_mb"":7.36328125,""private_mb"":4.75390625},{""pid"":40608,""name"":""electron.exe"",""cpu_percent"":0.0,""ws_mb"":110.5234375,""private_mb"":77.08984375},{""pid"":43932,""name"":""cmd.exe"",""cpu_percent"":0.0,""ws_mb"":8.02734375,""private_mb"":6.6171875},{""pid"":12684,""name"":""powershell.exe"",""cpu_percent"":2.4188491091138227,""ws_mb"":113.79296875,""private_mb"":93.99609375},{""pid"":43292,""name"":""electron.exe"",""cpu_percent"":0.0,""ws_mb"":81.69140625,""private_mb"":39.34375},{""pid"":5676,""name"":""node.exe"",""cpu_percent"":0.0,""ws_mb"":65.84375,""private_mb"":69.76953125},{""pid"":44532,""name"":""conhost.exe"",""cpu_percent"":0.0,""ws_mb"":6.328125,""private_mb"":1.23046875},{""pid"":45452,""name"":""electron.exe"",""cpu_percent"":0.0,""ws_mb"":83.359375,""private_mb"":69.4453125},{""pid"":43136,""name"":""electron.exe"",""cpu_percent"":0.0,""ws_mb"":37.9453125,""private_mb"":13.18359375},{""pid"":43860,""name"":""node.exe"",""cpu_percent"":0.0,""ws_mb"":40.1484375,""private_mb"":19.13671875}]"
"2026-10-01T20:07:43.9877009Z","5.0837634","1.895331452023646","567.4375","401.41015625","172","4440","11","","0","91","1.15625","5676;6016;12684;40608;42440;43136;43292;43860;43932;44532;45452","[{""pid"":6016,""name"":""conhost.exe"",""cpu_percent"":0.0,""ws_mb"":9.45703125,""private_mb"":1.76171875},{""pid"":42440,""name"":""cmd.exe"",""cpu_percent"":0.0,""ws_mb"":7.39453125,""private_mb"":6.765625},{""pid"":40608,""name"":""electron.exe"",""cpu_percent"":0.0,""ws_mb"":110.734375,""private_mb"":77.3359375},{""pid"":43932,""name"":""cmd.exe"",""cpu_percent"":0.0,""ws_mb"":8.02734375,""private_mb"":6.6171875},{""pid"":12684,""name"":""powershell.exe"",""cpu_percent"":1.895331452023646,""ws_mb"":116.3203125,""private_mb"":96.5703125},{""pid"":43292,""name"":""electron.exe"",""cpu_percent"":0.0,""ws_mb"":81.72265625,""private_mb"":39.40625},{""pid"":5676,""name"":""node.exe"",""cpu_percent"":0.0,""ws_mb"":65.84375,""private_mb"":69.76953125},{""pid"":44532,""name"":""conhost.exe"",""cpu_percent"":0.0,""ws_mb"":6.34765625,""private_mb"":1.26953125},{""pid"":45452,""name"":""electron.exe"",""cpu_percent"":0.0,""ws_mb"":83.3828125,""private_mb"":69.47265625},{""pid"":43136,""name"":""electron.exe"",""cpu_percent"":0.0,""ws_mb"":38.02734375,""private_mb"":13.2421875},{""pid"":43860,""name"":""node.exe"",""cpu_percent"":0.0,""ws_mb"":40.1796875,""private_mb"":19.19921875}]"
"2026-10-01T20:07:49.0626222Z","5.0749213","2.1552058354087187","571.359375","405.3125","172","4021","11","","0","85.15384615384616","1.3125","5676;6016;12684;40608;42440;43136;43292;43860;43932;44532;45452","[{""pid"":6016,""name"":""conhost.exe"",""cpu_percent"":0.0,""ws_mb"":9.45703125,""private_mb"":1.76171875},{""pid"":42440,""name"":""cmd.exe"",""cpu_percent"":0.0,""ws_mb"":7.39453125,""private_mb"":6.765625},{""pid"":40608,""name"":""electron.exe"",""cpu_percent"":0.025657212326294268,""ws_mb"":110.5859375,""private_mb"":77.18359375},{""pid"":43932,""name"":""cmd.exe"",""cpu_percent"":0.0,""ws_mb"":8.02734375,""private_mb"":6.6171875},{""pid"":12684,""name"":""powershell.exe"",""cpu_percent"":2.1295486230824245,""ws_mb"":120.390625,""private_mb"":100.625},{""pid"":43292,""name"":""electron.exe"",""cpu_percent"":0.0,""ws_mb"":81.72265625,""private_mb"":39.40625},{""pid"":5676,""name"":""node.exe"",""cpu_percent"":0.0,""ws_mb"":65.84375,""private_mb"":69.76953125},{""pid"":44532,""name"":""conhost.exe"",""cpu_percent"":0.0,""ws_mb"":6.34765625,""private_mb"":1.26953125},{""pid"":45452,""name"":""electron.exe"",""cpu_percent"":0.0,""ws_mb"":83.3828125,""private_mb"":69.47265625},{""pid"":43136,""name"":""electron.exe"",""cpu_percent"":0.0,""ws_mb"":38.02734375,""private_mb"":13.2421875},{""pid"":43860,""name"":""node.exe"",""cpu_percent"":0.0,""ws_mb"":40.1796875,""private_mb"":19.19921875}]"
"2026-10-01T20:07:53.6558184Z","4.5931962","2.0410623870149505","564.35546875","398.34375","172","4054","11","","0","90.47619047619048","1.125","5676;6016;12684;40608;42440;43136;43292;43860;43932;44532;45452","[{""pid"":6016,""name"":""conhost.exe"",""cpu_percent"":0.0,""ws_mb"":9.45703125,""private_mb"":1.76171875},{""pid"":42440,""name"":""cmd.exe"",""cpu_percent"":0.0,""ws_mb"":7.39453125,""private_mb"":6.765625},{""pid"":40608,""name"":""electron.exe"",""cpu_percent"":0.08504426612562294,""ws_mb"":109.6015625,""private_mb"":76.1953125},{""pid"":43932,""name"":""cmd.exe"",""cpu_percent"":0.0,""ws_mb"":8.02734375,""private_mb"":6.6171875},{""pid"":12684,""name"":""powershell.exe"",""cpu_percent"":1.9560181208893275,""ws_mb"":114.37109375,""private_mb"":94.64453125},{""pid"":43292,""name"":""electron.exe"",""cpu_percent"":0.0,""ws_mb"":81.72265625,""private_mb"":39.40625},{""pid"":5676,""name"":""node.exe"",""cpu_percent"":0.0,""ws_mb"":65.84375,""private_mb"":69.76953125},{""pid"":44532,""name"":""conhost.exe"",""cpu_percent"":0.0,""ws_mb"":6.34765625,""private_mb"":1.26953125},{""pid"":45452,""name"":""electron.exe"",""cpu_percent"":0.0,""ws_mb"":83.3828125,""private_mb"":69.47265625},{""pid"":43136,""name"":""electron.exe"",""cpu_percent"":0.0,""ws_mb"":38.02734375,""private_mb"":13.2421875},{""pid"":43860,""name"":""node.exe"",""cpu_percent"":0.0,""ws_mb"":40.1796875,""private_mb"":19.19921875}]"
"2026-10-01T20:07:58.8406075Z","5.1847891","2.385784923569344","572.19140625","406.18359375","172","4007","11","","0","80.49698795180723","1.484375","5676;6016;12684;40608;42440;43136;43292;43860;43932;44532;45452","[{""pid"":6016,""name"":""conhost.exe"",""cpu_percent"":0.0,""ws_mb"":9.45703125,""private_mb"":1.76171875},{""pid"":42440,""name"":""cmd.exe"",""cpu_percent"":0.0,""ws_mb"":7.39453125,""private_mb"":6.765625},{""pid"":40608,""name"":""electron.exe"",""cpu_percent"":0.0,""ws_mb"":109.58203125,""private_mb"":76.1484375},{""pid"":43932,""name"":""cmd.exe"",""cpu_percent"":0.0,""ws_mb"":8.02734375,""private_mb"":6.6171875},{""pid"":12684,""name"":""powershell.exe"",""cpu_percent"":2.385784923569344,""ws_mb"":122.2265625,""private_mb"":102.53125},{""pid"":43292,""name"":""electron.exe"",""cpu_percent"":0.0,""ws_mb"":81.72265625,""private_mb"":39.40625},{""pid"":5676,""name"":""node.exe"",""cpu_percent"":0.0,""ws_mb"":65.84375,""private_mb"":69.76953125},{""pid"":44532,""name"":""conhost.exe"",""cpu_percent"":0.0,""ws_mb"":6.34765625,""private_mb"":1.26953125},{""pid"":45452,""name"":""electron.exe"",""cpu_percent"":0.0,""ws_mb"":83.3828125,""private_mb"":69.47265625},{""pid"":43136,""name"":""electron.exe"",""cpu_percent"":0.0,""ws_mb"":38.02734375,""private_mb"":13.2421875},{""pid"":43860,""name"":""node.exe"",""cpu_percent"":0.0,""ws_mb"":40.1796875,""private_mb"":19.19921875}]"
"2026-10-01T20:08:04.2555437Z","5.4149362","1.611091619755988","572.86328125","406.89453125","173","4128","11","","0","95.59248554913295","1.046875","5676;6016;12684;40608;42440;43136;43292;43860;43932;44532;45452","[{""pid"":6016,""name"":""conhost.exe"",""cpu_percent"":0.0,""ws_mb"":9.45703125,""private_mb"":1.76171875},{""pid"":42440,""name"":""cmd.exe"",""cpu_percent"":0.0,""ws_mb"":7.39453125,""private_mb"":6.765625},{""pid"":40608,""name"":""electron.exe"",""cpu_percent"":0.02404614357844758,""ws_mb"":109.765625,""private_mb"":76.3359375},{""pid"":43932,""name"":""cmd.exe"",""cpu_percent"":0.0,""ws_mb"":8.02734375,""private_mb"":6.6171875},{""pid"":12684,""name"":""powershell.exe"",""cpu_percent"":1.5870454761775403,""ws_mb"":122.71484375,""private_mb"":103.0546875},{""pid"":43292,""name"":""electron.exe"",""cpu_percent"":0.0,""ws_mb"":81.72265625,""private_mb"":39.40625},{""pid"":5676,""name"":""node.exe"",""cpu_percent"":0.0,""ws_mb"":65.84375,""private_mb"":69.76953125},{""pid"":44532,""name"":""conhost.exe"",""cpu_percent"":0.0,""ws_mb"":6.34765625,""private_mb"":1.26953125},{""pid"":45452,""name"":""electron.exe"",""cpu_percent"":0.0,""ws_mb"":83.3828125,""private_mb"":69.47265625},{""pid"":43136,""name"":""electron.exe"",""cpu_percent"":0.0,""ws_mb"":38.02734375,""private_mb"":13.2421875},{""pid"":43860,""name"":""node.exe"",""cpu_percent"":0.0,""ws_mb"":40.1796875,""private_mb"":19.19921875}]"
